{
    "EP481WW": {
        "product_title": "Рамка одинарная Jung Eco Profi, белая EP481WW",
        "product_brand": "JUNG",
        "product_series": "ECO Profi",
        "product_article": "EP481WW",
        "product_material": "белый глянцевый",
        "product_color": "Рамки",
        "product_type": "JUNG",
        "product_kind_material": "ECO Profi",
        "product_type_surface": "EP481WW",
        "product_halogen_free": "белый глянцевый",
        "product_mounting_orientation": "Рамки",
        "product_field_of_inscription": "дуропласт",
        "product_height": "глянцевый",
        "product_width": "да",
        "product_without_baffle": "горизонтальная,вертикальная",
        "product_hinged_lid": "нет",
        "product_degree_of_protection": "нет",
        "product_number_of_posts": "нет",
        "product_img": "https://jung-pro.ru//assets/images/products/2921/ep481ww.jpeg"
    },
    "EP482WW": {
        "product_title": "Рамка двойная Jung Eco Profi, белая EP482WW",
        "product_brand": "JUNG",
        "product_series": "ECO Profi",
        "product_article": "EP482WW",
        "product_material": "белый глянцевый",
        "product_color": "Рамки",
        "product_type": "JUNG",
        "product_kind_material": "ECO Profi",
        "product_type_surface": "EP482WW",
        "product_halogen_free": "белый глянцевый",
        "product_mounting_orientation": "Рамки",
        "product_field_of_inscription": "дуропласт",
        "product_height": "глянцевый",
        "product_width": "да",
        "product_without_baffle": "горизонтальная,вертикальная",
        "product_hinged_lid": "нет",
        "product_degree_of_protection": "нет",
        "product_number_of_posts": "нет",
        "product_img": "https://jung-pro.ru//assets/images/products/2922/ep482ww.jpeg"
    },
    "EP483WW": {
        "product_title": "Рамка тройная Jung Eco Profi, белая EP483WW",
        "product_brand": "JUNG",
        "product_series": "ECO Profi",
        "product_article": "EP483WW",
        "product_material": "белый глянцевый",
        "product_color": "Рамки",
        "product_type": "JUNG",
        "product_kind_material": "ECO Profi",
        "product_type_surface": "EP483WW",
        "product_halogen_free": "белый глянцевый",
        "product_mounting_orientation": "Рамки",
        "product_field_of_inscription": "дуропласт",
        "product_height": "глянцевый",
        "product_width": "да",
        "product_without_baffle": "горизонтальная,вертикальная",
        "product_hinged_lid": "нет",
        "product_degree_of_protection": "нет",
        "product_number_of_posts": "нет",
        "product_img": "https://jung-pro.ru//assets/images/products/2923/ep483ww.jpeg"
    },
    "EP484WW": {
        "product_title": "Рамка четверная Jung Eco Profi, белая EP484WW",
        "product_brand": "JUNG",
        "product_series": "ECO Profi",
        "product_article": "EP484WW",
        "product_material": "белый глянцевый",
        "product_color": "Рамки",
        "product_type": "JUNG",
        "product_kind_material": "ECO Profi",
        "product_type_surface": "EP484WW",
        "product_halogen_free": "белый глянцевый",
        "product_mounting_orientation": "Рамки",
        "product_field_of_inscription": "дуропласт",
        "product_height": "глянцевый",
        "product_width": "да",
        "product_without_baffle": "горизонтальная,вертикальная",
        "product_hinged_lid": "нет",
        "product_degree_of_protection": "нет",
        "product_number_of_posts": "нет",
        "product_img": "https://jung-pro.ru//assets/images/products/2924/ep484ww.jpeg"
    },
    "EP485WW": {
        "product_title": "Рамка пятерная Jung Eco Profi, белая EP485WW",
        "product_brand": "JUNG",
        "product_series": "ECO Profi",
        "product_article": "EP485WW",
        "product_material": "белый глянцевый",
        "product_color": "Рамки",
        "product_type": "JUNG",
        "product_kind_material": "ECO Profi",
        "product_type_surface": "EP485WW",
        "product_halogen_free": "белый глянцевый",
        "product_mounting_orientation": "Рамки",
        "product_field_of_inscription": "дуропласт",
        "product_height": "глянцевый",
        "product_width": "да",
        "product_without_baffle": "горизонтальная,вертикальная",
        "product_hinged_lid": "нет",
        "product_degree_of_protection": "нет",
        "product_number_of_posts": "нет",
        "product_img": "https://jung-pro.ru//assets/images/products/2925/ep485ww.jpeg"
    },
    "EP490WW + EP401U": {
        "product_title": "Выключатель одноклавишный Eco Profi 10А, белый EP490WW + EP401U",
        "product_brand": "JUNG",
        "product_series": "ECO Profi, Eco Profi Deco, ECO Profi Standart",
        "product_article": "EP490WW + EP401U",
        "product_material": "белый глянцевый",
        "product_color": "Выключатели",
        "product_type": "JUNG",
        "product_kind_material": "ECO Profi, Eco Profi Deco, ECO Profi Standart",
        "product_type_surface": "EP490WW + EP401U",
        "product_halogen_free": "белый глянцевый",
        "product_mounting_orientation": "Выключатели",
        "product_field_of_inscription": "дуропласт",
        "product_height": "глянцевый",
        "product_width": "да",
        "product_without_baffle": "в сборе с механизмом",
        "product_hinged_lid": "нет",
        "product_degree_of_protection": "220-250В",
        "product_number_of_posts": "нет",
        "product_other_1": "Jung  ECO Profi. Клавиша для выключателя или кнопки, белая EP490WW        \n\n\nартикул: EP490WW",
        "product_other_2": "Jung  ECO Profi Механизм выключателя 10АХ, 250V~ однополюсный; белый EP401U        \n\n\nартикул: EP401U",
        "product_img": "https://jung-pro.ru//assets/images/products/2952/ep490ww.jpeg"
    },
    "EP490WW + EP406U": {
        "product_title": "Выключатель одноклавишный проходной ( с 2-х мест) Eco Profi  10А, белый EP490WW + EP406U",
        "product_brand": "JUNG",
        "product_series": "ECO Profi, Eco Profi Deco, ECO Profi Standart",
        "product_article": "EP490WW + EP406U",
        "product_material": "белый глянцевый",
        "product_color": "Выключатели",
        "product_type": "JUNG",
        "product_kind_material": "ECO Profi, Eco Profi Deco, ECO Profi Standart",
        "product_type_surface": "EP490WW + EP406U",
        "product_halogen_free": "белый глянцевый",
        "product_mounting_orientation": "Выключатели",
        "product_field_of_inscription": "дуропласт",
        "product_height": "глянцевый",
        "product_width": "да",
        "product_without_baffle": "в сборе с механизмом",
        "product_hinged_lid": "нет",
        "product_degree_of_protection": "220-250В",
        "product_number_of_posts": "нет",
        "product_other_1": "Jung  ECO Profi. Клавиша для выключателя или кнопки, белая EP490WW        \n\n\nартикул: EP490WW",
        "product_other_2": "Jung  ECO Profi. Механизм проходного выключателя 10АХ, 250V~  с 2-х мест белый EP406U        \n\n\nартикул: EP406U",
        "product_img": "https://jung-pro.ru//assets/images/products/2954/ep490ww.jpeg"
    },
    "EP490KOWW + EP401U + 90": {
        "product_title": "Выключатель одноклавишный с подсветкой Eco Profi  10А, белый EP490KOWW + EP401U + 90",
        "product_brand": "JUNG",
        "product_series": "ECO Profi, Eco Profi Deco, ECO Profi Standart",
        "product_article": "EP490KOWW + EP401U + 90",
        "product_material": "белый глянцевый",
        "product_color": "Выключатели",
        "product_type": "JUNG",
        "product_kind_material": "ECO Profi, Eco Profi Deco, ECO Profi Standart",
        "product_type_surface": "EP490KOWW + EP401U + 90",
        "product_halogen_free": "белый глянцевый",
        "product_mounting_orientation": "Выключатели",
        "product_field_of_inscription": "дуропласт",
        "product_height": "глянцевый",
        "product_width": "да",
        "product_without_baffle": "в сборе с механизмом",
        "product_hinged_lid": "нет",
        "product_degree_of_protection": "220-250В",
        "product_number_of_posts": "нет",
        "product_other_1": "Клавиша для выключателя с окошком для подсветки; белая EP490KOWW        \n\n\nартикул: EP490KOWW",
        "product_other_2": "Jung  ECO Profi Механизм выключателя 10АХ, 250V~ однополюсный; белый EP401U        \n\n\nартикул: EP401U",
        "product_other_3": "Jung Мех Лампа неоновая для 1-клавишных механизмов 230V, 1,1mA 90        \n\n\nартикул: 90",
        "product_img": "https://jung-pro.ru//assets/images/products/2955/ep490koww.jpeg"
    },
    "EP490KOWW + EP406U + 90": {
        "product_title": "Выключатель одноклавишный проходной ( с 2-х мест) с подсветкой Eco Profi  10А, белый EP490KOWW + EP406U + 90",
        "product_brand": "JUNG",
        "product_series": "ECO Profi, Eco Profi Deco, ECO Profi Standart",
        "product_article": "EP490KOWW + EP406U + 90",
        "product_material": "белый глянцевый",
        "product_color": "Выключатели",
        "product_type": "JUNG",
        "product_kind_material": "ECO Profi, Eco Profi Deco, ECO Profi Standart",
        "product_type_surface": "EP490KOWW + EP406U + 90",
        "product_halogen_free": "белый глянцевый",
        "product_mounting_orientation": "Выключатели",
        "product_field_of_inscription": "дуропласт",
        "product_height": "глянцевый",
        "product_width": "да",
        "product_without_baffle": "в сборе с механизмом",
        "product_hinged_lid": "нет",
        "product_degree_of_protection": "220-250В",
        "product_number_of_posts": "нет",
        "product_other_1": "Клавиша для выключателя с окошком для подсветки; белая EP490KOWW        \n\n\nартикул: EP490KOWW",
        "product_other_2": "Jung  ECO Profi. Механизм проходного выключателя 10АХ, 250V~  с 2-х мест белый EP406U        \n\n\nартикул: EP406U",
        "product_other_3": "Jung Мех Лампа неоновая для 1-клавишных механизмов 230V, 1,1mA 90        \n\n\nартикул: 90",
        "product_img": "https://jung-pro.ru//assets/images/products/2956/ep490koww.jpeg"
    },
    "EP490WW + EP407U": {
        "product_title": "Выключатель одноклавишный перекрестный ( с 3-х мест) Eco Profi  10А, белый EP490WW + EP407U",
        "product_brand": "JUNG",
        "product_series": "ECO Profi, Eco Profi Deco, ECO Profi Standart",
        "product_article": "EP490WW + EP407U",
        "product_material": "белый глянцевый",
        "product_color": "Выключатели",
        "product_type": "JUNG",
        "product_kind_material": "ECO Profi, Eco Profi Deco, ECO Profi Standart",
        "product_type_surface": "EP490WW + EP407U",
        "product_halogen_free": "белый глянцевый",
        "product_mounting_orientation": "Выключатели",
        "product_field_of_inscription": "дуропласт",
        "product_height": "глянцевый",
        "product_width": "да",
        "product_without_baffle": "в сборе с механизмом",
        "product_hinged_lid": "нет",
        "product_degree_of_protection": "220-250В",
        "product_number_of_posts": "нет",
        "product_other_1": "Jung  ECO Profi. Клавиша для выключателя или кнопки, белая EP490WW        \n\n\nартикул: EP490WW",
        "product_other_2": "Jung EcoProfi Механизм выключателя перекрестного (с 3-х мест) 10AX 250V EP407U        \n\n\nартикул: EP407U",
        "product_img": "https://jung-pro.ru//assets/images/products/2957/ep490ww.jpeg"
    },
    "EP495WW + EP409U": {
        "product_title": "Выключатель двухклавишный проходной ( с 2-х мест) Eco Profi  10А, белый EP495WW + EP409U",
        "product_brand": "JUNG",
        "product_series": "ECO Profi, Eco Profi Deco, ECO Profi Standart",
        "product_article": "EP495WW + EP409U",
        "product_material": "белый глянцевый",
        "product_color": "Выключатели",
        "product_type": "JUNG",
        "product_kind_material": "ECO Profi, Eco Profi Deco, ECO Profi Standart",
        "product_type_surface": "EP495WW + EP409U",
        "product_halogen_free": "белый глянцевый",
        "product_mounting_orientation": "Выключатели",
        "product_field_of_inscription": "дуропласт",
        "product_height": "глянцевый",
        "product_width": "да",
        "product_without_baffle": "в сборе с механизмом",
        "product_hinged_lid": "нет",
        "product_degree_of_protection": "220-250В",
        "product_number_of_posts": "нет",
        "product_other_1": "Jung  ECO Profi. Клавиши для сдвоенного выключателя, белые EP495WW        \n\n\nартикул: EP495WW",
        "product_other_2": "Jung EcoProfi Механизм выключателя проходного 2-х клавишного 10AХ 250V EP409U        \n\n\nартикул: EP409U",
        "product_img": "https://jung-pro.ru//assets/images/products/2958/ep495ww.jpeg"
    },
    "EP1420WW": {
        "product_title": "Розетка электрическая с заземлением 16А  Eco Profi, белая EP1420WW",
        "product_brand": "JUNG",
        "product_series": "ECO Profi, Eco Profi Deco, ECO Profi Standart",
        "product_article": "EP1420WW",
        "product_material": "белый глянцевый",
        "product_color": "Розетки электрические",
        "product_type": "одинарная",
        "product_kind_material": "JUNG",
        "product_type_surface": "ECO Profi, Eco Profi Deco, ECO Profi Standart",
        "product_halogen_free": "EP1420WW",
        "product_mounting_orientation": "белый глянцевый",
        "product_field_of_inscription": "Розетки электрические",
        "product_height": "дуропласт",
        "product_width": "глянцевый",
        "product_without_baffle": "да",
        "product_hinged_lid": "в сборе с механизмом",
        "product_degree_of_protection": "нет",
        "product_number_of_posts": "220-250В",
        "product_img": "https://jung-pro.ru//assets/images/products/2941/ep421kiww.jpeg"
    },
    "EP1420KIWW": {
        "product_title": "Розетка электрическая с заземлением со шторками 16А Eco Profi, белая EP1420KIWW",
        "product_brand": "JUNG",
        "product_series": "ECO Profi, Eco Profi Deco, ECO Profi Standart",
        "product_article": "EP1420KIWW",
        "product_material": "белый глянцевый",
        "product_color": "Розетки электрические",
        "product_type": "одинарная",
        "product_kind_material": "JUNG",
        "product_type_surface": "ECO Profi, Eco Profi Deco, ECO Profi Standart",
        "product_halogen_free": "EP1420KIWW",
        "product_mounting_orientation": "белый глянцевый",
        "product_field_of_inscription": "Розетки электрические",
        "product_height": "дуропласт",
        "product_width": "глянцевый",
        "product_without_baffle": "да",
        "product_hinged_lid": "в сборе с механизмом",
        "product_degree_of_protection": "нет",
        "product_number_of_posts": "220-250В",
        "product_img": "https://jung-pro.ru//assets/images/products/2942/ep421kiww.jpeg"
    },
    "AS5020UWW": {
        "product_title": "Розетка двойная с заземлением литая, белая AS5020UWW",
        "product_brand": "JUNG",
        "product_series": "AS 500, ECO Profi, Eco Profi Deco, ECO Profi Standart",
        "product_article": "AS5020UWW",
        "product_material": "белый глянцевый",
        "product_color": "Розетки электрические",
        "product_type": "одинарная",
        "product_kind_material": "JUNG",
        "product_type_surface": "AS 500, ECO Profi, Eco Profi Deco, ECO Profi Standart",
        "product_halogen_free": "AS5020UWW",
        "product_mounting_orientation": "белый глянцевый",
        "product_field_of_inscription": "Розетки электрические",
        "product_height": "дуропласт",
        "product_width": "глянцевый",
        "product_without_baffle": "да",
        "product_hinged_lid": "в сборе с механизмом",
        "product_degree_of_protection": "нет",
        "product_number_of_posts": "220-250В",
        "product_img": "https://jung-pro.ru//assets/images/products/2943/as5020uww.jpeg"
    },
    "AS1520KLWW": {
        "product_title": "Розетка с заземляющими контактами 16 А / 250 В~, с откидной крышкой AS1520KLWW",
        "product_brand": "JUNG",
        "product_series": "AS 500, ECO Profi, Eco Profi Deco, ECO Profi Standart",
        "product_article": "AS1520KLWW",
        "product_material": "белый глянцевый",
        "product_color": "Розетки электрические",
        "product_type": "одинарная",
        "product_kind_material": "JUNG",
        "product_type_surface": "AS 500, ECO Profi, Eco Profi Deco, ECO Profi Standart",
        "product_halogen_free": "AS1520KLWW",
        "product_mounting_orientation": "белый глянцевый",
        "product_field_of_inscription": "Розетки электрические",
        "product_height": "дуропласт",
        "product_width": "глянцевый",
        "product_without_baffle": "да",
        "product_hinged_lid": "в сборе с механизмом",
        "product_degree_of_protection": "нет",
        "product_number_of_posts": "220-250В",
        "product_img": "https://jung-pro.ru//assets/images/products/101/as520klww.jpg"
    },
    "551WU + AS1520KLWW": {
        "product_title": "Розетка с заземляющими контактами 16 А / 250 В~, с откидной крышкой и уплотнительной мембраной IP44 551WU + AS1520KLWW",
        "product_brand": "Jung",
        "product_series": "AS 500, ECO Profi, Eco Profi Deco, ECO Profi Standart",
        "product_article": "551WU + AS1520KLWW",
        "product_material": "белый глянцевый",
        "product_color": "Розетки электрические",
        "product_type": "одинарная",
        "product_kind_material": "Jung",
        "product_type_surface": "AS 500, ECO Profi, Eco Profi Deco, ECO Profi Standart",
        "product_halogen_free": "551WU + AS1520KLWW",
        "product_mounting_orientation": "белый глянцевый",
        "product_field_of_inscription": "Розетки электрические",
        "product_height": "дуропласт",
        "product_width": "глянцевый",
        "product_without_baffle": "да",
        "product_hinged_lid": "в сборе с механизмом",
        "product_degree_of_protection": "нет",
        "product_number_of_posts": "220-250В",
        "product_other_1": "Уплотнительная мембрана для влагозащиты 551WU        \n\n\nартикул: 551WU",
        "product_other_2": "Розетка с заземляющими контактами 16 А / 250 В~, с откидной крышкой AS1520KLWW        \n\n\nартикул: AS1520KLWW                            материал: пластик                            цвет: белый глянцевый",
        "product_img": "https://jung-pro.ru//assets/images/products/1274/f709b6a926081040bbea04701a65733c.jpg"
    },
    "A1520-18AWW": {
        "product_title": "Розетка с заземлением + USB тип A, Jung 16А/250В белый глянцевый A1520-18AWW",
        "product_brand": "JUNG",
        "product_series": "A 500, A creation, A plus, AS 500, ECO Profi, Eco Profi Deco, A Flow, A 550, ECO Profi Standart",
        "product_article": "A1520-18AWW",
        "product_material": "белый глянцевый",
        "product_color": "Розетки электрические",
        "product_type": "двойная",
        "product_kind_material": "JUNG",
        "product_type_surface": "A 500, A creation, A plus, AS 500, ECO Profi, Eco Profi Deco, A Flow, A 550, ECO Profi Standart",
        "product_halogen_free": "A1520-18AWW",
        "product_mounting_orientation": "белый глянцевый",
        "product_field_of_inscription": "Розетки электрические",
        "product_height": "дуропласт",
        "product_width": "глянцевый",
        "product_without_baffle": "да",
        "product_hinged_lid": "лапками и винтами",
        "product_degree_of_protection": "220-250В",
        "product_number_of_posts": "нет",
        "product_img": "https://jung-pro.ru//assets/images/products/3347/jung-a1520-18aww.png"
    },
    "A1520-18CWW": {
        "product_title": "Розетка с заземлением + USB тип C, Jung 16А/250В белый глянцевый A1520-18CWW",
        "product_brand": "JUNG",
        "product_series": "A 500, A creation, A plus, AS 500, ECO Profi, Eco Profi Deco, A Flow, A 550, ECO Profi Standart",
        "product_article": "A1520-18CWW",
        "product_material": "белый глянцевый",
        "product_color": "Розетки электрические",
        "product_type": "двойная",
        "product_kind_material": "JUNG",
        "product_type_surface": "A 500, A creation, A plus, AS 500, ECO Profi, Eco Profi Deco, A Flow, A 550, ECO Profi Standart",
        "product_halogen_free": "A1520-18CWW",
        "product_mounting_orientation": "белый глянцевый",
        "product_field_of_inscription": "Розетки электрические",
        "product_height": "дуропласт",
        "product_width": "глянцевый",
        "product_without_baffle": "да",
        "product_hinged_lid": "лапками и винтами",
        "product_degree_of_protection": "220-250В",
        "product_number_of_posts": "нет",
        "product_img": "https://jung-pro.ru//assets/images/products/3354/jung-a1520-18cww.png"
    },
    "A1520-15CAWW": {
        "product_title": "Розетка с заземлением + USB тип A+C, Jung 16А/250В белый глянцевый A1520-15CAWW",
        "product_brand": "JUNG",
        "product_series": "A 500, A creation, A plus, AS 500, ECO Profi, Eco Profi Deco, A Flow, A 550, ECO Profi Standart",
        "product_article": "A1520-15CAWW",
        "product_material": "белый глянцевый",
        "product_color": "Розетки электрические",
        "product_type": "тройная",
        "product_kind_material": "JUNG",
        "product_type_surface": "A 500, A creation, A plus, AS 500, ECO Profi, Eco Profi Deco, A Flow, A 550, ECO Profi Standart",
        "product_halogen_free": "A1520-15CAWW",
        "product_mounting_orientation": "белый глянцевый",
        "product_field_of_inscription": "Розетки электрические",
        "product_height": "дуропласт",
        "product_width": "глянцевый",
        "product_without_baffle": "да",
        "product_hinged_lid": "лапками и винтами",
        "product_degree_of_protection": "220-250В",
        "product_number_of_posts": "нет",
        "product_img": "https://jung-pro.ru//assets/images/products/3361/jung-a1520-15caww.png"
    },
    "A569PLTWW + USB15CAWW": {
        "product_title": "Розетка USB двойная для зарядки тип А+С, 2x700мA, винтовой зажим, белый глянцевый A569PLTWW + USB15CAWW",
        "product_brand": "JUNG",
        "product_series": "A 500, A creation, A plus, AS 500, ECO Profi, Eco Profi Deco, A Flow, A 550, ECO Profi Standart",
        "product_article": "A569PLTWW + USB15CAWW",
        "product_material": "белый глянцевый",
        "product_color": "Розетки USB",
        "product_type": "двойная",
        "product_kind_material": "JUNG",
        "product_type_surface": "A 500, A creation, A plus, AS 500, ECO Profi, Eco Profi Deco, A Flow, A 550, ECO Profi Standart",
        "product_halogen_free": "A569PLTWW + USB15CAWW",
        "product_mounting_orientation": "белый глянцевый",
        "product_field_of_inscription": "Розетки USB",
        "product_height": "дуропласт",
        "product_width": "глянцевый",
        "product_without_baffle": "да",
        "product_hinged_lid": "в сборе с механизмом",
        "product_degree_of_protection": "220-250В",
        "product_number_of_posts": "нет",
        "product_other_1": "Jung A 500 Белая накладка розетки TAE, моно-/стерео аудио розетки A569PLTWW        \n\n\nартикул: A569PLTWW",
        "product_other_2": "Jung механизм USB-розетки тип А+С, 2 гнезда, до 1,4 А/ч USB15CAWW        \n\n\nартикул: USB15CAWW",
        "product_img": "https://jung-pro.ru//assets/images/products/3019/a569pltww.jpg"
    },
    "S2900 + A561PLTVWW": {
        "product_title": "Розетка телевизионная оконечная TV FM, диапазон частот от 4 до 2400 MГц S2900 + A561PLTVWW",
        "product_brand": "Jung",
        "product_series": "A 500, A creation, A plus, AS 500, ECO Profi, Eco Profi Deco, A Flow, A 550, ECO Profi Standart",
        "product_article": "S2900 + A561PLTVWW",
        "product_material": "белый глянцевый",
        "product_color": "Розетки TV",
        "product_type": "Jung",
        "product_kind_material": "A 500, A creation, A plus, AS 500, ECO Profi, Eco Profi Deco, A Flow, A 550, ECO Profi Standart",
        "product_type_surface": "S2900 + A561PLTVWW",
        "product_halogen_free": "белый глянцевый",
        "product_mounting_orientation": "Розетки TV",
        "product_field_of_inscription": "дуропласт",
        "product_height": "глянцевый",
        "product_width": "да",
        "product_without_baffle": "в сборе с механизмом",
        "product_hinged_lid": "220-250В",
        "product_degree_of_protection": "нет",
        "product_number_of_posts": "механизм с накладкой",
        "product_other_1": "Jung A 500 Белая накладка TV-FM розетки A561PLTVWW        \n\n\nартикул: A561PLTVWW",
        "product_other_2": "TV-FM оконечная розетка S2900        \n\n\nартикул: S2900",
        "product_img": "https://jung-pro.ru//assets/images/products/1079/31a83d8c704163a5d4de5cb902b06534.jpg"
    },
    "A561PLTVWW + S2900-10": {
        "product_title": "Розетка телевизионная проходная TV FM, диапазон частот от 4 до 2400 MГц A561PLTVWW + S2900-10",
        "product_brand": "Jung",
        "product_series": "A 500, A creation, A plus, AS 500, ECO Profi, Eco Profi Deco, A Flow, A 550, ECO Profi Standart",
        "product_article": "A561PLTVWW + S2900-10",
        "product_material": "белый глянцевый",
        "product_color": "Розетки TV",
        "product_type": "Jung",
        "product_kind_material": "A 500, A creation, A plus, AS 500, ECO Profi, Eco Profi Deco, A Flow, A 550, ECO Profi Standart",
        "product_type_surface": "A561PLTVWW + S2900-10",
        "product_halogen_free": "белый глянцевый",
        "product_mounting_orientation": "Розетки TV",
        "product_field_of_inscription": "дуропласт",
        "product_height": "глянцевый",
        "product_width": "да",
        "product_without_baffle": "в сборе с механизмом",
        "product_hinged_lid": "220-250В",
        "product_degree_of_protection": "нет",
        "product_number_of_posts": "механизм с накладкой",
        "product_other_1": "Jung A 500 Белая накладка TV-FM розетки A561PLTVWW        \n\n\nартикул: A561PLTVWW",
        "product_other_2": "TV-FM оконечная розетка, проходная S2900-10        \n\n\nартикул: S2900-10",
        "product_img": "https://jung-pro.ru//assets/images/products/1080/2632bf1abb6e9b2c332ec7988fcdca39.jpg"
    },
    "S4100 + A561PLSATWW": {
        "product_title": "Розетка телевизионная оконечная TV SAT FM, диапазон частот от 4 до 2400 MГц S4100 + A561PLSATWW",
        "product_brand": "Jung",
        "product_series": "A 500, A creation, A plus, AS 500, ECO Profi, Eco Profi Deco, A Flow, A 550, ECO Profi Standart",
        "product_article": "S4100 + A561PLSATWW",
        "product_material": "белый глянцевый",
        "product_color": "Розетки TV",
        "product_type": "Jung",
        "product_kind_material": "A 500, A creation, A plus, AS 500, ECO Profi, Eco Profi Deco, A Flow, A 550, ECO Profi Standart",
        "product_type_surface": "S4100 + A561PLSATWW",
        "product_halogen_free": "белый глянцевый",
        "product_mounting_orientation": "Розетки TV",
        "product_field_of_inscription": "дуропласт",
        "product_height": "глянцевый",
        "product_width": "да",
        "product_without_baffle": "в сборе с механизмом",
        "product_hinged_lid": "220-250В",
        "product_degree_of_protection": "нет",
        "product_number_of_posts": "механизм с накладкой",
        "product_other_1": "Jung A 500 Белая накладка TV-SAT-FM розетки A561PLSATWW        \n\n\nартикул: A561PLSATWW",
        "product_other_2": "Розетка универсальная для систем приема спутникового, эфирного и кабельного вещания, оконечная S4100        \n\n\nартикул: S4100",
        "product_img": "https://jung-pro.ru//assets/images/products/1084/abfc7ea15f9e9ab0170d089649618f5e.jpg"
    },
    "S4110 + A561PLSATWW": {
        "product_title": "Розетка телевизионная проходная TV SAT FM, диапазон частот от 4 до 2400 MГц S4110 + A561PLSATWW",
        "product_brand": "JUNG",
        "product_series": "A 500, A creation, A plus, AS 500, ECO Profi, Eco Profi Deco, A Flow, A 550, ECO Profi Standart",
        "product_article": "S4110 + A561PLSATWW",
        "product_material": "белый глянцевый",
        "product_color": "Розетки TV",
        "product_type": "JUNG",
        "product_kind_material": "A 500, A creation, A plus, AS 500, ECO Profi, Eco Profi Deco, A Flow, A 550, ECO Profi Standart",
        "product_type_surface": "S4110 + A561PLSATWW",
        "product_halogen_free": "белый глянцевый",
        "product_mounting_orientation": "Розетки TV",
        "product_field_of_inscription": "дуропласт",
        "product_height": "глянцевый",
        "product_width": "да",
        "product_without_baffle": "в сборе с механизмом",
        "product_hinged_lid": "220-250В",
        "product_degree_of_protection": "нет",
        "product_number_of_posts": "механизм с накладкой",
        "product_other_1": "Jung A 500 Белая накладка TV-SAT-FM розетки A561PLSATWW        \n\n\nартикул: A561PLSATWW",
        "product_other_2": "Jung Мех Розетка TV-FM-SAT проходная S4110        \n\n\nартикул: S4110",
        "product_img": "https://jung-pro.ru//assets/images/products/1989/a561plsatww.jpg"
    },
    "EPUAE8UPO + A569-1PLUAWW": {
        "product_title": "Розетка телефонная одинарная RJ11 EPUAE8UPO + A569-1PLUAWW",
        "product_brand": "Jung",
        "product_series": "A 500, A creation, A plus, AS 500, ECO Profi, Eco Profi Deco, A Flow, A 550, ECO Profi Standart",
        "product_article": "EPUAE8UPO + A569-1PLUAWW",
        "product_material": "белый глянцевый",
        "product_color": "Розетки телеф/комп",
        "product_type": "одинарная",
        "product_kind_material": "Jung",
        "product_type_surface": "A 500, A creation, A plus, AS 500, ECO Profi, Eco Profi Deco, A Flow, A 550, ECO Profi Standart",
        "product_halogen_free": "EPUAE8UPO + A569-1PLUAWW",
        "product_mounting_orientation": "белый глянцевый",
        "product_field_of_inscription": "Розетки телеф/комп",
        "product_height": "дуропласт",
        "product_width": "глянцевый",
        "product_without_baffle": "да",
        "product_hinged_lid": "в сборе с механизмом",
        "product_degree_of_protection": "220-250В",
        "product_number_of_posts": "нет",
        "product_other_1": "Jung AS 500 Белая накладка 1-ой наклонной ТЛФ/комп розетки A569-1PLUAWW        \n\n\nартикул: A569-1PLUAWW",
        "product_other_2": "Jung Телефонная UAE розетка, 8-ми полюсная; один терминал EPUAE8UPO        \n\n\nартикул: EPUAE8UPO",
        "product_img": "https://jung-pro.ru//assets/images/products/1208/8a065666484b4f0695668a01147444af.jpg"
    },
    "EPUAE8-8UPO + A569-2BFPLUAWW": {
        "product_title": "Розетка телефонная двойная RJ11 EPUAE8-8UPO + A569-2BFPLUAWW",
        "product_brand": "Jung",
        "product_series": "A 500, A creation, A plus, AS 500, ECO Profi, Eco Profi Deco, A Flow, A 550, ECO Profi Standart",
        "product_article": "EPUAE8-8UPO + A569-2BFPLUAWW",
        "product_material": "белый глянцевый",
        "product_color": "Розетки телеф/комп",
        "product_type": "двойная",
        "product_kind_material": "Jung",
        "product_type_surface": "A 500, A creation, A plus, AS 500, ECO Profi, Eco Profi Deco, A Flow, A 550, ECO Profi Standart",
        "product_halogen_free": "EPUAE8-8UPO + A569-2BFPLUAWW",
        "product_mounting_orientation": "белый глянцевый",
        "product_field_of_inscription": "Розетки телеф/комп",
        "product_height": "дуропласт",
        "product_width": "глянцевый",
        "product_without_baffle": "да",
        "product_hinged_lid": "в сборе с механизмом",
        "product_degree_of_protection": "220-250В",
        "product_number_of_posts": "нет",
        "product_other_1": "Jung AS 500 белая накладка 2-ой наклонной ТЛФ/комп розетки A569-2BFPLUAWW        \n\n\nартикул: A569-2BFPLUAWW",
        "product_other_2": "Jung телефонная UAE розетка, 8-ми полюсная; два терминала EPUAE8-8UPO        \n\n\nартикул: EPUAE8-8UPO",
        "product_img": "https://jung-pro.ru//assets/images/products/1205/700640ca97ae4a53b39c477245b7a358.jpg"
    }
}