{
    "EP481WW": {
        "product_title": "Рамка одинарная Jung Eco Profi, белая EP481WW",
        "product_brand": "JUNG",
        "product_series": "ECO Profi",
        "product_article": "EP481WW",
        "product_material": "белый глянцевый",
        "product_color": "Рамки",
        "product_type": "JUNG",
        "product_kind_material": "ECO Profi",
        "product_type_surface": "EP481WW",
        "product_halogen_free": "белый глянцевый",
        "product_mounting_orientation": "Рамки",
        "product_field_of_inscription": "дуропласт",
        "product_height": "глянцевый",
        "product_width": "да",
        "product_without_baffle": "горизонтальная,вертикальная",
        "product_hinged_lid": "нет",
        "product_degree_of_protection": "нет",
        "product_number_of_posts": "нет",
        "product_img": "https://jung-pro.ru//assets/images/products/2921/ep481ww.jpeg"
    }
}