{
    "AF584BFAL": {
        "product_title": "Рамка четверная Jung A Flow алюминий AF584BFAL",
        "product_brand": "Jung",
        "product_series": "A Flow",
        "product_article": "AF584BFAL",
        "product_material": "алюминий",
        "product_color": "Рамки",
        "product_type": "Jung",
        "product_kind_material": "A Flow",
        "product_type_surface": "AF584BFAL",
        "product_halogen_free": "алюминий",
        "product_mounting_orientation": "Рамки",
        "product_field_of_inscription": "термопласт",
        "product_height": "матовый",
        "product_width": "да",
        "product_without_baffle": "горизонтальная,вертикальная",
        "product_hinged_lid": "нет",
        "product_degree_of_protection": "85",
        "product_number_of_posts": "298",
        "product_img": "https://jung-pro.ru//assets/images/products/3127/af584bfal.jpg"
    }
}