{
    "EP495WW + EP409U": {
        "product_title": "Выключатель двухклавишный проходной ( с 2-х мест) Eco Profi  10А, белый EP495WW + EP409U",
        "product_brand": "JUNG",
        "product_series": "ECO Profi, Eco Profi Deco, ECO Profi Standart",
        "product_article": "EP495WW + EP409U",
        "product_material": "белый глянцевый",
        "product_color": "Выключатели",
        "product_type": "JUNG",
        "product_kind_material": "ECO Profi, Eco Profi Deco, ECO Profi Standart",
        "product_type_surface": "EP495WW + EP409U",
        "product_halogen_free": "белый глянцевый",
        "product_mounting_orientation": "Выключатели",
        "product_field_of_inscription": "дуропласт",
        "product_height": "глянцевый",
        "product_width": "да",
        "product_without_baffle": "в сборе с механизмом",
        "product_hinged_lid": "нет",
        "product_degree_of_protection": "220-250В",
        "product_number_of_posts": "нет",
        "product_other_1": "Jung  ECO Profi. Клавиши для сдвоенного выключателя, белые EP495WW        \n\n\nартикул: EP495WW",
        "product_other_2": "Jung EcoProfi Механизм выключателя проходного 2-х клавишного 10AХ 250V EP409U        \n\n\nартикул: EP409U",
        "product_img": "https://jung-pro.ru//assets/images/products/2958/ep495ww.jpeg"
    }
}