{
    "551WU + AS1520KLWW": {
        "product_title": "Розетка с заземляющими контактами 16 А / 250 В~, с откидной крышкой и уплотнительной мембраной IP44 551WU + AS1520KLWW",
        "product_brand": "Jung",
        "product_series": "AS 500, ECO Profi, Eco Profi Deco, ECO Profi Standart",
        "product_article": "551WU + AS1520KLWW",
        "product_material": "белый глянцевый",
        "product_color": "Розетки электрические",
        "product_type": "одинарная",
        "product_kind_material": "Jung",
        "product_type_surface": "AS 500, ECO Profi, Eco Profi Deco, ECO Profi Standart",
        "product_halogen_free": "551WU + AS1520KLWW",
        "product_mounting_orientation": "белый глянцевый",
        "product_field_of_inscription": "Розетки электрические",
        "product_height": "дуропласт",
        "product_width": "глянцевый",
        "product_without_baffle": "да",
        "product_hinged_lid": "в сборе с механизмом",
        "product_degree_of_protection": "нет",
        "product_number_of_posts": "220-250В",
        "product_other_1": "Уплотнительная мембрана для влагозащиты 551WU        \n\n\nартикул: 551WU",
        "product_other_2": "Розетка с заземляющими контактами 16 А / 250 В~, с откидной крышкой AS1520KLWW        \n\n\nартикул: AS1520KLWW                            материал: пластик                            цвет: белый глянцевый",
        "product_img": "https://jung-pro.ru//assets/images/products/1274/f709b6a926081040bbea04701a65733c.jpg"
    }
}