{
    "EPUAE8UPO + A569-1PLUAWW": {
        "product_title": "Розетка телефонная одинарная RJ11 EPUAE8UPO + A569-1PLUAWW",
        "product_brand": "Jung",
        "product_series": "A 500, A creation, A plus, AS 500, ECO Profi, Eco Profi Deco, A Flow, A 550, ECO Profi Standart",
        "product_article": "EPUAE8UPO + A569-1PLUAWW",
        "product_material": "белый глянцевый",
        "product_color": "Розетки телеф/комп",
        "product_type": "одинарная",
        "product_kind_material": "Jung",
        "product_type_surface": "A 500, A creation, A plus, AS 500, ECO Profi, Eco Profi Deco, A Flow, A 550, ECO Profi Standart",
        "product_halogen_free": "EPUAE8UPO + A569-1PLUAWW",
        "product_mounting_orientation": "белый глянцевый",
        "product_field_of_inscription": "Розетки телеф/комп",
        "product_height": "дуропласт",
        "product_width": "глянцевый",
        "product_without_baffle": "да",
        "product_hinged_lid": "в сборе с механизмом",
        "product_degree_of_protection": "220-250В",
        "product_number_of_posts": "нет",
        "product_other_1": "Jung AS 500 Белая накладка 1-ой наклонной ТЛФ/комп розетки A569-1PLUAWW        \n\n\nартикул: A569-1PLUAWW",
        "product_other_2": "Jung Телефонная UAE розетка, 8-ми полюсная; один терминал EPUAE8UPO        \n\n\nартикул: EPUAE8UPO",
        "product_img": "https://jung-pro.ru//assets/images/products/1208/8a065666484b4f0695668a01147444af.jpg"
    }
}