{
    "A561PLTVWW + S2900-10": {
        "product_title": "Розетка телевизионная проходная TV FM, диапазон частот от 4 до 2400 MГц A561PLTVWW + S2900-10",
        "product_brand": "Jung",
        "product_series": "A 500, A creation, A plus, AS 500, ECO Profi, Eco Profi Deco, A Flow, A 550, ECO Profi Standart",
        "product_article": "A561PLTVWW + S2900-10",
        "product_material": "белый глянцевый",
        "product_color": "Розетки TV",
        "product_type": "Jung",
        "product_kind_material": "A 500, A creation, A plus, AS 500, ECO Profi, Eco Profi Deco, A Flow, A 550, ECO Profi Standart",
        "product_type_surface": "A561PLTVWW + S2900-10",
        "product_halogen_free": "белый глянцевый",
        "product_mounting_orientation": "Розетки TV",
        "product_field_of_inscription": "дуропласт",
        "product_height": "глянцевый",
        "product_width": "да",
        "product_without_baffle": "в сборе с механизмом",
        "product_hinged_lid": "220-250В",
        "product_degree_of_protection": "нет",
        "product_number_of_posts": "механизм с накладкой",
        "product_other_1": "Jung A 500 Белая накладка TV-FM розетки A561PLTVWW        \n\n\nартикул: A561PLTVWW",
        "product_other_2": "TV-FM оконечная розетка, проходная S2900-10        \n\n\nартикул: S2900-10",
        "product_img": "https://jung-pro.ru//assets/images/products/1080/2632bf1abb6e9b2c332ec7988fcdca39.jpg"
    }
}