{
    "S4100 + A561PLSATWW": {
        "product_title": "Розетка телевизионная оконечная TV SAT FM, диапазон частот от 4 до 2400 MГц S4100 + A561PLSATWW",
        "product_brand": "Jung",
        "product_series": "A 500, A creation, A plus, AS 500, ECO Profi, Eco Profi Deco, A Flow, A 550, ECO Profi Standart",
        "product_article": "S4100 + A561PLSATWW",
        "product_material": "белый глянцевый",
        "product_color": "Розетки TV",
        "product_type": "Jung",
        "product_kind_material": "A 500, A creation, A plus, AS 500, ECO Profi, Eco Profi Deco, A Flow, A 550, ECO Profi Standart",
        "product_type_surface": "S4100 + A561PLSATWW",
        "product_halogen_free": "белый глянцевый",
        "product_mounting_orientation": "Розетки TV",
        "product_field_of_inscription": "дуропласт",
        "product_height": "глянцевый",
        "product_width": "да",
        "product_without_baffle": "в сборе с механизмом",
        "product_hinged_lid": "220-250В",
        "product_degree_of_protection": "нет",
        "product_number_of_posts": "механизм с накладкой",
        "product_other_1": "Jung A 500 Белая накладка TV-SAT-FM розетки A561PLSATWW        \n\n\nартикул: A561PLSATWW",
        "product_other_2": "Розетка универсальная для систем приема спутникового, эфирного и кабельного вещания, оконечная S4100        \n\n\nартикул: S4100",
        "product_img": "https://jung-pro.ru//assets/images/products/1084/abfc7ea15f9e9ab0170d089649618f5e.jpg"
    }
}