{
    "EPS483WW": {
        "product_title": "Рамка тройная Jung Eco Profi Standart белый EPS483WW",
        "product_brand": "JUNG",
        "product_series": "ECO Profi Standart",
        "product_article": "EPS483WW",
        "product_material": "белый",
        "product_color": "Рамки",
        "product_type": "JUNG",
        "product_kind_material": "ECO Profi Standart",
        "product_type_surface": "EPS483WW",
        "product_halogen_free": "белый",
        "product_mounting_orientation": "Рамки",
        "product_field_of_inscription": "пластик",
        "product_height": "глянцевый",
        "product_width": "да",
        "product_without_baffle": "горизонтальная,вертикальная",
        "product_hinged_lid": "нет",
        "product_degree_of_protection": "80.5",
        "product_number_of_posts": "222.5",
        "product_img": "https://jung-pro.ru//assets/images/products/3258/eps483ww.png"
    }
}