{
    "EPUAE8-8UPO + A569-2BFPLUAWW": {
        "product_title": "Розетка телефонная двойная RJ11 EPUAE8-8UPO + A569-2BFPLUAWW",
        "product_brand": "Jung",
        "product_series": "A 500, A creation, A plus, AS 500, ECO Profi, Eco Profi Deco, A Flow, A 550, ECO Profi Standart",
        "product_article": "EPUAE8-8UPO + A569-2BFPLUAWW",
        "product_material": "белый глянцевый",
        "product_color": "Розетки телеф/комп",
        "product_type": "двойная",
        "product_kind_material": "Jung",
        "product_type_surface": "A 500, A creation, A plus, AS 500, ECO Profi, Eco Profi Deco, A Flow, A 550, ECO Profi Standart",
        "product_halogen_free": "EPUAE8-8UPO + A569-2BFPLUAWW",
        "product_mounting_orientation": "белый глянцевый",
        "product_field_of_inscription": "Розетки телеф/комп",
        "product_height": "дуропласт",
        "product_width": "глянцевый",
        "product_without_baffle": "да",
        "product_hinged_lid": "в сборе с механизмом",
        "product_degree_of_protection": "220-250В",
        "product_number_of_posts": "нет",
        "product_other_1": "Jung AS 500 белая накладка 2-ой наклонной ТЛФ/комп розетки A569-2BFPLUAWW        \n\n\nартикул: A569-2BFPLUAWW",
        "product_other_2": "Jung телефонная UAE розетка, 8-ми полюсная; два терминала EPUAE8-8UPO        \n\n\nартикул: EPUAE8-8UPO",
        "product_img": "https://jung-pro.ru//assets/images/products/1205/700640ca97ae4a53b39c477245b7a358.jpg"
    }
}