{
    "EP490WW + EP401U": {
        "product_title": "Выключатель одноклавишный Eco Profi 10А, белый EP490WW + EP401U",
        "product_brand": "JUNG",
        "product_series": "ECO Profi, Eco Profi Deco, ECO Profi Standart",
        "product_article": "EP490WW + EP401U",
        "product_material": "белый глянцевый",
        "product_color": "Выключатели",
        "product_type": "JUNG",
        "product_kind_material": "ECO Profi, Eco Profi Deco, ECO Profi Standart",
        "product_type_surface": "EP490WW + EP401U",
        "product_halogen_free": "белый глянцевый",
        "product_mounting_orientation": "Выключатели",
        "product_field_of_inscription": "дуропласт",
        "product_height": "глянцевый",
        "product_width": "да",
        "product_without_baffle": "в сборе с механизмом",
        "product_hinged_lid": "нет",
        "product_degree_of_protection": "220-250В",
        "product_number_of_posts": "нет",
        "product_other_1": "Jung  ECO Profi. Клавиша для выключателя или кнопки, белая EP490WW        \n\n\nартикул: EP490WW",
        "product_other_2": "Jung  ECO Profi Механизм выключателя 10АХ, 250V~ однополюсный; белый EP401U        \n\n\nартикул: EP401U",
        "product_img": "https://jung-pro.ru//assets/images/products/2952/ep490ww.jpeg"
    }
}