{
    "A569PLTWW + USB15CAWW": {
        "product_title": "Розетка USB двойная для зарядки тип А+С, 2x700мA, винтовой зажим, белый глянцевый A569PLTWW + USB15CAWW",
        "product_brand": "JUNG",
        "product_series": "A 500, A creation, A plus, AS 500, ECO Profi, Eco Profi Deco, A Flow, A 550, ECO Profi Standart",
        "product_article": "A569PLTWW + USB15CAWW",
        "product_material": "белый глянцевый",
        "product_color": "Розетки USB",
        "product_type": "двойная",
        "product_kind_material": "JUNG",
        "product_type_surface": "A 500, A creation, A plus, AS 500, ECO Profi, Eco Profi Deco, A Flow, A 550, ECO Profi Standart",
        "product_halogen_free": "A569PLTWW + USB15CAWW",
        "product_mounting_orientation": "белый глянцевый",
        "product_field_of_inscription": "Розетки USB",
        "product_height": "дуропласт",
        "product_width": "глянцевый",
        "product_without_baffle": "да",
        "product_hinged_lid": "в сборе с механизмом",
        "product_degree_of_protection": "220-250В",
        "product_number_of_posts": "нет",
        "product_other_1": "Jung A 500 Белая накладка розетки TAE, моно-/стерео аудио розетки A569PLTWW        \n\n\nартикул: A569PLTWW",
        "product_other_2": "Jung механизм USB-розетки тип А+С, 2 гнезда, до 1,4 А/ч USB15CAWW        \n\n\nартикул: USB15CAWW",
        "product_img": "https://jung-pro.ru//assets/images/products/3019/a569pltww.jpg"
    }
}