{
    "ME2985AT": {
        "product_title": "Рамка на 5 постов, горизонтальная/вертикальная, Jung LS 990, античная латунь ME2985AT",
        "product_brand": "Jung",
        "product_series": "LS 990",
        "product_article": "ME2985AT",
        "product_material": "античная латунь",
        "product_color": "Рамки",
        "product_type": "Jung",
        "product_kind_material": "LS 990",
        "product_type_surface": "ME2985AT",
        "product_halogen_free": "античная латунь",
        "product_mounting_orientation": "Рамки",
        "product_field_of_inscription": "металл",
        "product_height": "матовый",
        "product_width": "да",
        "product_without_baffle": "горизонтальная,вертикальная",
        "product_hinged_lid": "нет",
        "product_degree_of_protection": "81",
        "product_number_of_posts": "365",
        "product_img": "https://jung-pro.ru//assets/images/products/700/e507a0baa55a9740327219a2a177d543.jpeg"
    }
}