{
    "507u + ME2990AT": {
        "product_title": "Выключатель одноклавишный перекрестный (вкл/выкл с 3-х мест) 10 А / 250 В~ 507u + ME2990AT",
        "product_brand": "Jung",
        "product_series": "LS 990",
        "product_article": "507u + ME2990AT",
        "product_material": "античная латунь",
        "product_color": "Выключатели",
        "product_type": "Jung",
        "product_kind_material": "LS 990",
        "product_type_surface": "507u + ME2990AT",
        "product_halogen_free": "античная латунь",
        "product_mounting_orientation": "Выключатели",
        "product_field_of_inscription": "металл",
        "product_height": "матовый",
        "product_width": "да",
        "product_without_baffle": "в сборе с механизмом",
        "product_hinged_lid": "нет",
        "product_degree_of_protection": "220-250В",
        "product_number_of_posts": "нет",
        "product_other_1": "Jung Мех Переключатель 1-клавишный перекрестный 507U        \n\n\nартикул: 507U",
        "product_other_2": "Jung LS 990 Antik клавиша 1-я ME2990AT        \n\n\nартикул: ME2990AT",
        "product_img": "https://jung-pro.ru//assets/images/products/898/1-kl-lat.jpeg"
    }
}