{
    "551WU + ME1520KLAT": {
        "product_title": "Розетка с заземляющими контактами 16 А / 250 В~, с откидной крышкой и уплотнительной мембраной IP44 551WU + ME1520KLAT",
        "product_brand": "Jung",
        "product_series": "LS 990",
        "product_article": "551WU + ME1520KLAT",
        "product_material": "античная латунь",
        "product_color": "Розетки электрические",
        "product_type": "одинарная",
        "product_kind_material": "Jung",
        "product_type_surface": "LS 990",
        "product_halogen_free": "551WU + ME1520KLAT",
        "product_mounting_orientation": "античная латунь",
        "product_field_of_inscription": "Розетки электрические",
        "product_height": "металл",
        "product_width": "матовый",
        "product_without_baffle": "да",
        "product_hinged_lid": "в сборе с механизмом",
        "product_degree_of_protection": "нет",
        "product_number_of_posts": "220-250В",
        "product_other_1": "Уплотнительная мембрана для влагозащиты 551WU        \n\n\nартикул: 551WU",
        "product_other_2": "Розетка с заземляющими контактами 16 А / 250 В~, с откидной крышкой ME1520KLAT        \n\n\nартикул: ME1520KLAT                            материал: металл                            цвет: античная латунь",
        "product_img": "https://jung-pro.ru//assets/images/products/1326/roz-s-krish-lat.jpeg"
    }
}