{
    "S4100 + ME2990SATAT": {
        "product_title": "Розетка телевизионная оконечная TV SAT FM, диапазон частот от 4 до 2400 MГц S4100 + ME2990SATAT",
        "product_brand": "Jung",
        "product_series": "LS 990",
        "product_article": "S4100 + ME2990SATAT",
        "product_material": "античная латунь",
        "product_color": "Розетки TV",
        "product_type": "Jung",
        "product_kind_material": "LS 990",
        "product_type_surface": "S4100 + ME2990SATAT",
        "product_halogen_free": "античная латунь",
        "product_mounting_orientation": "Розетки TV",
        "product_field_of_inscription": "металл",
        "product_height": "матовый",
        "product_width": "да",
        "product_without_baffle": "в сборе с механизмом",
        "product_hinged_lid": "220-250В",
        "product_degree_of_protection": "нет",
        "product_number_of_posts": "механизм с накладкой",
        "product_other_1": "Розетка универсальная для систем приема спутникового, эфирного и кабельного вещания, оконечная S4100        \n\n\nартикул: S4100",
        "product_other_2": "Jung LS 990 накладка на SAT-TV-FM - механизма, Антик ME2990SATAT        \n\n\nартикул: ME2990SATAT",
        "product_img": "https://jung-pro.ru//assets/images/products/1101/me2990satat.jpeg"
    }
}