{
    "SLA2WW + ME2969TAT": {
        "product_title": "Розетка для стерео-громкоговорителя SLA2WW + ME2969TAT",
        "product_brand": "Jung",
        "product_series": "LS 990",
        "product_article": "SLA2WW + ME2969TAT",
        "product_material": "античная латунь",
        "product_color": "Розетки акустические",
        "product_type": "двойная",
        "product_kind_material": "Jung",
        "product_type_surface": "LS 990",
        "product_halogen_free": "SLA2WW + ME2969TAT",
        "product_mounting_orientation": "античная латунь",
        "product_field_of_inscription": "Розетки акустические",
        "product_height": "металл",
        "product_width": "матовый",
        "product_without_baffle": "да",
        "product_hinged_lid": "в сборе с механизмом",
        "product_degree_of_protection": "220-250В",
        "product_number_of_posts": "нет",
        "product_other_1": "Jung Мех Аудиорозетка (стерео) белый SLA2WW        \n\n\nартикул: SLA2WW",
        "product_other_2": "Jung LS 990 накладка на TAE-розетки, Антик ME2969TAT        \n\n\nартикул: ME2969TAT",
        "product_img": "https://jung-pro.ru//assets/images/products/1532/me2969tat.jpeg"
    }
}