{
    "ME2990AAT": {
        "product_title": "Кабельный вывод с суппортом, Jung, светло-cерый ME2990AAT",
        "product_brand": "Jung",
        "product_series": "LS 990",
        "product_article": "ME2990AAT",
        "product_material": "античная латунь",
        "product_color": "Вывод кабеля",
        "product_type": "Jung",
        "product_kind_material": "LS 990",
        "product_type_surface": "ME2990AAT",
        "product_halogen_free": "античная латунь",
        "product_mounting_orientation": "Вывод кабеля",
        "product_field_of_inscription": "металл",
        "product_height": "матовый",
        "product_width": "да",
        "product_without_baffle": "в сборе с механизмом",
        "product_hinged_lid": "нет",
        "product_degree_of_protection": "механизм с накладкой",
        "product_number_of_posts": "встроенный монтаж",
        "product_img": "https://jung-pro.ru//assets/images/products/756/vivod-lat.jpeg"
    }
}