{
    "ME2981AT": {
        "product_title": "Рамка на 1 пост Jung LS 990, античная латунь ME2981AT",
        "product_brand": "Jung",
        "product_series": "LS 990",
        "product_article": "ME2981AT",
        "product_material": "античная латунь",
        "product_color": "Рамки",
        "product_type": "Jung",
        "product_kind_material": "LS 990",
        "product_type_surface": "ME2981AT",
        "product_halogen_free": "античная латунь",
        "product_mounting_orientation": "Рамки",
        "product_field_of_inscription": "металл",
        "product_height": "матовый",
        "product_width": "да",
        "product_without_baffle": "горизонтальная,вертикальная",
        "product_hinged_lid": "нет",
        "product_degree_of_protection": "81",
        "product_number_of_posts": "81",
        "product_img": "https://jung-pro.ru//assets/images/products/696/48219a824c4e85ba275616815a5a2f9e.jpeg"
    },
    "ME2982AT": {
        "product_title": "Рамка на 2 поста, горизонтальная/вертикальная, Jung LS 990, античная латунь ME2982AT",
        "product_brand": "Jung",
        "product_series": "LS 990",
        "product_article": "ME2982AT",
        "product_material": "античная латунь",
        "product_color": "Рамки",
        "product_type": "Jung",
        "product_kind_material": "LS 990",
        "product_type_surface": "ME2982AT",
        "product_halogen_free": "античная латунь",
        "product_mounting_orientation": "Рамки",
        "product_field_of_inscription": "металл",
        "product_height": "матовый",
        "product_width": "да",
        "product_without_baffle": "горизонтальная,вертикальная",
        "product_hinged_lid": "нет",
        "product_degree_of_protection": "81",
        "product_number_of_posts": "152",
        "product_img": "https://jung-pro.ru//assets/images/products/697/51efa4a385c999faef9826360c75f40d.jpeg"
    },
    "ME2983AT": {
        "product_title": "Рамка на 3 поста, горизонтальная/вертикальная, Jung LS 990, античная латунь ME2983AT",
        "product_brand": "Jung",
        "product_series": "LS 990",
        "product_article": "ME2983AT",
        "product_material": "античная латунь",
        "product_color": "Рамки",
        "product_type": "Jung",
        "product_kind_material": "LS 990",
        "product_type_surface": "ME2983AT",
        "product_halogen_free": "античная латунь",
        "product_mounting_orientation": "Рамки",
        "product_field_of_inscription": "металл",
        "product_height": "матовый",
        "product_width": "да",
        "product_without_baffle": "горизонтальная,вертикальная",
        "product_hinged_lid": "нет",
        "product_degree_of_protection": "81",
        "product_number_of_posts": "223",
        "product_img": "https://jung-pro.ru//assets/images/products/698/5e1fd4e99b3edc2ccb0ad6fa4fa4de36.jpeg"
    },
    "ME2984AT": {
        "product_title": "Рамка на 4 поста, горизонтальная/вертикальная, Jung LS 990, античная латунь ME2984AT",
        "product_brand": "Jung",
        "product_series": "LS 990",
        "product_article": "ME2984AT",
        "product_material": "античная латунь",
        "product_color": "Рамки",
        "product_type": "Jung",
        "product_kind_material": "LS 990",
        "product_type_surface": "ME2984AT",
        "product_halogen_free": "античная латунь",
        "product_mounting_orientation": "Рамки",
        "product_field_of_inscription": "металл",
        "product_height": "матовый",
        "product_width": "да",
        "product_without_baffle": "горизонтальная,вертикальная",
        "product_hinged_lid": "нет",
        "product_degree_of_protection": "81",
        "product_number_of_posts": "294",
        "product_img": "https://jung-pro.ru//assets/images/products/699/8ccaf7f0bb30d0e5d1a8a6bd51d26814.jpeg"
    },
    "ME2985AT": {
        "product_title": "Рамка на 5 постов, горизонтальная/вертикальная, Jung LS 990, античная латунь ME2985AT",
        "product_brand": "Jung",
        "product_series": "LS 990",
        "product_article": "ME2985AT",
        "product_material": "античная латунь",
        "product_color": "Рамки",
        "product_type": "Jung",
        "product_kind_material": "LS 990",
        "product_type_surface": "ME2985AT",
        "product_halogen_free": "античная латунь",
        "product_mounting_orientation": "Рамки",
        "product_field_of_inscription": "металл",
        "product_height": "матовый",
        "product_width": "да",
        "product_without_baffle": "горизонтальная,вертикальная",
        "product_hinged_lid": "нет",
        "product_degree_of_protection": "81",
        "product_number_of_posts": "365",
        "product_img": "https://jung-pro.ru//assets/images/products/700/e507a0baa55a9740327219a2a177d543.jpeg"
    },
    "501u + ME2990AT": {
        "product_title": "Выключатель одноклавишный, 10 А / 250 В~ 501u + ME2990AT",
        "product_brand": "Jung",
        "product_series": "LS 990",
        "product_article": "501u + ME2990AT",
        "product_material": "античная латунь",
        "product_color": "Выключатели",
        "product_type": "Jung",
        "product_kind_material": "LS 990",
        "product_type_surface": "501u + ME2990AT",
        "product_halogen_free": "античная латунь",
        "product_mounting_orientation": "Выключатели",
        "product_field_of_inscription": "металл",
        "product_height": "матовый",
        "product_width": "да",
        "product_without_baffle": "в сборе с механизмом",
        "product_hinged_lid": "нет",
        "product_degree_of_protection": "220-250В",
        "product_number_of_posts": "нет",
        "product_other_1": "Jung Механизм Выключатель 1-клавишный 10AX 250V 501U        \n\n\nартикул: 501U",
        "product_other_2": "Jung LS 990 Antik клавиша 1-я ME2990AT        \n\n\nартикул: ME2990AT",
        "product_img": "https://jung-pro.ru//assets/images/products/878/1-kl-lat.jpeg"
    },
    "506u + ME2990AT": {
        "product_title": "Выключатель одноклавишный, универс. (вкл/выкл с 2-х мест) 10 А / 250 В~ 506u + ME2990AT",
        "product_brand": "Jung",
        "product_series": "LS 990",
        "product_article": "506u + ME2990AT",
        "product_material": "античная латунь",
        "product_color": "Выключатели",
        "product_type": "Jung",
        "product_kind_material": "LS 990",
        "product_type_surface": "506u + ME2990AT",
        "product_halogen_free": "античная латунь",
        "product_mounting_orientation": "Выключатели",
        "product_field_of_inscription": "металл",
        "product_height": "матовый",
        "product_width": "да",
        "product_without_baffle": "в сборе с механизмом",
        "product_hinged_lid": "нет",
        "product_degree_of_protection": "220-250В",
        "product_number_of_posts": "нет",
        "product_other_1": "Выключатель 10AX 250V универсальный 506U        \n\n\nартикул: 506U",
        "product_other_2": "Jung LS 990 Antik клавиша 1-я ME2990AT        \n\n\nартикул: ME2990AT",
        "product_img": "https://jung-pro.ru//assets/images/products/894/1-kl-lat.jpeg"
    },
    "505u + ME2995AT": {
        "product_title": "Выключатель двухклавишный, 10 А / 250 В~ 505u + ME2995AT",
        "product_brand": "Jung",
        "product_series": "LS 990",
        "product_article": "505u + ME2995AT",
        "product_material": "античная латунь",
        "product_color": "Выключатели",
        "product_type": "Jung",
        "product_kind_material": "LS 990",
        "product_type_surface": "505u + ME2995AT",
        "product_halogen_free": "античная латунь",
        "product_mounting_orientation": "Выключатели",
        "product_field_of_inscription": "металл",
        "product_height": "матовый",
        "product_width": "да",
        "product_without_baffle": "в сборе с механизмом",
        "product_hinged_lid": "нет",
        "product_degree_of_protection": "220-250В",
        "product_number_of_posts": "нет",
        "product_other_1": "Выключатель 10AX 250V сдвоенный 505U        \n\n\nартикул: 505U",
        "product_other_2": "Jung LS 990 Двойная клавиша на выключатель, Антик ME2995AT        \n\n\nартикул: ME2995AT",
        "product_img": "https://jung-pro.ru//assets/images/products/882/2-kl-lat.jpeg"
    },
    "506u + 90 + ME2990KO5AT": {
        "product_title": "Выключатель одноклавишный с подсветкой, универс. (вкл/выкл с 2-х мест) 10 А / 250 В~ 506u + 90 + ME2990KO5AT",
        "product_brand": "Jung",
        "product_series": "LS 990",
        "product_article": "506u + 90 + ME2990KO5AT",
        "product_material": "античная латунь",
        "product_color": "Выключатели",
        "product_type": "Jung",
        "product_kind_material": "LS 990",
        "product_type_surface": "506u + 90 + ME2990KO5AT",
        "product_halogen_free": "античная латунь",
        "product_mounting_orientation": "Выключатели",
        "product_field_of_inscription": "металл",
        "product_height": "матовый",
        "product_width": "да",
        "product_without_baffle": "в сборе с механизмом",
        "product_hinged_lid": "нет",
        "product_degree_of_protection": "220-250В",
        "product_number_of_posts": "нет",
        "product_other_1": "Jung Мех Лампа неоновая для 1-клавишных механизмов 230V, 1,1mA 90        \n\n\nартикул: 90",
        "product_other_2": "Выключатель 10AX 250V универсальный 506U        \n\n\nартикул: 506U",
        "product_other_3": "Jung LS 990 клавиша на выключатель, с окошком, Антик ME2990KO5AT        \n\n\nартикул: ME2990KO5AT",
        "product_img": "https://jung-pro.ru//assets/images/products/890/1-kl-s-pods-lat.jpeg"
    },
    "509u + ME2995AT": {
        "product_title": "Выключатель двухклавишный, проходной (вкл/выкл с 2-х мест) 10 А / 250 В~ 509u + ME2995AT",
        "product_brand": "Jung",
        "product_series": "LS 990",
        "product_article": "509u + ME2995AT",
        "product_material": "античная латунь",
        "product_color": "Выключатели",
        "product_type": "Jung",
        "product_kind_material": "LS 990",
        "product_type_surface": "509u + ME2995AT",
        "product_halogen_free": "античная латунь",
        "product_mounting_orientation": "Выключатели",
        "product_field_of_inscription": "металл",
        "product_height": "матовый",
        "product_width": "да",
        "product_without_baffle": "в сборе с механизмом",
        "product_hinged_lid": "нет",
        "product_degree_of_protection": "220-250В",
        "product_number_of_posts": "нет",
        "product_other_1": "Jung Выключатель 10AХ 250V универсальный сдвоенный 509U        \n\n\nартикул: 509U",
        "product_other_2": "Jung LS 990 Двойная клавиша на выключатель, Антик ME2995AT        \n\n\nартикул: ME2995AT",
        "product_img": "https://jung-pro.ru//assets/images/products/902/2-kl-lat.jpeg"
    },
    "505u5 + ME2995KO5AT": {
        "product_title": "Выключатель двухклавишный с подсветкой, 10 А / 250 В~ 505u5 + ME2995KO5AT",
        "product_brand": "Jung",
        "product_series": "LS 990",
        "product_article": "505u5 + ME2995KO5AT",
        "product_material": "античная латунь",
        "product_color": "Выключатели",
        "product_type": "Jung",
        "product_kind_material": "LS 990",
        "product_type_surface": "505u5 + ME2995KO5AT",
        "product_halogen_free": "античная латунь",
        "product_mounting_orientation": "Выключатели",
        "product_field_of_inscription": "металл",
        "product_height": "матовый",
        "product_width": "да",
        "product_without_baffle": "в сборе с механизмом",
        "product_hinged_lid": "нет",
        "product_degree_of_protection": "220-250В",
        "product_number_of_posts": "нет",
        "product_other_1": "Jung Выключатель 10AX 250V сдвоенный с двумя лампочками 505U5        \n\n\nартикул: 505U5",
        "product_other_2": "Jung LS 990 Двойная клавиша на выключатель, с окошком, Антик ME2995KO5AT        \n\n\nартикул: ME2995KO5AT",
        "product_img": "https://jung-pro.ru//assets/images/products/886/2-kl-s-pods-lat.jpeg"
    },
    "ME1520AT": {
        "product_title": "Розетка с заземляющими контактами 16 А / 250 В~ ME1520AT",
        "product_brand": "Jung",
        "product_series": "LS 990",
        "product_article": "ME1520AT",
        "product_material": "античная латунь",
        "product_color": "Розетки электрические",
        "product_type": "одинарная",
        "product_kind_material": "Jung",
        "product_type_surface": "LS 990",
        "product_halogen_free": "ME1520AT",
        "product_mounting_orientation": "античная латунь",
        "product_field_of_inscription": "Розетки электрические",
        "product_height": "металл",
        "product_width": "матовый",
        "product_without_baffle": "да",
        "product_hinged_lid": "в сборе с механизмом",
        "product_degree_of_protection": "нет",
        "product_number_of_posts": "220-250В",
        "product_img": "https://jung-pro.ru//assets/images/products/1318/rozetka-lat.jpeg"
    },
    "ME1520KIAT": {
        "product_title": "Розетка с заземляющими контактами 16 А / 250 В~ с защитой от детей ME1520KIAT",
        "product_brand": "Jung",
        "product_series": "LS 990",
        "product_article": "ME1520KIAT",
        "product_material": "античная латунь",
        "product_color": "Розетки электрические",
        "product_type": "одинарная",
        "product_kind_material": "Jung",
        "product_type_surface": "LS 990",
        "product_halogen_free": "ME1520KIAT",
        "product_mounting_orientation": "античная латунь",
        "product_field_of_inscription": "Розетки электрические",
        "product_height": "металл",
        "product_width": "матовый",
        "product_without_baffle": "да",
        "product_hinged_lid": "в сборе с механизмом",
        "product_degree_of_protection": "нет",
        "product_number_of_posts": "220-250В",
        "product_img": "https://jung-pro.ru//assets/images/products/1319/rozetka-lat.jpeg"
    },
    "ME1520KLAT": {
        "product_title": "Розетка с заземляющими контактами 16 А / 250 В~, с откидной крышкой ME1520KLAT",
        "product_brand": "Jung",
        "product_series": "LS 990",
        "product_article": "ME1520KLAT",
        "product_material": "античная латунь",
        "product_color": "Розетки электрические",
        "product_type": "одинарная",
        "product_kind_material": "Jung",
        "product_type_surface": "LS 990",
        "product_halogen_free": "ME1520KLAT",
        "product_mounting_orientation": "античная латунь",
        "product_field_of_inscription": "Розетки электрические",
        "product_height": "металл",
        "product_width": "матовый",
        "product_without_baffle": "да",
        "product_hinged_lid": "в сборе с механизмом",
        "product_degree_of_protection": "нет",
        "product_number_of_posts": "220-250В",
        "product_img": "https://jung-pro.ru//assets/images/products/1320/roz-s-krish-lat.jpeg"
    },
    "551WU + ME1520KLAT": {
        "product_title": "Розетка с заземляющими контактами 16 А / 250 В~, с откидной крышкой и уплотнительной мембраной IP44 551WU + ME1520KLAT",
        "product_brand": "Jung",
        "product_series": "LS 990",
        "product_article": "551WU + ME1520KLAT",
        "product_material": "античная латунь",
        "product_color": "Розетки электрические",
        "product_type": "одинарная",
        "product_kind_material": "Jung",
        "product_type_surface": "LS 990",
        "product_halogen_free": "551WU + ME1520KLAT",
        "product_mounting_orientation": "античная латунь",
        "product_field_of_inscription": "Розетки электрические",
        "product_height": "металл",
        "product_width": "матовый",
        "product_without_baffle": "да",
        "product_hinged_lid": "в сборе с механизмом",
        "product_degree_of_protection": "нет",
        "product_number_of_posts": "220-250В",
        "product_other_1": "Уплотнительная мембрана для влагозащиты 551WU        \n\n\nартикул: 551WU",
        "product_other_2": "Розетка с заземляющими контактами 16 А / 250 В~, с откидной крышкой ME1520KLAT        \n\n\nартикул: ME1520KLAT                            материал: металл                            цвет: античная латунь",
        "product_img": "https://jung-pro.ru//assets/images/products/1326/roz-s-krish-lat.jpeg"
    },
    "ME1520-18CAT-L": {
        "product_title": "Розетка с заземлением + USB тип C, Jung 16А/250В античная латунь ME1520-18CAT-L",
        "product_brand": "JUNG",
        "product_series": "LS 990",
        "product_article": "ME1520-18CAT-L",
        "product_material": "античная латунь",
        "product_color": "Розетки электрические",
        "product_type": "двойная",
        "product_kind_material": "JUNG",
        "product_type_surface": "LS 990",
        "product_halogen_free": "ME1520-18CAT-L",
        "product_mounting_orientation": "античная латунь",
        "product_field_of_inscription": "Розетки электрические",
        "product_height": "металл",
        "product_width": "матовый",
        "product_without_baffle": "да",
        "product_hinged_lid": "лапками и винтами",
        "product_degree_of_protection": "220-250В",
        "product_number_of_posts": "нет",
        "product_img": "https://jung-pro.ru//assets/images/products/3335/jung-me1520-18cat-l.png"
    },
    "ME1520-15CAAT-L": {
        "product_title": "Розетка с заземлением + USB тип A+C, Jung 16А/250В античная латунь ME1520-15CAAT-L",
        "product_brand": "JUNG",
        "product_series": "LS 990",
        "product_article": "ME1520-15CAAT-L",
        "product_material": "античная латунь",
        "product_color": "Розетки электрические",
        "product_type": "тройная",
        "product_kind_material": "JUNG",
        "product_type_surface": "LS 990",
        "product_halogen_free": "ME1520-15CAAT-L",
        "product_mounting_orientation": "античная латунь",
        "product_field_of_inscription": "Розетки электрические",
        "product_height": "металл",
        "product_width": "матовый",
        "product_without_baffle": "да",
        "product_hinged_lid": "лапками и винтами",
        "product_degree_of_protection": "220-250В",
        "product_number_of_posts": "нет",
        "product_img": "https://jung-pro.ru//assets/images/products/3345/jung-me1520-15caat-l.png"
    },
    "ME1520-18AAT-L": {
        "product_title": "Розетка с заземлением + USB тип A, Jung 16А/250В античная латунь ME1520-18AAT-L",
        "product_brand": "JUNG",
        "product_series": "LS 990",
        "product_article": "ME1520-18AAT-L",
        "product_material": "античная латунь",
        "product_color": "Розетки электрические",
        "product_type": "двойная",
        "product_kind_material": "JUNG",
        "product_type_surface": "LS 990",
        "product_halogen_free": "ME1520-18AAT-L",
        "product_mounting_orientation": "античная латунь",
        "product_field_of_inscription": "Розетки электрические",
        "product_height": "металл",
        "product_width": "матовый",
        "product_without_baffle": "да",
        "product_hinged_lid": "лапками и винтами",
        "product_degree_of_protection": "220-250В",
        "product_number_of_posts": "нет",
        "product_img": "https://jung-pro.ru//assets/images/products/3325/jung-me1520-18aat-l.png"
    },
    "ME2969TAT + USB15CAWW": {
        "product_title": "Розетка USB двойная для зарядки тип А+С, 2x700мA, винтовой зажим, античная латунь ME2969TAT + USB15CAWW",
        "product_brand": "JUNG",
        "product_series": "LS 990",
        "product_article": "ME2969TAT + USB15CAWW",
        "product_material": "античная латунь",
        "product_color": "Розетки USB",
        "product_type": "двойная",
        "product_kind_material": "JUNG",
        "product_type_surface": "LS 990",
        "product_halogen_free": "ME2969TAT + USB15CAWW",
        "product_mounting_orientation": "античная латунь",
        "product_field_of_inscription": "Розетки USB",
        "product_height": "металл",
        "product_width": "матовый",
        "product_without_baffle": "да",
        "product_hinged_lid": "в сборе с механизмом",
        "product_degree_of_protection": "220-250В",
        "product_number_of_posts": "нет",
        "product_other_1": "Jung LS 990 накладка на TAE-розетки, Антик ME2969TAT        \n\n\nартикул: ME2969TAT",
        "product_other_2": "Jung механизм USB-розетки тип А+С, 2 гнезда, до 1,4 А/ч USB15CAWW        \n\n\nартикул: USB15CAWW",
        "product_img": "https://jung-pro.ru//assets/images/products/3035/me2969tat.jpg"
    },
    "S2900 + ME2990TVAT": {
        "product_title": "Розетка телевизионная оконечная TV FM, диапазон частот от 4 до 2400 MГц S2900 + ME2990TVAT",
        "product_brand": "Jung",
        "product_series": "LS 990",
        "product_article": "S2900 + ME2990TVAT",
        "product_material": "античная латунь",
        "product_color": "Розетки TV",
        "product_type": "Jung",
        "product_kind_material": "LS 990",
        "product_type_surface": "S2900 + ME2990TVAT",
        "product_halogen_free": "античная латунь",
        "product_mounting_orientation": "Розетки TV",
        "product_field_of_inscription": "металл",
        "product_height": "матовый",
        "product_width": "да",
        "product_without_baffle": "в сборе с механизмом",
        "product_hinged_lid": "220-250В",
        "product_degree_of_protection": "нет",
        "product_number_of_posts": "механизм с накладкой",
        "product_other_1": "TV-FM оконечная розетка S2900        \n\n\nартикул: S2900",
        "product_other_2": "Jung LS 990 накладка на TV-FM - механизма, Антик ME2990TVAT        \n\n\nартикул: ME2990TVAT",
        "product_img": "https://jung-pro.ru//assets/images/products/1093/me2990tvat.jpeg"
    },
    "S2900-10 + ME2990TVAT": {
        "product_title": "Розетка телевизионная проходная TV FM, диапазон частот от 4 до 2400 MГц S2900-10 + ME2990TVAT",
        "product_brand": "Jung",
        "product_series": "LS 990",
        "product_article": "S2900-10 + ME2990TVAT",
        "product_material": "античная латунь",
        "product_color": "Розетки TV",
        "product_type": "Jung",
        "product_kind_material": "LS 990",
        "product_type_surface": "S2900-10 + ME2990TVAT",
        "product_halogen_free": "античная латунь",
        "product_mounting_orientation": "Розетки TV",
        "product_field_of_inscription": "металл",
        "product_height": "матовый",
        "product_width": "да",
        "product_without_baffle": "в сборе с механизмом",
        "product_hinged_lid": "220-250В",
        "product_degree_of_protection": "нет",
        "product_number_of_posts": "механизм с накладкой",
        "product_other_1": "TV-FM оконечная розетка, проходная S2900-10        \n\n\nартикул: S2900-10",
        "product_other_2": "Jung LS 990 накладка на TV-FM - механизма, Антик ME2990TVAT        \n\n\nартикул: ME2990TVAT",
        "product_img": "https://jung-pro.ru//assets/images/products/1097/me2990tvat.jpeg"
    },
    "S4100 + ME2990SATAT": {
        "product_title": "Розетка телевизионная оконечная TV SAT FM, диапазон частот от 4 до 2400 MГц S4100 + ME2990SATAT",
        "product_brand": "Jung",
        "product_series": "LS 990",
        "product_article": "S4100 + ME2990SATAT",
        "product_material": "античная латунь",
        "product_color": "Розетки TV",
        "product_type": "Jung",
        "product_kind_material": "LS 990",
        "product_type_surface": "S4100 + ME2990SATAT",
        "product_halogen_free": "античная латунь",
        "product_mounting_orientation": "Розетки TV",
        "product_field_of_inscription": "металл",
        "product_height": "матовый",
        "product_width": "да",
        "product_without_baffle": "в сборе с механизмом",
        "product_hinged_lid": "220-250В",
        "product_degree_of_protection": "нет",
        "product_number_of_posts": "механизм с накладкой",
        "product_other_1": "Розетка универсальная для систем приема спутникового, эфирного и кабельного вещания, оконечная S4100        \n\n\nартикул: S4100",
        "product_other_2": "Jung LS 990 накладка на SAT-TV-FM - механизма, Антик ME2990SATAT        \n\n\nартикул: ME2990SATAT",
        "product_img": "https://jung-pro.ru//assets/images/products/1101/me2990satat.jpeg"
    },
    "S4110 + ME2990SATAT": {
        "product_title": "Розетка телевизионная проходная TV SAT FM, диапазон частот от 4 до 2400 MГц S4110 + ME2990SATAT",
        "product_brand": "JUNG",
        "product_series": "LS 990",
        "product_article": "S4110 + ME2990SATAT",
        "product_material": "античная латунь",
        "product_color": "Розетки TV",
        "product_type": "JUNG",
        "product_kind_material": "LS 990",
        "product_type_surface": "S4110 + ME2990SATAT",
        "product_halogen_free": "античная латунь",
        "product_mounting_orientation": "Розетки TV",
        "product_field_of_inscription": "металл",
        "product_height": "матовый",
        "product_width": "да",
        "product_without_baffle": "в сборе с механизмом",
        "product_hinged_lid": "220-250В",
        "product_degree_of_protection": "нет",
        "product_number_of_posts": "механизм с накладкой",
        "product_other_1": "Jung Мех Розетка TV-FM-SAT проходная S4110        \n\n\nартикул: S4110",
        "product_other_2": "Jung LS 990 накладка на SAT-TV-FM - механизма, Антик ME2990SATAT        \n\n\nартикул: ME2990SATAT",
        "product_img": "https://jung-pro.ru//assets/images/products/2013/me2990satat.jpeg"
    },
    "EPUAE8UPO + ME2969-1UAAT": {
        "product_title": "Розетка телефонная одинарная RJ11 EPUAE8UPO + ME2969-1UAAT",
        "product_brand": "Jung",
        "product_series": "LS 990",
        "product_article": "EPUAE8UPO + ME2969-1UAAT",
        "product_material": "античная латунь",
        "product_color": "Розетки телеф/комп",
        "product_type": "одинарная",
        "product_kind_material": "Jung",
        "product_type_surface": "LS 990",
        "product_halogen_free": "EPUAE8UPO + ME2969-1UAAT",
        "product_mounting_orientation": "античная латунь",
        "product_field_of_inscription": "Розетки телеф/комп",
        "product_height": "металл",
        "product_width": "матовый",
        "product_without_baffle": "да",
        "product_hinged_lid": "в сборе с механизмом",
        "product_degree_of_protection": "220-250В",
        "product_number_of_posts": "нет",
        "product_other_1": "Jung Телефонная UAE розетка, 8-ми полюсная; один терминал EPUAE8UPO        \n\n\nартикул: EPUAE8UPO",
        "product_other_2": "Jung LS 990 накладка на UAE-розетки, Антик ME2969-1UAAT        \n\n\nартикул: ME2969-1UAAT",
        "product_img": "https://jung-pro.ru//assets/images/products/1227/1-tel-lat.jpeg"
    },
    "EPUAE8UPOK6 + ME2969-1UAAT": {
        "product_title": "Розетка компьютерная одинарная RJ45 6-й кат. EPUAE8UPOK6 + ME2969-1UAAT",
        "product_brand": "Jung",
        "product_series": "LS 990",
        "product_article": "EPUAE8UPOK6 + ME2969-1UAAT",
        "product_material": "античная латунь",
        "product_color": "Розетки телеф/комп",
        "product_type": "одинарная",
        "product_kind_material": "Jung",
        "product_type_surface": "LS 990",
        "product_halogen_free": "EPUAE8UPOK6 + ME2969-1UAAT",
        "product_mounting_orientation": "античная латунь",
        "product_field_of_inscription": "Розетки телеф/комп",
        "product_height": "металл",
        "product_width": "матовый",
        "product_without_baffle": "да",
        "product_hinged_lid": "в сборе с механизмом",
        "product_degree_of_protection": "220-250В",
        "product_number_of_posts": "нет",
        "product_other_1": "Компьютерная UAE розетка 6-й категории, 8-ми полюсная, экранированная, один терминал EPUAE8UPOK6        \n\n\nартикул: EPUAE8UPOK6",
        "product_other_2": "Jung LS 990 накладка на UAE-розетки, Антик ME2969-1UAAT        \n\n\nартикул: ME2969-1UAAT",
        "product_img": "https://jung-pro.ru//assets/images/products/1231/1-tel-lat.jpeg"
    },
    "EPUAE8-8UPO + ME2969-2UAAT": {
        "product_title": "Розетка телефонная двойная RJ11 EPUAE8-8UPO + ME2969-2UAAT",
        "product_brand": "Jung",
        "product_series": "LS 990",
        "product_article": "EPUAE8-8UPO + ME2969-2UAAT",
        "product_material": "античная латунь",
        "product_color": "Розетки телеф/комп",
        "product_type": "двойная",
        "product_kind_material": "Jung",
        "product_type_surface": "LS 990",
        "product_halogen_free": "EPUAE8-8UPO + ME2969-2UAAT",
        "product_mounting_orientation": "античная латунь",
        "product_field_of_inscription": "Розетки телеф/комп",
        "product_height": "металл",
        "product_width": "матовый",
        "product_without_baffle": "да",
        "product_hinged_lid": "в сборе с механизмом",
        "product_degree_of_protection": "220-250В",
        "product_number_of_posts": "нет",
        "product_other_1": "Jung телефонная UAE розетка, 8-ми полюсная; два терминала EPUAE8-8UPO        \n\n\nартикул: EPUAE8-8UPO",
        "product_other_2": "Jung LS 990 Накладнка на двойные UAE-розетки, Антик ME2969-2UAAT        \n\n\nартикул: ME2969-2UAAT",
        "product_img": "https://jung-pro.ru//assets/images/products/1219/2-tel-lat.jpeg"
    },
    "EPUAE8-8UPOK6 + ME2969-2UAAT": {
        "product_title": "Розетка компьютерная двойная RJ45 6-й кат. EPUAE8-8UPOK6 + ME2969-2UAAT",
        "product_brand": "Jung",
        "product_series": "LS 990",
        "product_article": "EPUAE8-8UPOK6 + ME2969-2UAAT",
        "product_material": "античная латунь",
        "product_color": "Розетки телеф/комп",
        "product_type": "двойная",
        "product_kind_material": "Jung",
        "product_type_surface": "LS 990",
        "product_halogen_free": "EPUAE8-8UPOK6 + ME2969-2UAAT",
        "product_mounting_orientation": "античная латунь",
        "product_field_of_inscription": "Розетки телеф/комп",
        "product_height": "металл",
        "product_width": "матовый",
        "product_without_baffle": "да",
        "product_hinged_lid": "в сборе с механизмом",
        "product_degree_of_protection": "220-250В",
        "product_number_of_posts": "нет",
        "product_other_1": "Jung Компьютерная UAE розетка 6-й категории, 8-ми полюсная, экранированная; два терминала EPUAE8-8UPOK6        \n\n\nартикул: EPUAE8-8UPOK6",
        "product_other_2": "Jung LS 990 Накладнка на двойные UAE-розетки, Антик ME2969-2UAAT        \n\n\nартикул: ME2969-2UAAT",
        "product_img": "https://jung-pro.ru//assets/images/products/1223/2-tel-lat.jpeg"
    },
    "SLA2WW + ME2969TAT": {
        "product_title": "Розетка для стерео-громкоговорителя SLA2WW + ME2969TAT",
        "product_brand": "Jung",
        "product_series": "LS 990",
        "product_article": "SLA2WW + ME2969TAT",
        "product_material": "античная латунь",
        "product_color": "Розетки акустические",
        "product_type": "двойная",
        "product_kind_material": "Jung",
        "product_type_surface": "LS 990",
        "product_halogen_free": "SLA2WW + ME2969TAT",
        "product_mounting_orientation": "античная латунь",
        "product_field_of_inscription": "Розетки акустические",
        "product_height": "металл",
        "product_width": "матовый",
        "product_without_baffle": "да",
        "product_hinged_lid": "в сборе с механизмом",
        "product_degree_of_protection": "220-250В",
        "product_number_of_posts": "нет",
        "product_other_1": "Jung Мех Аудиорозетка (стерео) белый SLA2WW        \n\n\nартикул: SLA2WW",
        "product_other_2": "Jung LS 990 накладка на TAE-розетки, Антик ME2969TAT        \n\n\nартикул: ME2969TAT",
        "product_img": "https://jung-pro.ru//assets/images/products/1532/me2969tat.jpeg"
    },
    "509VU + ME2995PAT": {
        "product_title": "Выключатель управления жалюзи клавишный, 10 А / 250 В~ 509VU + ME2995PAT",
        "product_brand": "Jung",
        "product_series": "LS 990",
        "product_article": "509VU + ME2995PAT",
        "product_material": "античная латунь",
        "product_color": "Управление жалюзи",
        "product_type": "Jung",
        "product_kind_material": "LS 990",
        "product_type_surface": "509VU + ME2995PAT",
        "product_halogen_free": "античная латунь",
        "product_mounting_orientation": "Управление жалюзи",
        "product_field_of_inscription": "металл",
        "product_height": "матовый",
        "product_width": "да",
        "product_without_baffle": "в сборе с механизмом",
        "product_hinged_lid": "220-250В",
        "product_degree_of_protection": "нет",
        "product_number_of_posts": "клавишный",
        "product_other_1": "Jung Выключатель для управления жалюзи с блокировкой одновременного нажатия 509VU        \n\n\nартикул: 509VU",
        "product_other_2": "Jung LS 990 ANTIK клавиша 2-Я ЖАЛЮЗИЙНАЯ ME2995PAT        \n\n\nартикул: ME2995PAT",
        "product_img": "https://jung-pro.ru//assets/images/products/1489/me2995pat.jpeg"
    },
    "539VU + ME2995PAT": {
        "product_title": "Выключатель управления жалюзи кнопочный, 10 А / 250 В~ 539VU + ME2995PAT",
        "product_brand": "Jung",
        "product_series": "LS 990",
        "product_article": "539VU + ME2995PAT",
        "product_material": "античная латунь",
        "product_color": "Управление жалюзи",
        "product_type": "Jung",
        "product_kind_material": "LS 990",
        "product_type_surface": "539VU + ME2995PAT",
        "product_halogen_free": "античная латунь",
        "product_mounting_orientation": "Управление жалюзи",
        "product_field_of_inscription": "металл",
        "product_height": "матовый",
        "product_width": "да",
        "product_without_baffle": "в сборе с механизмом",
        "product_hinged_lid": "220-250В",
        "product_degree_of_protection": "нет",
        "product_number_of_posts": "кнопочный",
        "product_other_1": "Jung Мех Выключатель жалюзийный кнопочный с мех блокировкой одновременного нажатия 539VU        \n\n\nартикул: 539VU",
        "product_other_2": "Jung LS 990 ANTIK клавиша 2-Я ЖАЛЮЗИЙНАЯ ME2995PAT        \n\n\nартикул: ME2995PAT",
        "product_img": "https://jung-pro.ru//assets/images/products/1493/me2995pat.jpeg"
    },
        "1730DD + ME1940AT": {
            "product_title": "Светорегулятор поворотно-нажимной LED 3-60Вт., 20-210Вт ламп накал. и галог., античная латунь 1730DD + ME1940AT",
            "product_brand": "Jung",
            "product_series": "LS 990",
            "product_article": "1730DD + ME1940AT",
            "product_material": "античная латунь",
            "product_color": "Светорегуляторы",
            "product_type": "Jung",
            "product_kind_material": "LS 990",
            "product_type_surface": "1730DD + ME1940AT",
            "product_halogen_free": "античная латунь",
            "product_mounting_orientation": "Светорегуляторы",
            "product_field_of_inscription": "металл",
            "product_height": "матовый",
            "product_width": "да",
            "product_without_baffle": "в сборе с механизмом",
            "product_hinged_lid": "да",
            "product_degree_of_protection": "220-250В",
            "product_number_of_posts": "нет",
            "product_other_1": "Jung LS 990 накладка на роторные диммеры, Антик ME1940AT        \n\n\nартикул: ME1940AT",
            "product_other_2": "Механизм светорегулятора Jung поворотно-нажимного для LED 3-60Вт., 20-210Вт ламп накал. и галог. 1730DD        \n\n\nартикул: 1730DD",
            "product_img": "https://jung-pro.ru//assets/images/products/3163/me1940at.jpg"
        },
        "1731DD + ME1940AT": {
            "product_title": "Светорегулятор универсальный поворотно-нажимной LED 3-100Вт., 20-420Вт ламп накал. и галог., античная латунь 1731DD + ME1940AT",
            "product_brand": "Jung",
            "product_series": "LS 990",
            "product_article": "1731DD + ME1940AT",
            "product_material": "античная латунь",
            "product_color": "Светорегуляторы",
            "product_type": "Jung",
            "product_kind_material": "LS 990",
            "product_type_surface": "1731DD + ME1940AT",
            "product_halogen_free": "античная латунь",
            "product_mounting_orientation": "Светорегуляторы",
            "product_field_of_inscription": "металл",
            "product_height": "матовый",
            "product_width": "да",
            "product_without_baffle": "в сборе с механизмом",
            "product_hinged_lid": "да",
            "product_degree_of_protection": "220-250В",
            "product_number_of_posts": "нет",
            "product_other_1": "Jung LS 990 накладка на роторные диммеры, Антик ME1940AT        \n\n\nартикул: ME1940AT",
            "product_other_2": "JUNG Роторный диммер универсальный LED 3-210 вт, 20-420Вт ламп накал. и галог., 1731DD        \n\n\nартикул: 1731DD",
            "product_img": "https://jung-pro.ru//assets/images/products/3423/me1940at.jpg"
        },
        "211GDE + ME1940AT": {
            "product_title": "Светорегулятор поворотный 100-1000 Вт. для ламп накаливания и галог.220В 211GDE + ME1940AT",
            "product_brand": "Jung",
            "product_series": "LS 990",
            "product_article": "211GDE + ME1940AT",
            "product_material": "античная латунь",
            "product_color": "Светорегуляторы",
            "product_type": "Jung",
            "product_kind_material": "LS 990",
            "product_type_surface": "211GDE + ME1940AT",
            "product_halogen_free": "античная латунь",
            "product_mounting_orientation": "Светорегуляторы",
            "product_field_of_inscription": "металл",
            "product_height": "матовый",
            "product_width": "да",
            "product_without_baffle": "в сборе с механизмом",
            "product_hinged_lid": "220-250В",
            "product_degree_of_protection": "нет",
            "product_number_of_posts": "механизм с накладкой",
            "product_other_1": "Jung LS 990 накладка на роторные диммеры, Антик ME1940AT        \n\n\nартикул: ME1940AT",
            "product_other_2": "Jung механизм светорегуляторп поворотно-нажимного 100-1000 Вт для л/н 211GDE        \n\n\nартикул: 211GDE",
            "product_img": "https://jung-pro.ru//assets/images/products/1407/dimmer-lat.jpeg"
        },
        "FTRME231AT": {
            "product_title": "Термостат 230 В~ 10А с выносным датчиком для электрического подогрева пола FTRME231AT",
            "product_brand": "Jung",
            "product_series": "LS 990",
            "product_article": "FTRME231AT",
            "product_material": "античная латунь",
            "product_color": "Терморегуляторы теплого пола",
            "product_type": "Jung",
            "product_kind_material": "LS 990",
            "product_type_surface": "FTRME231AT",
            "product_halogen_free": "античная латунь",
            "product_mounting_orientation": "Терморегуляторы теплого пола",
            "product_field_of_inscription": "нет",
            "product_height": "металл",
            "product_width": "матовый",
            "product_without_baffle": "да",
            "product_hinged_lid": "в сборе с механизмом",
            "product_degree_of_protection": "220-250В",
            "product_number_of_posts": "нет",
            "product_img": "https://jung-pro.ru//assets/images/products/1444/tepl-pol-lat.jpeg"
        },
        "1201URE + ME1180AT": {
            "product_title": "Автоматический выключатель 230 В~ , 40-400Вт, трехпроводное подключение, высота монтажа 1,1м 1201URE + ME1180AT",
            "product_brand": "Jung",
            "product_series": "LS 990",
            "product_article": "1201URE + ME1180AT",
            "product_material": "античная латунь",
            "product_color": "Выключатели автоматические",
            "product_type": "Jung",
            "product_kind_material": "LS 990",
            "product_type_surface": "1201URE + ME1180AT",
            "product_halogen_free": "античная латунь",
            "product_mounting_orientation": "Выключатели автоматические",
            "product_field_of_inscription": "металл",
            "product_height": "матовый",
            "product_width": "да",
            "product_without_baffle": "в сборе с механизмом",
            "product_hinged_lid": "220-250В",
            "product_degree_of_protection": "нет",
            "product_number_of_posts": "механизм с накладкой",
            "product_other_1": "Jung механизм Электронный выключатель 1-канальный(необходима нейтраль) 1201URE        \n\n\nартикул: 1201URE",
            "product_other_2": "Jung LS 990 Датчик движения, универсальный ME1180AT        \n\n\nартикул: ME1180AT",
            "product_img": "https://jung-pro.ru//assets/images/products/990/dvij-lat.jpeg"
        },
        "ME2990AAT": {
            "product_title": "Кабельный вывод с суппортом, Jung, светло-cерый ME2990AAT",
            "product_brand": "Jung",
            "product_series": "LS 990",
            "product_article": "ME2990AAT",
            "product_material": "античная латунь",
            "product_color": "Вывод кабеля",
            "product_type": "Jung",
            "product_kind_material": "LS 990",
            "product_type_surface": "ME2990AAT",
            "product_halogen_free": "античная латунь",
            "product_mounting_orientation": "Вывод кабеля",
            "product_field_of_inscription": "металл",
            "product_height": "матовый",
            "product_width": "да",
            "product_without_baffle": "в сборе с механизмом",
            "product_hinged_lid": "нет",
            "product_degree_of_protection": "механизм с накладкой",
            "product_number_of_posts": "встроенный монтаж",
            "product_img": "https://jung-pro.ru//assets/images/products/756/vivod-lat.jpeg"
        },
        "ME2994BAT": {
            "product_title": "Заглушка с опорной пластиной ME2994BAT",
            "product_brand": "Jung",
            "product_series": "LS 990",
            "product_article": "ME2994BAT",
            "product_material": "античная латунь",
            "product_color": "Заглушки",
            "product_type": "Jung",
            "product_kind_material": "LS 990",
            "product_type_surface": "ME2994BAT",
            "product_halogen_free": "античная латунь",
            "product_mounting_orientation": "Заглушки",
            "product_field_of_inscription": "металл",
            "product_height": "матовый",
            "product_width": "да",
            "product_without_baffle": "в сборе с механизмом",
            "product_hinged_lid": "нет",
            "product_degree_of_protection": "механизм с накладкой",
            "product_number_of_posts": "встроенный монтаж",
            "product_img": "https://jung-pro.ru//assets/images/products/1018/zagl-lat.jpeg"
        }
}
