{
    "506u + 90 + ME2990KO5AT": {
        "product_title": "Выключатель одноклавишный с подсветкой, универс. (вкл/выкл с 2-х мест) 10 А / 250 В~ 506u + 90 + ME2990KO5AT",
        "product_brand": "Jung",
        "product_series": "LS 990",
        "product_article": "506u + 90 + ME2990KO5AT",
        "product_material": "античная латунь",
        "product_color": "Выключатели",
        "product_type": "Jung",
        "product_kind_material": "LS 990",
        "product_type_surface": "506u + 90 + ME2990KO5AT",
        "product_halogen_free": "античная латунь",
        "product_mounting_orientation": "Выключатели",
        "product_field_of_inscription": "металл",
        "product_height": "матовый",
        "product_width": "да",
        "product_without_baffle": "в сборе с механизмом",
        "product_hinged_lid": "нет",
        "product_degree_of_protection": "220-250В",
        "product_number_of_posts": "нет",
        "product_other_1": "Jung Мех Лампа неоновая для 1-клавишных механизмов 230V, 1,1mA 90        \n\n\nартикул: 90",
        "product_other_2": "Выключатель 10AX 250V универсальный 506U        \n\n\nартикул: 506U",
        "product_other_3": "Jung LS 990 клавиша на выключатель, с окошком, Антик ME2990KO5AT        \n\n\nартикул: ME2990KO5AT",
        "product_img": "https://jung-pro.ru//assets/images/products/890/1-kl-s-pods-lat.jpeg"
    }
}