{
    "EPUAE8UPO + ME2969-1UAAT": {
        "product_title": "Розетка телефонная одинарная RJ11 EPUAE8UPO + ME2969-1UAAT",
        "product_brand": "Jung",
        "product_series": "LS 990",
        "product_article": "EPUAE8UPO + ME2969-1UAAT",
        "product_material": "античная латунь",
        "product_color": "Розетки телеф/комп",
        "product_type": "одинарная",
        "product_kind_material": "Jung",
        "product_type_surface": "LS 990",
        "product_halogen_free": "EPUAE8UPO + ME2969-1UAAT",
        "product_mounting_orientation": "античная латунь",
        "product_field_of_inscription": "Розетки телеф/комп",
        "product_height": "металл",
        "product_width": "матовый",
        "product_without_baffle": "да",
        "product_hinged_lid": "в сборе с механизмом",
        "product_degree_of_protection": "220-250В",
        "product_number_of_posts": "нет",
        "product_other_1": "Jung Телефонная UAE розетка, 8-ми полюсная; один терминал EPUAE8UPO        \n\n\nартикул: EPUAE8UPO",
        "product_other_2": "Jung LS 990 накладка на UAE-розетки, Антик ME2969-1UAAT        \n\n\nартикул: ME2969-1UAAT",
        "product_img": "https://jung-pro.ru//assets/images/products/1227/1-tel-lat.jpeg"
    }
}