{
    "EPUAE8-8UPOK6 + ME2969-2UAAT": {
        "product_title": "Розетка компьютерная двойная RJ45 6-й кат. EPUAE8-8UPOK6 + ME2969-2UAAT",
        "product_brand": "Jung",
        "product_series": "LS 990",
        "product_article": "EPUAE8-8UPOK6 + ME2969-2UAAT",
        "product_material": "античная латунь",
        "product_color": "Розетки телеф/комп",
        "product_type": "двойная",
        "product_kind_material": "Jung",
        "product_type_surface": "LS 990",
        "product_halogen_free": "EPUAE8-8UPOK6 + ME2969-2UAAT",
        "product_mounting_orientation": "античная латунь",
        "product_field_of_inscription": "Розетки телеф/комп",
        "product_height": "металл",
        "product_width": "матовый",
        "product_without_baffle": "да",
        "product_hinged_lid": "в сборе с механизмом",
        "product_degree_of_protection": "220-250В",
        "product_number_of_posts": "нет",
        "product_other_1": "Jung Компьютерная UAE розетка 6-й категории, 8-ми полюсная, экранированная; два терминала EPUAE8-8UPOK6        \n\n\nартикул: EPUAE8-8UPOK6",
        "product_other_2": "Jung LS 990 Накладнка на двойные UAE-розетки, Антик ME2969-2UAAT        \n\n\nартикул: ME2969-2UAAT",
        "product_img": "https://jung-pro.ru//assets/images/products/1223/2-tel-lat.jpeg"
    }
}