{
    "1731DD + ME1940AT": {
        "product_title": "Светорегулятор универсальный поворотно-нажимной LED 3-100Вт., 20-420Вт ламп накал. и галог., античная латунь 1731DD + ME1940AT",
        "product_brand": "Jung",
        "product_series": "LS 990",
        "product_article": "1731DD + ME1940AT",
        "product_material": "античная латунь",
        "product_color": "Светорегуляторы",
        "product_type": "Jung",
        "product_kind_material": "LS 990",
        "product_type_surface": "1731DD + ME1940AT",
        "product_halogen_free": "античная латунь",
        "product_mounting_orientation": "Светорегуляторы",
        "product_field_of_inscription": "металл",
        "product_height": "матовый",
        "product_width": "да",
        "product_without_baffle": "в сборе с механизмом",
        "product_hinged_lid": "да",
        "product_degree_of_protection": "220-250В",
        "product_number_of_posts": "нет",
        "product_other_1": "Jung LS 990 накладка на роторные диммеры, Антик ME1940AT        \n\n\nартикул: ME1940AT",
        "product_other_2": "JUNG Роторный диммер универсальный LED 3-210 вт, 20-420Вт ламп накал. и галог., 1731DD        \n\n\nартикул: 1731DD",
        "product_img": "https://jung-pro.ru//assets/images/products/3423/me1940at.jpg"
    }
}