{
    "S2900-10 + ME2990TVAT": {
        "product_title": "Розетка телевизионная проходная TV FM, диапазон частот от 4 до 2400 MГц S2900-10 + ME2990TVAT",
        "product_brand": "Jung",
        "product_series": "LS 990",
        "product_article": "S2900-10 + ME2990TVAT",
        "product_material": "античная латунь",
        "product_color": "Розетки TV",
        "product_type": "Jung",
        "product_kind_material": "LS 990",
        "product_type_surface": "S2900-10 + ME2990TVAT",
        "product_halogen_free": "античная латунь",
        "product_mounting_orientation": "Розетки TV",
        "product_field_of_inscription": "металл",
        "product_height": "матовый",
        "product_width": "да",
        "product_without_baffle": "в сборе с механизмом",
        "product_hinged_lid": "220-250В",
        "product_degree_of_protection": "нет",
        "product_number_of_posts": "механизм с накладкой",
        "product_other_1": "TV-FM оконечная розетка, проходная S2900-10        \n\n\nартикул: S2900-10",
        "product_other_2": "Jung LS 990 накладка на TV-FM - механизма, Антик ME2990TVAT        \n\n\nартикул: ME2990TVAT",
        "product_img": "https://jung-pro.ru//assets/images/products/1097/me2990tvat.jpeg"
    }
}