{
    "211GDE + ME1940AT": {
        "product_title": "Светорегулятор поворотный 100-1000 Вт. для ламп накаливания и галог.220В 211GDE + ME1940AT",
        "product_brand": "Jung",
        "product_series": "LS 990",
        "product_article": "211GDE + ME1940AT",
        "product_material": "античная латунь",
        "product_color": "Светорегуляторы",
        "product_type": "Jung",
        "product_kind_material": "LS 990",
        "product_type_surface": "211GDE + ME1940AT",
        "product_halogen_free": "античная латунь",
        "product_mounting_orientation": "Светорегуляторы",
        "product_field_of_inscription": "металл",
        "product_height": "матовый",
        "product_width": "да",
        "product_without_baffle": "в сборе с механизмом",
        "product_hinged_lid": "220-250В",
        "product_degree_of_protection": "нет",
        "product_number_of_posts": "механизм с накладкой",
        "product_other_1": "Jung LS 990 накладка на роторные диммеры, Антик ME1940AT        \n\n\nартикул: ME1940AT",
        "product_other_2": "Jung механизм светорегуляторп поворотно-нажимного 100-1000 Вт для л/н 211GDE        \n\n\nартикул: 211GDE",
        "product_img": "https://jung-pro.ru//assets/images/products/1407/dimmer-lat.jpeg"
    }
}