{
    "505u5 + ME2995KO5AT": {
        "product_title": "Выключатель двухклавишный с подсветкой, 10 А / 250 В~ 505u5 + ME2995KO5AT",
        "product_brand": "Jung",
        "product_series": "LS 990",
        "product_article": "505u5 + ME2995KO5AT",
        "product_material": "античная латунь",
        "product_color": "Выключатели",
        "product_type": "Jung",
        "product_kind_material": "LS 990",
        "product_type_surface": "505u5 + ME2995KO5AT",
        "product_halogen_free": "античная латунь",
        "product_mounting_orientation": "Выключатели",
        "product_field_of_inscription": "металл",
        "product_height": "матовый",
        "product_width": "да",
        "product_without_baffle": "в сборе с механизмом",
        "product_hinged_lid": "нет",
        "product_degree_of_protection": "220-250В",
        "product_number_of_posts": "нет",
        "product_other_1": "Jung Выключатель 10AX 250V сдвоенный с двумя лампочками 505U5        \n\n\nартикул: 505U5",
        "product_other_2": "Jung LS 990 Двойная клавиша на выключатель, с окошком, Антик ME2995KO5AT        \n\n\nартикул: ME2995KO5AT",
        "product_img": "https://jung-pro.ru//assets/images/products/886/2-kl-s-pods-lat.jpeg"
    }
}