{
    "ME1520-15CAAT-L": {
        "product_title": "Розетка с заземлением + USB тип A+C, Jung 16А/250В античная латунь ME1520-15CAAT-L",
        "product_brand": "JUNG",
        "product_series": "LS 990",
        "product_article": "ME1520-15CAAT-L",
        "product_material": "античная латунь",
        "product_color": "Розетки электрические",
        "product_type": "тройная",
        "product_kind_material": "JUNG",
        "product_type_surface": "LS 990",
        "product_halogen_free": "ME1520-15CAAT-L",
        "product_mounting_orientation": "античная латунь",
        "product_field_of_inscription": "Розетки электрические",
        "product_height": "металл",
        "product_width": "матовый",
        "product_without_baffle": "да",
        "product_hinged_lid": "лапками и винтами",
        "product_degree_of_protection": "220-250В",
        "product_number_of_posts": "нет",
        "product_img": "https://jung-pro.ru//assets/images/products/3345/jung-me1520-15caat-l.png"
    }
}