{
    "ME2982AT": {
        "product_title": "Рамка на 2 поста, горизонтальная/вертикальная, Jung LS 990, античная латунь ME2982AT",
        "product_brand": "Jung",
        "product_series": "LS 990",
        "product_article": "ME2982AT",
        "product_material": "античная латунь",
        "product_color": "Рамки",
        "product_type": "Jung",
        "product_kind_material": "LS 990",
        "product_type_surface": "ME2982AT",
        "product_halogen_free": "античная латунь",
        "product_mounting_orientation": "Рамки",
        "product_field_of_inscription": "металл",
        "product_height": "матовый",
        "product_width": "да",
        "product_without_baffle": "горизонтальная,вертикальная",
        "product_hinged_lid": "нет",
        "product_degree_of_protection": "81",
        "product_number_of_posts": "152",
        "product_img": "https://jung-pro.ru//assets/images/products/697/51efa4a385c999faef9826360c75f40d.jpeg"
    }
}