{
    "ME2994BAT": {
        "product_title": "Заглушка с опорной пластиной ME2994BAT",
        "product_brand": "Jung",
        "product_series": "LS 990",
        "product_article": "ME2994BAT",
        "product_material": "античная латунь",
        "product_color": "Заглушки",
        "product_type": "Jung",
        "product_kind_material": "LS 990",
        "product_type_surface": "ME2994BAT",
        "product_halogen_free": "античная латунь",
        "product_mounting_orientation": "Заглушки",
        "product_field_of_inscription": "металл",
        "product_height": "матовый",
        "product_width": "да",
        "product_without_baffle": "в сборе с механизмом",
        "product_hinged_lid": "нет",
        "product_degree_of_protection": "механизм с накладкой",
        "product_number_of_posts": "встроенный монтаж",
        "product_img": "https://jung-pro.ru//assets/images/products/1018/zagl-lat.jpeg"
    }
}