{
    "ME2969TAT + USB15CAWW": {
        "product_title": "Розетка USB двойная для зарядки тип А+С, 2x700мA, винтовой зажим, античная латунь ME2969TAT + USB15CAWW",
        "product_brand": "JUNG",
        "product_series": "LS 990",
        "product_article": "ME2969TAT + USB15CAWW",
        "product_material": "античная латунь",
        "product_color": "Розетки USB",
        "product_type": "двойная",
        "product_kind_material": "JUNG",
        "product_type_surface": "LS 990",
        "product_halogen_free": "ME2969TAT + USB15CAWW",
        "product_mounting_orientation": "античная латунь",
        "product_field_of_inscription": "Розетки USB",
        "product_height": "металл",
        "product_width": "матовый",
        "product_without_baffle": "да",
        "product_hinged_lid": "в сборе с механизмом",
        "product_degree_of_protection": "220-250В",
        "product_number_of_posts": "нет",
        "product_other_1": "Jung LS 990 накладка на TAE-розетки, Антик ME2969TAT        \n\n\nартикул: ME2969TAT",
        "product_other_2": "Jung механизм USB-розетки тип А+С, 2 гнезда, до 1,4 А/ч USB15CAWW        \n\n\nартикул: USB15CAWW",
        "product_img": "https://jung-pro.ru//assets/images/products/3035/me2969tat.jpg"
    }
}