{
    "509VU + ME2995PAT": {
        "product_title": "Выключатель управления жалюзи клавишный, 10 А / 250 В~ 509VU + ME2995PAT",
        "product_brand": "Jung",
        "product_series": "LS 990",
        "product_article": "509VU + ME2995PAT",
        "product_material": "античная латунь",
        "product_color": "Управление жалюзи",
        "product_type": "Jung",
        "product_kind_material": "LS 990",
        "product_type_surface": "509VU + ME2995PAT",
        "product_halogen_free": "античная латунь",
        "product_mounting_orientation": "Управление жалюзи",
        "product_field_of_inscription": "металл",
        "product_height": "матовый",
        "product_width": "да",
        "product_without_baffle": "в сборе с механизмом",
        "product_hinged_lid": "220-250В",
        "product_degree_of_protection": "нет",
        "product_number_of_posts": "клавишный",
        "product_other_1": "Jung Выключатель для управления жалюзи с блокировкой одновременного нажатия 509VU        \n\n\nартикул: 509VU",
        "product_other_2": "Jung LS 990 ANTIK клавиша 2-Я ЖАЛЮЗИЙНАЯ ME2995PAT        \n\n\nартикул: ME2995PAT",
        "product_img": "https://jung-pro.ru//assets/images/products/1489/me2995pat.jpeg"
    }
}