{
    "FTRME231AT": {
        "product_title": "Термостат 230 В~ 10А с выносным датчиком для электрического подогрева пола FTRME231AT",
        "product_brand": "Jung",
        "product_series": "LS 990",
        "product_article": "FTRME231AT",
        "product_material": "античная латунь",
        "product_color": "Терморегуляторы теплого пола",
        "product_type": "Jung",
        "product_kind_material": "LS 990",
        "product_type_surface": "FTRME231AT",
        "product_halogen_free": "античная латунь",
        "product_mounting_orientation": "Терморегуляторы теплого пола",
        "product_field_of_inscription": "нет",
        "product_height": "металл",
        "product_width": "матовый",
        "product_without_baffle": "да",
        "product_hinged_lid": "в сборе с механизмом",
        "product_degree_of_protection": "220-250В",
        "product_number_of_posts": "нет",
        "product_img": "https://jung-pro.ru//assets/images/products/1444/tepl-pol-lat.jpeg"
    }
}