{
    "ME1520KIAT": {
        "product_title": "Розетка с заземляющими контактами 16 А / 250 В~ с защитой от детей ME1520KIAT",
        "product_brand": "Jung",
        "product_series": "LS 990",
        "product_article": "ME1520KIAT",
        "product_material": "античная латунь",
        "product_color": "Розетки электрические",
        "product_type": "одинарная",
        "product_kind_material": "Jung",
        "product_type_surface": "LS 990",
        "product_halogen_free": "ME1520KIAT",
        "product_mounting_orientation": "античная латунь",
        "product_field_of_inscription": "Розетки электрические",
        "product_height": "металл",
        "product_width": "матовый",
        "product_without_baffle": "да",
        "product_hinged_lid": "в сборе с механизмом",
        "product_degree_of_protection": "нет",
        "product_number_of_posts": "220-250В",
        "product_img": "https://jung-pro.ru//assets/images/products/1319/rozetka-lat.jpeg"
    }
}