{
    "A5583BFAL": {
        "product_title": "Рамка тройная Jung A 550 алюминий A5583BFAL",
        "product_brand": "Jung",
        "product_series": "A 550",
        "product_article": "A5583BFAL",
        "product_material": "алюминий",
        "product_color": "Рамки",
        "product_type": "Jung",
        "product_kind_material": "A 550",
        "product_type_surface": "A5583BFAL",
        "product_halogen_free": "алюминий",
        "product_mounting_orientation": "Рамки",
        "product_field_of_inscription": "термопласт",
        "product_height": "матовый",
        "product_width": "да",
        "product_without_baffle": "горизонтальная,вертикальная",
        "product_hinged_lid": "нет",
        "product_degree_of_protection": "85",
        "product_number_of_posts": "227",
        "product_img": "https://jung-pro.ru//assets/images/products/3137/a5583bfal.jpg"
    }
}