{
    "S2900-10 + A561BFPLTVANM": {
        "product_title": "Розетка TV FM проходная, диапазон частот от 4 до 2400 MГц S2900-10 + A561BFPLTVANM",
        "product_brand": "Jung",
        "product_series": "A creation, A Flow, A 550",
        "product_article": "S2900-10 + A561BFPLTVANM",
        "product_material": "антрацит матовый",
        "product_color": "Розетки TV",
        "product_type": "Jung",
        "product_kind_material": "A creation, A Flow, A 550",
        "product_type_surface": "S2900-10 + A561BFPLTVANM",
        "product_halogen_free": "антрацит матовый",
        "product_mounting_orientation": "Розетки TV",
        "product_field_of_inscription": "дуропласт",
        "product_height": "матовый",
        "product_width": "да",
        "product_without_baffle": "в сборе с механизмом",
        "product_hinged_lid": "220-250В",
        "product_degree_of_protection": "нет",
        "product_number_of_posts": "механизм с накладкой",
        "product_other_1": "Jung A 500 Антрацит накладка TV-FM розетки A561BFPLTVANM        \n\n\nартикул: A561BFPLTVANM",
        "product_other_2": "TV-FM оконечная розетка, проходная S2900-10        \n\n\nартикул: S2900-10",
        "product_img": "https://jung-pro.ru//assets/images/products/2050/a561bfpltvanm.png"
    }
}