{
    "506u + 90 + A590BFKO5ANM": {
        "product_title": "Выключатель одноклавишный универсальный с подсветкой, (вкл/выкл с 2-х мест) 10 А / 250 В~ 506u + 90 + A590BFKO5ANM",
        "product_brand": "Jung",
        "product_series": "A creation, A Flow, A 550",
        "product_article": "506u + 90 + A590BFKO5ANM",
        "product_material": "антрацит матовый",
        "product_color": "Выключатели",
        "product_type": "Jung",
        "product_kind_material": "A creation, A Flow, A 550",
        "product_type_surface": "506u + 90 + A590BFKO5ANM",
        "product_halogen_free": "антрацит матовый",
        "product_mounting_orientation": "Выключатели",
        "product_field_of_inscription": "дуропласт",
        "product_height": "матовый",
        "product_width": "да",
        "product_without_baffle": "в сборе с механизмом",
        "product_hinged_lid": "нет",
        "product_degree_of_protection": "220-250В",
        "product_number_of_posts": "нет",
        "product_other_1": "Jung Мех Лампа неоновая для 1-клавишных механизмов 230V, 1,1mA 90        \n\n\nартикул: 90",
        "product_other_2": "Выключатель 10AX 250V универсальный 506U        \n\n\nартикул: 506U",
        "product_other_3": "Jung A 500 клавиша одинарная с подсветкой антрацит матовый A590BFKO5ANM        \n\n\nартикул: A590BFKO5ANM",
        "product_img": "https://jung-pro.ru//assets/images/products/2041/a590bfko5anm.png"
    }
}