{
    "A569BFPLTANM + USB15CAWW": {
        "product_title": "Розетка USB двойная для зарядки тип А+С, 2x700мA, винтовой зажим, антрацит матовый A569BFPLTANM + USB15CAWW",
        "product_brand": "JUNG",
        "product_series": "A creation, ECO Profi, Eco Profi Deco, A Flow, A 550, ECO Profi Standart",
        "product_article": "A569BFPLTANM + USB15CAWW",
        "product_material": "антрацит матовый",
        "product_color": "Розетки USB",
        "product_type": "двойная",
        "product_kind_material": "JUNG",
        "product_type_surface": "A creation, ECO Profi, Eco Profi Deco, A Flow, A 550, ECO Profi Standart",
        "product_halogen_free": "A569BFPLTANM + USB15CAWW",
        "product_mounting_orientation": "антрацит матовый",
        "product_field_of_inscription": "Розетки USB",
        "product_height": "дуропласт",
        "product_width": "матовый",
        "product_without_baffle": "да",
        "product_hinged_lid": "в сборе с механизмом",
        "product_degree_of_protection": "220-250В",
        "product_number_of_posts": "нет",
        "product_other_1": "Jung A 500 Матовый антрацит. накладка розетки TAE, моно-/стерео аудио розетки A569BFPLTANM        \n\n\nартикул: A569BFPLTANM",
        "product_other_2": "Jung механизм USB-розетки тип А+С, 2 гнезда, до 1,4 А/ч USB15CAWW        \n\n\nартикул: USB15CAWW",
        "product_img": "https://jung-pro.ru//assets/images/products/3025/a569bfpltanm.jpg"
    }
}