{
    "A590BFAANM": {
        "product_title": "Вывод кабеля с суппортом A590BFAANM",
        "product_brand": "Jung",
        "product_series": "A creation, ECO Profi, Eco Profi Deco, A Flow, A 550, ECO Profi Standart",
        "product_article": "A590BFAANM",
        "product_material": "антрацит матовый",
        "product_color": "Вывод кабеля",
        "product_type": "Jung",
        "product_kind_material": "A creation, ECO Profi, Eco Profi Deco, A Flow, A 550, ECO Profi Standart",
        "product_type_surface": "A590BFAANM",
        "product_halogen_free": "антрацит матовый",
        "product_mounting_orientation": "Вывод кабеля",
        "product_field_of_inscription": "дуропласт",
        "product_height": "матовый",
        "product_width": "да",
        "product_without_baffle": "в сборе с механизмом",
        "product_hinged_lid": "нет",
        "product_degree_of_protection": "механизм с накладкой",
        "product_number_of_posts": "встроенный монтаж",
        "product_img": "https://jung-pro.ru//assets/images/products/2062/a590bfaanm.png"
    }
}