{
    "A5581BFAL": {
        "product_title": "Рамка одинарная Jung A 550 алюминий A5581BFAL",
        "product_brand": "Jung",
        "product_series": "A 550",
        "product_article": "A5581BFAL",
        "product_material": "алюминий",
        "product_color": "Рамки",
        "product_type": "Jung",
        "product_kind_material": "A 550",
        "product_type_surface": "A5581BFAL",
        "product_halogen_free": "алюминий",
        "product_mounting_orientation": "Рамки",
        "product_field_of_inscription": "термопласт",
        "product_height": "матовый",
        "product_width": "да",
        "product_without_baffle": "горизонтальная,вертикальная",
        "product_hinged_lid": "нет",
        "product_degree_of_protection": "85",
        "product_number_of_posts": "85",
        "product_img": "https://jung-pro.ru//assets/images/products/3135/a5581bfal.jpg"
    },
    "A5582BFAL": {
        "product_title": "Рамка двойная Jung A 550 алюминий A5582BFAL",
        "product_brand": "Jung",
        "product_series": "A 550",
        "product_article": "A5582BFAL",
        "product_material": "алюминий",
        "product_color": "Рамки",
        "product_type": "Jung",
        "product_kind_material": "A 550",
        "product_type_surface": "A5582BFAL",
        "product_halogen_free": "алюминий",
        "product_mounting_orientation": "Рамки",
        "product_field_of_inscription": "термопласт",
        "product_height": "матовый",
        "product_width": "да",
        "product_without_baffle": "горизонтальная,вертикальная",
        "product_hinged_lid": "нет",
        "product_degree_of_protection": "85",
        "product_number_of_posts": "156",
        "product_img": "https://jung-pro.ru//assets/images/products/3136/a5582bfal.jpg"
    },
    "A5583BFAL": {
        "product_title": "Рамка тройная Jung A 550 алюминий A5583BFAL",
        "product_brand": "Jung",
        "product_series": "A 550",
        "product_article": "A5583BFAL",
        "product_material": "алюминий",
        "product_color": "Рамки",
        "product_type": "Jung",
        "product_kind_material": "A 550",
        "product_type_surface": "A5583BFAL",
        "product_halogen_free": "алюминий",
        "product_mounting_orientation": "Рамки",
        "product_field_of_inscription": "термопласт",
        "product_height": "матовый",
        "product_width": "да",
        "product_without_baffle": "горизонтальная,вертикальная",
        "product_hinged_lid": "нет",
        "product_degree_of_protection": "85",
        "product_number_of_posts": "227",
        "product_img": "https://jung-pro.ru//assets/images/products/3137/a5583bfal.jpg"
    },
    "A5584BFAL": {
        "product_title": "Рамка четверная Jung A 550 алюминий A5584BFAL",
        "product_brand": "Jung",
        "product_series": "A 550",
        "product_article": "A5584BFAL",
        "product_material": "алюминий",
        "product_color": "Рамки",
        "product_type": "Jung",
        "product_kind_material": "A 550",
        "product_type_surface": "A5584BFAL",
        "product_halogen_free": "алюминий",
        "product_mounting_orientation": "Рамки",
        "product_field_of_inscription": "термопласт",
        "product_height": "матовый",
        "product_width": "да",
        "product_without_baffle": "горизонтальная,вертикальная",
        "product_hinged_lid": "нет",
        "product_degree_of_protection": "85",
        "product_number_of_posts": "298",
        "product_img": "https://jung-pro.ru//assets/images/products/3138/a5584bfal.jpg"
    },
    "A5585BFAL": {
        "product_title": "Рамка пятерная Jung A 550 алюминий A5585BFAL",
        "product_brand": "Jung",
        "product_series": "A 550",
        "product_article": "A5585BFAL",
        "product_material": "алюминий",
        "product_color": "Рамки",
        "product_type": "Jung",
        "product_kind_material": "A 550",
        "product_type_surface": "A5585BFAL",
        "product_halogen_free": "алюминий",
        "product_mounting_orientation": "Рамки",
        "product_field_of_inscription": "термопласт",
        "product_height": "матовый",
        "product_width": "да",
        "product_without_baffle": "горизонтальная,вертикальная",
        "product_hinged_lid": "нет",
        "product_degree_of_protection": "85",
        "product_number_of_posts": "369",
        "product_img": "https://jung-pro.ru//assets/images/products/3139/a5585bfal.jpg"
    },
    "501u + A590BFANM": {
        "product_title": "Выключатель одноклавишный, 10 А / 250 В~ 501u + A590BFANM",
        "product_brand": "Jung",
        "product_series": "A creation, A Flow, A 550",
        "product_article": "501u + A590BFANM",
        "product_material": "антрацит матовый",
        "product_color": "Выключатели",
        "product_type": "Jung",
        "product_kind_material": "A creation, A Flow, A 550",
        "product_type_surface": "501u + A590BFANM",
        "product_halogen_free": "антрацит матовый",
        "product_mounting_orientation": "Выключатели",
        "product_field_of_inscription": "дуропласт",
        "product_height": "матовый",
        "product_width": "да",
        "product_without_baffle": "в сборе с механизмом",
        "product_hinged_lid": "нет",
        "product_degree_of_protection": "220-250В",
        "product_number_of_posts": "нет",
        "product_other_1": "Jung A 500 Антрацит клавиша 1-я A590BFANM        \n\n\nартикул: A590BFANM",
        "product_other_2": "Jung Механизм Выключатель 1-клавишный 10AX 250V 501U        \n\n\nартикул: 501U",
        "product_img": "https://jung-pro.ru//assets/images/products/2036/a590bfanm.png"
    },
    "506u + A590BFANM": {
        "product_title": "Выключатель одноклавишный, универс. (вкл/выкл с 2-х мест) 10 А / 250 В~ 506u + A590BFANM",
        "product_brand": "Jung",
        "product_series": "A creation, A Flow, A 550",
        "product_article": "506u + A590BFANM",
        "product_material": "антрацит матовый",
        "product_color": "Выключатели",
        "product_type": "Jung",
        "product_kind_material": "A creation, A Flow, A 550",
        "product_type_surface": "506u + A590BFANM",
        "product_halogen_free": "антрацит матовый",
        "product_mounting_orientation": "Выключатели",
        "product_field_of_inscription": "дуропласт",
        "product_height": "матовый",
        "product_width": "да",
        "product_without_baffle": "в сборе с механизмом",
        "product_hinged_lid": "нет",
        "product_degree_of_protection": "220-250В",
        "product_number_of_posts": "нет",
        "product_other_1": "Jung A 500 Антрацит клавиша 1-я A590BFANM        \n\n\nартикул: A590BFANM",
        "product_other_2": "Выключатель 10AX 250V универсальный 506U        \n\n\nартикул: 506U",
        "product_img": "https://jung-pro.ru//assets/images/products/2037/a590bfanm.png"
    },
    "501u + 90 + A590BFKO5ANM": {
        "product_title": "Выключатель одноклавишный с подсветкой 10 А / 250 В~ 501u + 90 + A590BFKO5ANM",
        "product_brand": "Jung",
        "product_series": "A creation, A Flow, A 550",
        "product_article": "501u + 90 + A590BFKO5ANM",
        "product_material": "антрацит матовый",
        "product_color": "Выключатели",
        "product_type": "Jung",
        "product_kind_material": "A creation, A Flow, A 550",
        "product_type_surface": "501u + 90 + A590BFKO5ANM",
        "product_halogen_free": "антрацит матовый",
        "product_mounting_orientation": "Выключатели",
        "product_field_of_inscription": "дуропласт",
        "product_height": "матовый",
        "product_width": "да",
        "product_without_baffle": "в сборе с механизмом",
        "product_hinged_lid": "нет",
        "product_degree_of_protection": "220-250В",
        "product_number_of_posts": "нет",
        "product_other_1": "Jung Мех Лампа неоновая для 1-клавишных механизмов 230V, 1,1mA 90        \n\n\nартикул: 90",
        "product_other_2": "Jung Механизм Выключатель 1-клавишный 10AX 250V 501U        \n\n\nартикул: 501U",
        "product_other_3": "Jung A 500 клавиша одинарная с подсветкой антрацит матовый A590BFKO5ANM        \n\n\nартикул: A590BFKO5ANM",
        "product_img": "https://jung-pro.ru//assets/images/products/2040/a590bfko5anm.png"
    },
    "507u + A590BFANM": {
        "product_title": "Выключатель одноклавишный перекрестный (вкл/выкл с 3-х мест) 10 А / 250 В~ 507u + A590BFANM",
        "product_brand": "Jung",
        "product_series": "A creation, A Flow, A 550",
        "product_article": "507u + A590BFANM",
        "product_material": "антрацит матовый",
        "product_color": "Выключатели",
        "product_type": "Jung",
        "product_kind_material": "A creation, A Flow, A 550",
        "product_type_surface": "507u + A590BFANM",
        "product_halogen_free": "антрацит матовый",
        "product_mounting_orientation": "Выключатели",
        "product_field_of_inscription": "дуропласт",
        "product_height": "матовый",
        "product_width": "да",
        "product_without_baffle": "в сборе с механизмом",
        "product_hinged_lid": "нет",
        "product_degree_of_protection": "220-250В",
        "product_number_of_posts": "нет",
        "product_other_1": "Jung A 500 Антрацит клавиша 1-я A590BFANM        \n\n\nартикул: A590BFANM",
        "product_other_2": "Jung Мех Переключатель 1-клавишный перекрестный 507U        \n\n\nартикул: 507U",
        "product_img": "https://jung-pro.ru//assets/images/products/2039/a590bfanm.png"
    },
    "506u + 90 + A590BFKO5ANM": {
        "product_title": "Выключатель одноклавишный универсальный с подсветкой, (вкл/выкл с 2-х мест) 10 А / 250 В~ 506u + 90 + A590BFKO5ANM",
        "product_brand": "Jung",
        "product_series": "A creation, A Flow, A 550",
        "product_article": "506u + 90 + A590BFKO5ANM",
        "product_material": "антрацит матовый",
        "product_color": "Выключатели",
        "product_type": "Jung",
        "product_kind_material": "A creation, A Flow, A 550",
        "product_type_surface": "506u + 90 + A590BFKO5ANM",
        "product_halogen_free": "антрацит матовый",
        "product_mounting_orientation": "Выключатели",
        "product_field_of_inscription": "дуропласт",
        "product_height": "матовый",
        "product_width": "да",
        "product_without_baffle": "в сборе с механизмом",
        "product_hinged_lid": "нет",
        "product_degree_of_protection": "220-250В",
        "product_number_of_posts": "нет",
        "product_other_1": "Jung Мех Лампа неоновая для 1-клавишных механизмов 230V, 1,1mA 90        \n\n\nартикул: 90",
        "product_other_2": "Выключатель 10AX 250V универсальный 506U        \n\n\nартикул: 506U",
        "product_other_3": "Jung A 500 клавиша одинарная с подсветкой антрацит матовый A590BFKO5ANM        \n\n\nартикул: A590BFKO5ANM",
        "product_img": "https://jung-pro.ru//assets/images/products/2041/a590bfko5anm.png"
    },
    "509u + A595BFANM": {
        "product_title": "Выключатель двухклавишный, проходной (вкл/выкл с 2-х мест) 10 А / 250 В~ 509u + A595BFANM",
        "product_brand": "Jung",
        "product_series": "A creation, A Flow, A 550",
        "product_article": "509u + A595BFANM",
        "product_material": "антрацит матовый",
        "product_color": "Выключатели",
        "product_type": "Jung",
        "product_kind_material": "A creation, A Flow, A 550",
        "product_type_surface": "509u + A595BFANM",
        "product_halogen_free": "антрацит матовый",
        "product_mounting_orientation": "Выключатели",
        "product_field_of_inscription": "дуропласт",
        "product_height": "матовый",
        "product_width": "да",
        "product_without_baffle": "в сборе с механизмом",
        "product_hinged_lid": "нет",
        "product_degree_of_protection": "220-250В",
        "product_number_of_posts": "нет",
        "product_other_1": "Jung A 500 Антрацит клавиша 2-я A595BFANM        \n\n\nартикул: A595BFANM",
        "product_other_2": "Jung Выключатель 10AХ 250V универсальный сдвоенный 509U        \n\n\nартикул: 509U",
        "product_img": "https://jung-pro.ru//assets/images/products/2042/a595bfanm.png"
    },
    "505u5 + A595BFKO5ANM": {
        "product_title": "Выключатель двухклавишный с подсветкой, 10 А / 250 В~ 505u5 + A595BFKO5ANM",
        "product_brand": "Jung",
        "product_series": "A creation, A Flow, A 550",
        "product_article": "505u5 + A595BFKO5ANM",
        "product_material": "антрацит матовый",
        "product_color": "Выключатели",
        "product_type": "Jung",
        "product_kind_material": "A creation, A Flow, A 550",
        "product_type_surface": "505u5 + A595BFKO5ANM",
        "product_halogen_free": "антрацит матовый",
        "product_mounting_orientation": "Выключатели",
        "product_field_of_inscription": "дуропласт",
        "product_height": "матовый",
        "product_width": "да",
        "product_without_baffle": "в сборе с механизмом",
        "product_hinged_lid": "нет",
        "product_degree_of_protection": "220-250В",
        "product_number_of_posts": "нет",
        "product_other_1": "Jung клавиши для сдвоенных выключателей; A595BFKO5ANM        \n\n\nартикул: A595BFKO5ANM",
        "product_other_2": "Jung Выключатель 10AX 250V сдвоенный с двумя лампочками 505U5        \n\n\nартикул: 505U5",
        "product_img": "https://jung-pro.ru//assets/images/products/2043/a595bfko5anm.png"
    },
    "A1520BFANM": {
        "product_title": "Розетка с заземляющими контактами 16 А / 250 В~ A1520BFANM",
        "product_brand": "Jung",
        "product_series": "A creation, A Flow, A 550",
        "product_article": "A1520BFANM",
        "product_material": "антрацит матовый",
        "product_color": "Розетки электрические",
        "product_type": "одинарная",
        "product_kind_material": "Jung",
        "product_type_surface": "A creation, A Flow, A 550",
        "product_halogen_free": "A1520BFANM",
        "product_mounting_orientation": "антрацит матовый",
        "product_field_of_inscription": "Розетки электрические",
        "product_height": "дуропласт",
        "product_width": "матовый",
        "product_without_baffle": "да",
        "product_hinged_lid": "в сборе с механизмом",
        "product_degree_of_protection": "нет",
        "product_number_of_posts": "220-250В",
        "product_img": "https://jung-pro.ru//assets/images/products/2044/a1520bfanm.png"
    },
    "A1520BFKIANM": {
        "product_title": "Розетка с заземляющими контактами 16 А / 250 В~ с защитой от детей A1520BFKIANM",
        "product_brand": "Jung",
        "product_series": "A creation, A Flow, A 550",
        "product_article": "A1520BFKIANM",
        "product_material": "антрацит матовый",
        "product_color": "Розетки электрические",
        "product_type": "одинарная",
        "product_kind_material": "Jung",
        "product_type_surface": "A creation, A Flow, A 550",
        "product_halogen_free": "A1520BFKIANM",
        "product_mounting_orientation": "антрацит матовый",
        "product_field_of_inscription": "Розетки электрические",
        "product_height": "дуропласт",
        "product_width": "матовый",
        "product_without_baffle": "да",
        "product_hinged_lid": "в сборе с механизмом",
        "product_degree_of_protection": "нет",
        "product_number_of_posts": "220-250В",
        "product_img": "https://jung-pro.ru//assets/images/products/2045/a1520bfanm.png"
    },
    "A1520BFKLANM": {
        "product_title": "Розетка с заземляющими контактами 16 А / 250 В~, с откидной крышкой A1520BFKLANM",
        "product_brand": "Jung",
        "product_series": "A creation, A Flow, A 550",
        "product_article": "A1520BFKLANM",
        "product_material": "антрацит матовый",
        "product_color": "Розетки электрические",
        "product_type": "одинарная",
        "product_kind_material": "Jung",
        "product_type_surface": "A creation, A Flow, A 550",
        "product_halogen_free": "A1520BFKLANM",
        "product_mounting_orientation": "антрацит матовый",
        "product_field_of_inscription": "Розетки электрические",
        "product_height": "дуропласт",
        "product_width": "матовый",
        "product_without_baffle": "да",
        "product_hinged_lid": "в сборе с механизмом",
        "product_degree_of_protection": "нет",
        "product_number_of_posts": "220-250В",
        "product_img": "https://jung-pro.ru//assets/images/products/2059/a1520bfklanm.png"
    },
    "551wu + A1520BFKLANM": {
        "product_title": "Розетка с заземляющими контактами 16 А / 250 В~, с откидной крышкой и уплотнительной мембраной IP44 551wu + A1520BFKLANM",
        "product_brand": "Jung",
        "product_series": "A creation, A Flow, A 550",
        "product_article": "551wu + A1520BFKLANM",
        "product_material": "антрацит матовый",
        "product_color": "Розетки электрические",
        "product_type": "одинарная",
        "product_kind_material": "Jung",
        "product_type_surface": "A creation, A Flow, A 550",
        "product_halogen_free": "551wu + A1520BFKLANM",
        "product_mounting_orientation": "антрацит матовый",
        "product_field_of_inscription": "Розетки электрические",
        "product_height": "дуропласт",
        "product_width": "матовый",
        "product_without_baffle": "да",
        "product_hinged_lid": "в сборе с механизмом",
        "product_degree_of_protection": "нет",
        "product_number_of_posts": "220-250В",
        "product_other_1": "Уплотнительная мембрана для влагозащиты 551WU        \n\n\nартикул: 551WU",
        "product_other_2": "Розетка с заземляющими контактами 16 А / 250 В~, с откидной крышкой A1520BFKLANM        \n\n\nартикул: A1520BFKLANM                            материал: пластик                            цвет: антрацит матовый",
        "product_img": "https://jung-pro.ru//assets/images/products/2046/a1520bfklanm.png"
    },
    "A1520-18AANM": {
        "product_title": "Розетка с заземлением + USB тип A, Jung 16А/250В антрацит матовый A1520-18AANM",
        "product_brand": "JUNG",
        "product_series": "A creation, ECO Profi, Eco Profi Deco, A Flow, A 550, ECO Profi Standart",
        "product_article": "A1520-18AANM",
        "product_material": "антрацит матовый",
        "product_color": "Розетки электрические",
        "product_type": "двойная",
        "product_kind_material": "JUNG",
        "product_type_surface": "A creation, ECO Profi, Eco Profi Deco, A Flow, A 550, ECO Profi Standart",
        "product_halogen_free": "A1520-18AANM",
        "product_mounting_orientation": "антрацит матовый",
        "product_field_of_inscription": "Розетки электрические",
        "product_height": "дуропласт",
        "product_width": "матовый",
        "product_without_baffle": "да",
        "product_hinged_lid": "лапками и винтами",
        "product_degree_of_protection": "220-250В",
        "product_number_of_posts": "нет",
        "product_img": "https://jung-pro.ru//assets/images/products/3352/jung-a1520-18aanm.png"
    },
    "A1520-18CANM": {
        "product_title": "Розетка с заземлением + USB тип C, Jung 16А/250В антрацит матовый A1520-18CANM",
        "product_brand": "JUNG",
        "product_series": "A creation, ECO Profi, Eco Profi Deco, A Flow, A 550, ECO Profi Standart",
        "product_article": "A1520-18CANM",
        "product_material": "антрацит матовый",
        "product_color": "Розетки электрические",
        "product_type": "двойная",
        "product_kind_material": "JUNG",
        "product_type_surface": "A creation, ECO Profi, Eco Profi Deco, A Flow, A 550, ECO Profi Standart",
        "product_halogen_free": "A1520-18CANM",
        "product_mounting_orientation": "антрацит матовый",
        "product_field_of_inscription": "Розетки электрические",
        "product_height": "дуропласт",
        "product_width": "матовый",
        "product_without_baffle": "да",
        "product_hinged_lid": "лапками и винтами",
        "product_degree_of_protection": "220-250В",
        "product_number_of_posts": "нет",
        "product_img": "https://jung-pro.ru//assets/images/products/3359/jung-a1520-18canm.png"
    },
    "A1520-15CAANM": {
        "product_title": "Розетка с заземлением + USB тип A+C, Jung 16А/250В антрацит матовый A1520-15CAANM",
        "product_brand": "JUNG",
        "product_series": "A creation, ECO Profi, Eco Profi Deco, A Flow, A 550, ECO Profi Standart",
        "product_article": "A1520-15CAANM",
        "product_material": "антрацит матовый",
        "product_color": "Розетки электрические",
        "product_type": "тройная",
        "product_kind_material": "JUNG",
        "product_type_surface": "A creation, ECO Profi, Eco Profi Deco, A Flow, A 550, ECO Profi Standart",
        "product_halogen_free": "A1520-15CAANM",
        "product_mounting_orientation": "антрацит матовый",
        "product_field_of_inscription": "Розетки электрические",
        "product_height": "дуропласт",
        "product_width": "матовый",
        "product_without_baffle": "да",
        "product_hinged_lid": "лапками и винтами",
        "product_degree_of_protection": "220-250В",
        "product_number_of_posts": "нет",
        "product_img": "https://jung-pro.ru//assets/images/products/3366/jung-a1520-15caanm.png"
    },
    "A569BFPLTANM + USB15CAWW": {
        "product_title": "Розетка USB двойная для зарядки тип А+С, 2x700мA, винтовой зажим, антрацит матовый A569BFPLTANM + USB15CAWW",
        "product_brand": "JUNG",
        "product_series": "A creation, ECO Profi, Eco Profi Deco, A Flow, A 550, ECO Profi Standart",
        "product_article": "A569BFPLTANM + USB15CAWW",
        "product_material": "антрацит матовый",
        "product_color": "Розетки USB",
        "product_type": "двойная",
        "product_kind_material": "JUNG",
        "product_type_surface": "A creation, ECO Profi, Eco Profi Deco, A Flow, A 550, ECO Profi Standart",
        "product_halogen_free": "A569BFPLTANM + USB15CAWW",
        "product_mounting_orientation": "антрацит матовый",
        "product_field_of_inscription": "Розетки USB",
        "product_height": "дуропласт",
        "product_width": "матовый",
        "product_without_baffle": "да",
        "product_hinged_lid": "в сборе с механизмом",
        "product_degree_of_protection": "220-250В",
        "product_number_of_posts": "нет",
        "product_other_1": "Jung A 500 Матовый антрацит. накладка розетки TAE, моно-/стерео аудио розетки A569BFPLTANM        \n\n\nартикул: A569BFPLTANM",
        "product_other_2": "Jung механизм USB-розетки тип А+С, 2 гнезда, до 1,4 А/ч USB15CAWW        \n\n\nартикул: USB15CAWW",
        "product_img": "https://jung-pro.ru//assets/images/products/3025/a569bfpltanm.jpg"
    },
    "S2900 + A561BFPLTVANM": {
        "product_title": "Розетка TV FM оконечная, диапазон частот от 4 до 2400 MГц S2900 + A561BFPLTVANM",
        "product_brand": "Jung",
        "product_series": "A creation, A Flow, A 550",
        "product_article": "S2900 + A561BFPLTVANM",
        "product_material": "антрацит матовый",
        "product_color": "Розетки TV",
        "product_type": "Jung",
        "product_kind_material": "A creation, A Flow, A 550",
        "product_type_surface": "S2900 + A561BFPLTVANM",
        "product_halogen_free": "антрацит матовый",
        "product_mounting_orientation": "Розетки TV",
        "product_field_of_inscription": "дуропласт",
        "product_height": "матовый",
        "product_width": "да",
        "product_without_baffle": "в сборе с механизмом",
        "product_hinged_lid": "220-250В",
        "product_degree_of_protection": "нет",
        "product_number_of_posts": "механизм с накладкой",
        "product_other_1": "TV-FM оконечная розетка S2900        \n\n\nартикул: S2900",
        "product_other_2": "Jung A 500 Антрацит накладка TV-FM розетки A561BFPLTVANM        \n\n\nартикул: A561BFPLTVANM",
        "product_img": "https://jung-pro.ru//assets/images/products/2049/a561bfpltvanm.png"
    },
    "S2900-10 + A561BFPLTVANM": {
        "product_title": "Розетка TV FM проходная, диапазон частот от 4 до 2400 MГц S2900-10 + A561BFPLTVANM",
        "product_brand": "Jung",
        "product_series": "A creation, A Flow, A 550",
        "product_article": "S2900-10 + A561BFPLTVANM",
        "product_material": "антрацит матовый",
        "product_color": "Розетки TV",
        "product_type": "Jung",
        "product_kind_material": "A creation, A Flow, A 550",
        "product_type_surface": "S2900-10 + A561BFPLTVANM",
        "product_halogen_free": "антрацит матовый",
        "product_mounting_orientation": "Розетки TV",
        "product_field_of_inscription": "дуропласт",
        "product_height": "матовый",
        "product_width": "да",
        "product_without_baffle": "в сборе с механизмом",
        "product_hinged_lid": "220-250В",
        "product_degree_of_protection": "нет",
        "product_number_of_posts": "механизм с накладкой",
        "product_other_1": "Jung A 500 Антрацит накладка TV-FM розетки A561BFPLTVANM        \n\n\nартикул: A561BFPLTVANM",
        "product_other_2": "TV-FM оконечная розетка, проходная S2900-10        \n\n\nартикул: S2900-10",
        "product_img": "https://jung-pro.ru//assets/images/products/2050/a561bfpltvanm.png"
    },
    "S4100 + A561BFPLSATANM": {
        "product_title": "Розетка TV SAT FM оконечная, диапазон частот от 4 до 2400 MГц S4100 + A561BFPLSATANM",
        "product_brand": "Jung",
        "product_series": "A creation, A Flow, A 550",
        "product_article": "S4100 + A561BFPLSATANM",
        "product_material": "антрацит матовый",
        "product_color": "Розетки TV",
        "product_type": "Jung",
        "product_kind_material": "A creation, A Flow, A 550",
        "product_type_surface": "S4100 + A561BFPLSATANM",
        "product_halogen_free": "антрацит матовый",
        "product_mounting_orientation": "Розетки TV",
        "product_field_of_inscription": "дуропласт",
        "product_height": "матовый",
        "product_width": "да",
        "product_without_baffle": "в сборе с механизмом",
        "product_hinged_lid": "220-250В",
        "product_degree_of_protection": "нет",
        "product_number_of_posts": "механизм с накладкой",
        "product_other_1": "Jung A 500 Антрацит накладка TV-SAT-FM розетки A561BFPLSATANM        \n\n\nартикул: A561BFPLSATANM",
        "product_other_2": "Розетка универсальная для систем приема спутникового, эфирного и кабельного вещания, оконечная S4100        \n\n\nартикул: S4100",
        "product_img": "https://jung-pro.ru//assets/images/products/2047/a561bfplsatanm.png"
    },
    "S4110 + A561BFPLSATANM": {
        "product_title": "Розетка TV SAT FM проходная, диапазон частот от 4 до 2400 MГц S4110 + A561BFPLSATANM",
        "product_brand": "Jung",
        "product_series": "A creation, A Flow, A 550",
        "product_article": "S4110 + A561BFPLSATANM",
        "product_material": "антрацит матовый",
        "product_color": "Розетки TV",
        "product_type": "Jung",
        "product_kind_material": "A creation, A Flow, A 550",
        "product_type_surface": "S4110 + A561BFPLSATANM",
        "product_halogen_free": "антрацит матовый",
        "product_mounting_orientation": "Розетки TV",
        "product_field_of_inscription": "дуропласт",
        "product_height": "матовый",
        "product_width": "да",
        "product_without_baffle": "в сборе с механизмом",
        "product_hinged_lid": "220-250В",
        "product_degree_of_protection": "нет",
        "product_number_of_posts": "механизм с накладкой",
        "product_other_1": "Jung A 500 Антрацит накладка TV-SAT-FM розетки A561BFPLSATANM        \n\n\nартикул: A561BFPLSATANM",
        "product_other_2": "Jung Мех Розетка TV-FM-SAT проходная S4110        \n\n\nартикул: S4110",
        "product_img": "https://jung-pro.ru//assets/images/products/2048/a561bfplsatanm.png"
    },
    "EPUAE8UPO + A569-1BFPLUAANM": {
        "product_title": "Розетка телефонная одинарная RJ11 EPUAE8UPO + A569-1BFPLUAANM",
        "product_brand": "Jung",
        "product_series": "A creation, A Flow, A 550",
        "product_article": "EPUAE8UPO + A569-1BFPLUAANM",
        "product_material": "антрацит матовый",
        "product_color": "Розетки телеф/комп",
        "product_type": "одинарная",
        "product_kind_material": "Jung",
        "product_type_surface": "A creation, A Flow, A 550",
        "product_halogen_free": "EPUAE8UPO + A569-1BFPLUAANM",
        "product_mounting_orientation": "антрацит матовый",
        "product_field_of_inscription": "Розетки телеф/комп",
        "product_height": "дуропласт",
        "product_width": "матовый",
        "product_without_baffle": "да",
        "product_hinged_lid": "в сборе с механизмом",
        "product_degree_of_protection": "220-250В",
        "product_number_of_posts": "нет",
        "product_other_1": "Jung Телефонная UAE розетка, 8-ми полюсная; один терминал EPUAE8UPO        \n\n\nартикул: EPUAE8UPO",
        "product_other_2": "Jung A 500 Антрацит накладка 1-ой наклонной ТЛФ/комп розетки A569-1BFPLUAANM        \n\n\nартикул: A569-1BFPLUAANM",
        "product_img": "https://jung-pro.ru//assets/images/products/2053/a569-1bfpluaanm.png"
    },
    "EPUAE8-8UPO + A569-2BFPLUAANM": {
        "product_title": "Розетка телефонная двойная RJ11 EPUAE8-8UPO + A569-2BFPLUAANM",
        "product_brand": "Jung",
        "product_series": "A creation, A Flow, A 550",
        "product_article": "EPUAE8-8UPO + A569-2BFPLUAANM",
        "product_material": "антрацит матовый",
        "product_color": "Розетки телеф/комп",
        "product_type": "двойная",
        "product_kind_material": "Jung",
        "product_type_surface": "A creation, A Flow, A 550",
        "product_halogen_free": "EPUAE8-8UPO + A569-2BFPLUAANM",
        "product_mounting_orientation": "антрацит матовый",
        "product_field_of_inscription": "Розетки телеф/комп",
        "product_height": "дуропласт",
        "product_width": "матовый",
        "product_without_baffle": "да",
        "product_hinged_lid": "в сборе с механизмом",
        "product_degree_of_protection": "220-250В",
        "product_number_of_posts": "нет",
        "product_other_1": "Jung A 500 Антрацит накладка 2-ой наклонной ТЛФ/комп розетки A569-2BFPLUAANM        \n\n\nартикул: A569-2BFPLUAANM",
        "product_other_2": "Jung телефонная UAE розетка, 8-ми полюсная; два терминала EPUAE8-8UPO        \n\n\nартикул: EPUAE8-8UPO",
        "product_img": "https://jung-pro.ru//assets/images/products/2054/a569-2bfpluaanm.png"
    },
    "EPUAE8UPOK6 + A569-1BFPLUAANM": {
        "product_title": "Розетка компьютерная одинарная RJ45 6-й кат. EPUAE8UPOK6 + A569-1BFPLUAANM",
        "product_brand": "Jung",
        "product_series": "A creation, A Flow, A 550",
        "product_article": "EPUAE8UPOK6 + A569-1BFPLUAANM",
        "product_material": "антрацит матовый",
        "product_color": "Розетки телеф/комп",
        "product_type": "одинарная",
        "product_kind_material": "Jung",
        "product_type_surface": "A creation, A Flow, A 550",
        "product_halogen_free": "EPUAE8UPOK6 + A569-1BFPLUAANM",
        "product_mounting_orientation": "антрацит матовый",
        "product_field_of_inscription": "Розетки телеф/комп",
        "product_height": "дуропласт",
        "product_width": "матовый",
        "product_without_baffle": "да",
        "product_hinged_lid": "в сборе с механизмом",
        "product_degree_of_protection": "220-250В",
        "product_number_of_posts": "нет",
        "product_other_1": "Jung A 500 Антрацит накладка 1-ой наклонной ТЛФ/комп розетки A569-1BFPLUAANM        \n\n\nартикул: A569-1BFPLUAANM",
        "product_other_2": "Компьютерная UAE розетка 6-й категории, 8-ми полюсная, экранированная, один терминал EPUAE8UPOK6        \n\n\nартикул: EPUAE8UPOK6",
        "product_img": "https://jung-pro.ru//assets/images/products/2055/a569-1bfpluaanm.png"
    },
    "EPUAE8-8UPOK6 + A569-2BFPLUAANM": {
        "product_title": "Розетка компьютерная двойная RJ45 6-й кат. EPUAE8-8UPOK6 + A569-2BFPLUAANM",
        "product_brand": "Jung",
        "product_series": "A creation, A Flow, A 550",
        "product_article": "EPUAE8-8UPOK6 + A569-2BFPLUAANM",
        "product_material": "антрацит матовый",
        "product_color": "Розетки телеф/комп",
        "product_type": "двойная",
        "product_kind_material": "Jung",
        "product_type_surface": "A creation, A Flow, A 550",
        "product_halogen_free": "EPUAE8-8UPOK6 + A569-2BFPLUAANM",
        "product_mounting_orientation": "антрацит матовый",
        "product_field_of_inscription": "Розетки телеф/комп",
        "product_height": "дуропласт",
        "product_width": "матовый",
        "product_without_baffle": "да",
        "product_hinged_lid": "в сборе с механизмом",
        "product_degree_of_protection": "220-250В",
        "product_number_of_posts": "нет",
        "product_other_1": "Jung A 500 Антрацит накладка 2-ой наклонной ТЛФ/комп розетки A569-2BFPLUAANM        \n\n\nартикул: A569-2BFPLUAANM",
        "product_other_2": "Jung Компьютерная UAE розетка 6-й категории, 8-ми полюсная, экранированная; два терминала EPUAE8-8UPOK6        \n\n\nартикул: EPUAE8-8UPOK6",
        "product_img": "https://jung-pro.ru//assets/images/products/2056/a569-2bfpluaanm.png"
    },
    "SLA2AN + A569BFPLTANM": {
        "product_title": "Розетка аудио двойная SLA2AN + A569BFPLTANM",
        "product_brand": "Jung",
        "product_series": "A creation, ECO Profi, Eco Profi Deco, A Flow, A 550, ECO Profi Standart",
        "product_article": "SLA2AN + A569BFPLTANM",
        "product_material": "антрацит матовый",
        "product_color": "Розетки акустические",
        "product_type": "двойная",
        "product_kind_material": "Jung",
        "product_type_surface": "A creation, ECO Profi, Eco Profi Deco, A Flow, A 550, ECO Profi Standart",
        "product_halogen_free": "SLA2AN + A569BFPLTANM",
        "product_mounting_orientation": "антрацит матовый",
        "product_field_of_inscription": "Розетки акустические",
        "product_height": "дуропласт",
        "product_width": "матовый",
        "product_without_baffle": "да",
        "product_hinged_lid": "в сборе с механизмом",
        "product_degree_of_protection": "220-250В",
        "product_number_of_posts": "нет",
        "product_other_1": "Jung A 500 Матовый антрацит. накладка розетки TAE, моно-/стерео аудио розетки A569BFPLTANM        \n\n\nартикул: A569BFPLTANM",
        "product_other_2": "Jung Гнездо для громкоговорителя двухполюсное; антрацит SLA2AN        \n\n\nартикул: SLA2AN",
        "product_img": "https://jung-pro.ru//assets/images/products/2052/a569bfpltanm.png"
    },
    "539VU + A595BFPANM": {
        "product_title": "Выключатель управления жалюзи кнопочный, 10 А / 250 В~ 539VU + A595BFPANM",
        "product_brand": "Jung",
        "product_series": "A creation, ECO Profi, Eco Profi Deco, A Flow, A 550, ECO Profi Standart",
        "product_article": "539VU + A595BFPANM",
        "product_material": "антрацит матовый",
        "product_color": "Управление жалюзи",
        "product_type": "Jung",
        "product_kind_material": "A creation, ECO Profi, Eco Profi Deco, A Flow, A 550, ECO Profi Standart",
        "product_type_surface": "539VU + A595BFPANM",
        "product_halogen_free": "антрацит матовый",
        "product_mounting_orientation": "Управление жалюзи",
        "product_field_of_inscription": "дуропласт",
        "product_height": "матовый",
        "product_width": "да",
        "product_without_baffle": "в сборе с механизмом",
        "product_hinged_lid": "220-250В",
        "product_degree_of_protection": "нет",
        "product_number_of_posts": "кнопочный",
        "product_other_1": "Jung A 500 Антрацит клавиши для сдвоенных выключателей A595BFPANM        \n\n\nартикул: A595BFPANM",
        "product_other_2": "Jung Мех Выключатель жалюзийный кнопочный с мех блокировкой одновременного нажатия 539VU        \n\n\nартикул: 539VU",
        "product_img": "https://jung-pro.ru//assets/images/products/2060/a595bfpanm.png"
    },
    "509VU + A595BFPANM": {
        "product_title": "Выключатель управления жалюзи клавишный, 10 А / 250 В~ 509VU + A595BFPANM",
        "product_brand": "Jung",
        "product_series": "A creation, ECO Profi, Eco Profi Deco, A Flow, A 550, ECO Profi Standart",
        "product_article": "509VU + A595BFPANM",
        "product_material": "антрацит матовый",
        "product_color": "Управление жалюзи",
        "product_type": "Jung",
        "product_kind_material": "A creation, ECO Profi, Eco Profi Deco, A Flow, A 550, ECO Profi Standart",
        "product_type_surface": "509VU + A595BFPANM",
        "product_halogen_free": "антрацит матовый",
        "product_mounting_orientation": "Управление жалюзи",
        "product_field_of_inscription": "дуропласт",
        "product_height": "матовый",
        "product_width": "да",
        "product_without_baffle": "в сборе с механизмом",
        "product_hinged_lid": "220-250В",
        "product_degree_of_protection": "нет",
        "product_number_of_posts": "клавишный",
        "product_other_1": "Jung A 500 Антрацит клавиши для сдвоенных выключателей A595BFPANM        \n\n\nартикул: A595BFPANM",
        "product_other_2": "Jung Выключатель для управления жалюзи с блокировкой одновременного нажатия 509VU        \n\n\nартикул: 509VU",
        "product_img": "https://jung-pro.ru//assets/images/products/2061/a595bfpanm.png"
    },
    "1730DD + A1540BFANM": {
        "product_title": "Светорегулятор поворотно-нажимной LED 3-60Вт., 20-210Вт ламп накал. и галог., антрацит матовый 1730DD + A1540BFANM",
        "product_brand": "Jung",
        "product_series": "A creation, A Flow, A 550",
        "product_article": "1730DD + A1540BFANM",
        "product_material": "антрацит матовый",
        "product_color": "Светорегуляторы",
        "product_type": "Jung",
        "product_kind_material": "A creation, A Flow, A 550",
        "product_type_surface": "1730DD + A1540BFANM",
        "product_halogen_free": "антрацит матовый",
        "product_mounting_orientation": "Светорегуляторы",
        "product_field_of_inscription": "дуропласт",
        "product_height": "матовый",
        "product_width": "да",
        "product_without_baffle": "в сборе с механизмом",
        "product_hinged_lid": "да",
        "product_degree_of_protection": "220-250В",
        "product_number_of_posts": "нет",
        "product_other_1": "Jung A 500 Антрацит накладка светорегулятора поворотного A1540BFANM        \n\n\nартикул: A1540BFANM",
        "product_other_2": "Механизм светорегулятора Jung поворотно-нажимного для LED 3-60Вт., 20-210Вт ламп накал. и галог. 1730DD        \n\n\nартикул: 1730DD",
        "product_img": "https://jung-pro.ru//assets/images/products/3180/a1540bfanm.jpg"
    },
    "1731DD + A1540BFANM": {
        "product_title": "Светорегулятор универсальный поворотно-нажимной LED 3-100Вт., 20-420Вт ламп накал. и галог., антрацит матовый 1731DD + A1540BFANM",
        "product_brand": "Jung",
        "product_series": "A creation, A Flow, A 550",
        "product_article": "1731DD + A1540BFANM",
        "product_material": "антрацит матовый",
        "product_color": "Светорегуляторы",
        "product_type": "Jung",
        "product_kind_material": "A creation, A Flow, A 550",
        "product_type_surface": "1731DD + A1540BFANM",
        "product_halogen_free": "антрацит матовый",
        "product_mounting_orientation": "Светорегуляторы",
        "product_field_of_inscription": "дуропласт",
        "product_height": "матовый",
        "product_width": "да",
        "product_without_baffle": "в сборе с механизмом",
        "product_hinged_lid": "да",
        "product_degree_of_protection": "220-250В",
        "product_number_of_posts": "нет",
        "product_other_1": "Jung A 500 Антрацит накладка светорегулятора поворотного A1540BFANM        \n\n\nартикул: A1540BFANM",
        "product_other_2": "JUNG Роторный диммер универсальный LED 3-210 вт, 20-420Вт ламп накал. и галог., 1731DD        \n\n\nартикул: 1731DD",
        "product_img": "https://jung-pro.ru//assets/images/products/3406/a1540bfanm.jpg"
    },
    "211GDE + A1540BFANM": {
        "product_title": "Светорегулятор поворотный 100-1000 Вт. для ламп накаливания и галог.220В 211GDE + A1540BFANM",
        "product_brand": "Jung",
        "product_series": "A creation, A Flow, A 550",
        "product_article": "211GDE + A1540BFANM",
        "product_material": "антрацит матовый",
        "product_color": "Светорегуляторы",
        "product_type": "Jung",
        "product_kind_material": "A creation, A Flow, A 550",
        "product_type_surface": "211GDE + A1540BFANM",
        "product_halogen_free": "антрацит матовый",
        "product_mounting_orientation": "Светорегуляторы",
        "product_field_of_inscription": "дуропласт",
        "product_height": "матовый",
        "product_width": "да",
        "product_without_baffle": "в сборе с механизмом",
        "product_hinged_lid": "220-250В",
        "product_degree_of_protection": "нет",
        "product_number_of_posts": "механизм с накладкой",
        "product_other_1": "Jung A 500 Антрацит накладка светорегулятора поворотного A1540BFANM        \n\n\nартикул: A1540BFANM",
        "product_other_2": "Jung механизм светорегуляторп поворотно-нажимного 100-1000 Вт для л/н 211GDE        \n\n\nартикул: 211GDE",
        "product_img": "https://jung-pro.ru//assets/images/products/2058/a1540bfanm.png"
    },
    "FTR231U + AFTR231PLANM": {
        "product_title": "Регулятор теплого пола Jung 230В/10А с выносным датчиком FTR231U + AFTR231PLANM",
        "product_brand": "Jung",
        "product_series": "A creation, ECO Profi, Eco Profi Deco, A Flow, A 550, ECO Profi Standart",
        "product_article": "FTR231U + AFTR231PLANM",
        "product_material": "антрацит матовый",
        "product_color": "Терморегуляторы теплого пола",
        "product_type": "Jung",
        "product_kind_material": "A creation, ECO Profi, Eco Profi Deco, A Flow, A 550, ECO Profi Standart",
        "product_type_surface": "FTR231U + AFTR231PLANM",
        "product_halogen_free": "антрацит матовый",
        "product_mounting_orientation": "Терморегуляторы теплого пола",
        "product_field_of_inscription": "нет",
        "product_height": "дуропласт",
        "product_width": "матовый",
        "product_without_baffle": "да",
        "product_hinged_lid": "в сборе с механизмом",
        "product_degree_of_protection": "220-250В",
        "product_number_of_posts": "нет",
        "product_other_1": "Jung Антрацит мат. крышка для регулятора подогрева пола AFTR231PLANM        \n\n\nартикул: AFTR231PLANM                            материал: пластик",
        "product_other_2": "Механизм терморегулятора пола JUNG с датчиком пола 4 м        \n\n\nартикул: FTR231U",
        "product_img": "https://jung-pro.ru//assets/images/products/2886/aftr231planm.jpg"
    },
    "A590BFAANM": {
        "product_title": "Вывод кабеля с суппортом A590BFAANM",
        "product_brand": "Jung",
        "product_series": "A creation, ECO Profi, Eco Profi Deco, A Flow, A 550, ECO Profi Standart",
        "product_article": "A590BFAANM",
        "product_material": "антрацит матовый",
        "product_color": "Вывод кабеля",
        "product_type": "Jung",
        "product_kind_material": "A creation, ECO Profi, Eco Profi Deco, A Flow, A 550, ECO Profi Standart",
        "product_type_surface": "A590BFAANM",
        "product_halogen_free": "антрацит матовый",
        "product_mounting_orientation": "Вывод кабеля",
        "product_field_of_inscription": "дуропласт",
        "product_height": "матовый",
        "product_width": "да",
        "product_without_baffle": "в сборе с механизмом",
        "product_hinged_lid": "нет",
        "product_degree_of_protection": "механизм с накладкой",
        "product_number_of_posts": "встроенный монтаж",
        "product_img": "https://jung-pro.ru//assets/images/products/2062/a590bfaanm.png"
    },
    "A594-0ANM": {
        "product_title": "Заглушка с опорной пластиной A594-0ANM",
        "product_brand": "Jung",
        "product_series": "A creation, ECO Profi, Eco Profi Deco, A Flow, A 550, ECO Profi Standart",
        "product_article": "A594-0ANM",
        "product_material": "антрацит матовый",
        "product_color": "Заглушки",
        "product_type": "Jung",
        "product_kind_material": "A creation, ECO Profi, Eco Profi Deco, A Flow, A 550, ECO Profi Standart",
        "product_type_surface": "A594-0ANM",
        "product_halogen_free": "антрацит матовый",
        "product_mounting_orientation": "Заглушки",
        "product_field_of_inscription": "дуропласт",
        "product_height": "матовый",
        "product_width": "да",
        "product_without_baffle": "в сборе с механизмом",
        "product_hinged_lid": "нет",
        "product_degree_of_protection": "механизм с накладкой",
        "product_number_of_posts": "встроенный монтаж",
        "product_img": "https://jung-pro.ru//assets/images/products/2051/a594-0anm.png"
    }
}