{
    "A1520-18CANM": {
        "product_title": "Розетка с заземлением + USB тип C, Jung 16А/250В антрацит матовый A1520-18CANM",
        "product_brand": "JUNG",
        "product_series": "A creation, ECO Profi, Eco Profi Deco, A Flow, A 550, ECO Profi Standart",
        "product_article": "A1520-18CANM",
        "product_material": "антрацит матовый",
        "product_color": "Розетки электрические",
        "product_type": "двойная",
        "product_kind_material": "JUNG",
        "product_type_surface": "A creation, ECO Profi, Eco Profi Deco, A Flow, A 550, ECO Profi Standart",
        "product_halogen_free": "A1520-18CANM",
        "product_mounting_orientation": "антрацит матовый",
        "product_field_of_inscription": "Розетки электрические",
        "product_height": "дуропласт",
        "product_width": "матовый",
        "product_without_baffle": "да",
        "product_hinged_lid": "лапками и винтами",
        "product_degree_of_protection": "220-250В",
        "product_number_of_posts": "нет",
        "product_img": "https://jung-pro.ru//assets/images/products/3359/jung-a1520-18canm.png"
    }
}