{
    "EPUAE8-8UPOK6 + A569-2BFPLUAANM": {
        "product_title": "Розетка компьютерная двойная RJ45 6-й кат. EPUAE8-8UPOK6 + A569-2BFPLUAANM",
        "product_brand": "Jung",
        "product_series": "A creation, A Flow, A 550",
        "product_article": "EPUAE8-8UPOK6 + A569-2BFPLUAANM",
        "product_material": "антрацит матовый",
        "product_color": "Розетки телеф/комп",
        "product_type": "двойная",
        "product_kind_material": "Jung",
        "product_type_surface": "A creation, A Flow, A 550",
        "product_halogen_free": "EPUAE8-8UPOK6 + A569-2BFPLUAANM",
        "product_mounting_orientation": "антрацит матовый",
        "product_field_of_inscription": "Розетки телеф/комп",
        "product_height": "дуропласт",
        "product_width": "матовый",
        "product_without_baffle": "да",
        "product_hinged_lid": "в сборе с механизмом",
        "product_degree_of_protection": "220-250В",
        "product_number_of_posts": "нет",
        "product_other_1": "Jung A 500 Антрацит накладка 2-ой наклонной ТЛФ/комп розетки A569-2BFPLUAANM        \n\n\nартикул: A569-2BFPLUAANM",
        "product_other_2": "Jung Компьютерная UAE розетка 6-й категории, 8-ми полюсная, экранированная; два терминала EPUAE8-8UPOK6        \n\n\nартикул: EPUAE8-8UPOK6",
        "product_img": "https://jung-pro.ru//assets/images/products/2056/a569-2bfpluaanm.png"
    }
}