{
    "1730DD + A1540BFANM": {
        "product_title": "Светорегулятор поворотно-нажимной LED 3-60Вт., 20-210Вт ламп накал. и галог., антрацит матовый 1730DD + A1540BFANM",
        "product_brand": "Jung",
        "product_series": "A creation, A Flow, A 550",
        "product_article": "1730DD + A1540BFANM",
        "product_material": "антрацит матовый",
        "product_color": "Светорегуляторы",
        "product_type": "Jung",
        "product_kind_material": "A creation, A Flow, A 550",
        "product_type_surface": "1730DD + A1540BFANM",
        "product_halogen_free": "антрацит матовый",
        "product_mounting_orientation": "Светорегуляторы",
        "product_field_of_inscription": "дуропласт",
        "product_height": "матовый",
        "product_width": "да",
        "product_without_baffle": "в сборе с механизмом",
        "product_hinged_lid": "да",
        "product_degree_of_protection": "220-250В",
        "product_number_of_posts": "нет",
        "product_other_1": "Jung A 500 Антрацит накладка светорегулятора поворотного A1540BFANM        \n\n\nартикул: A1540BFANM",
        "product_other_2": "Механизм светорегулятора Jung поворотно-нажимного для LED 3-60Вт., 20-210Вт ламп накал. и галог. 1730DD        \n\n\nартикул: 1730DD",
        "product_img": "https://jung-pro.ru//assets/images/products/3180/a1540bfanm.jpg"
    }
}