{
    "SLA2AN + A569BFPLTANM": {
        "product_title": "Розетка аудио двойная SLA2AN + A569BFPLTANM",
        "product_brand": "Jung",
        "product_series": "A creation, ECO Profi, Eco Profi Deco, A Flow, A 550, ECO Profi Standart",
        "product_article": "SLA2AN + A569BFPLTANM",
        "product_material": "антрацит матовый",
        "product_color": "Розетки акустические",
        "product_type": "двойная",
        "product_kind_material": "Jung",
        "product_type_surface": "A creation, ECO Profi, Eco Profi Deco, A Flow, A 550, ECO Profi Standart",
        "product_halogen_free": "SLA2AN + A569BFPLTANM",
        "product_mounting_orientation": "антрацит матовый",
        "product_field_of_inscription": "Розетки акустические",
        "product_height": "дуропласт",
        "product_width": "матовый",
        "product_without_baffle": "да",
        "product_hinged_lid": "в сборе с механизмом",
        "product_degree_of_protection": "220-250В",
        "product_number_of_posts": "нет",
        "product_other_1": "Jung A 500 Матовый антрацит. накладка розетки TAE, моно-/стерео аудио розетки A569BFPLTANM        \n\n\nартикул: A569BFPLTANM",
        "product_other_2": "Jung Гнездо для громкоговорителя двухполюсное; антрацит SLA2AN        \n\n\nартикул: SLA2AN",
        "product_img": "https://jung-pro.ru//assets/images/products/2052/a569bfpltanm.png"
    }
}