{
    "509VU + A595BFPANM": {
        "product_title": "Выключатель управления жалюзи клавишный, 10 А / 250 В~ 509VU + A595BFPANM",
        "product_brand": "Jung",
        "product_series": "A creation, ECO Profi, Eco Profi Deco, A Flow, A 550, ECO Profi Standart",
        "product_article": "509VU + A595BFPANM",
        "product_material": "антрацит матовый",
        "product_color": "Управление жалюзи",
        "product_type": "Jung",
        "product_kind_material": "A creation, ECO Profi, Eco Profi Deco, A Flow, A 550, ECO Profi Standart",
        "product_type_surface": "509VU + A595BFPANM",
        "product_halogen_free": "антрацит матовый",
        "product_mounting_orientation": "Управление жалюзи",
        "product_field_of_inscription": "дуропласт",
        "product_height": "матовый",
        "product_width": "да",
        "product_without_baffle": "в сборе с механизмом",
        "product_hinged_lid": "220-250В",
        "product_degree_of_protection": "нет",
        "product_number_of_posts": "клавишный",
        "product_other_1": "Jung A 500 Антрацит клавиши для сдвоенных выключателей A595BFPANM        \n\n\nартикул: A595BFPANM",
        "product_other_2": "Jung Выключатель для управления жалюзи с блокировкой одновременного нажатия 509VU        \n\n\nартикул: 509VU",
        "product_img": "https://jung-pro.ru//assets/images/products/2061/a595bfpanm.png"
    }
}