{
    "506u + A590BFANM": {
        "product_title": "Выключатель одноклавишный, универс. (вкл/выкл с 2-х мест) 10 А / 250 В~ 506u + A590BFANM",
        "product_brand": "Jung",
        "product_series": "A creation, A Flow, A 550",
        "product_article": "506u + A590BFANM",
        "product_material": "антрацит матовый",
        "product_color": "Выключатели",
        "product_type": "Jung",
        "product_kind_material": "A creation, A Flow, A 550",
        "product_type_surface": "506u + A590BFANM",
        "product_halogen_free": "антрацит матовый",
        "product_mounting_orientation": "Выключатели",
        "product_field_of_inscription": "дуропласт",
        "product_height": "матовый",
        "product_width": "да",
        "product_without_baffle": "в сборе с механизмом",
        "product_hinged_lid": "нет",
        "product_degree_of_protection": "220-250В",
        "product_number_of_posts": "нет",
        "product_other_1": "Jung A 500 Антрацит клавиша 1-я A590BFANM        \n\n\nартикул: A590BFANM",
        "product_other_2": "Выключатель 10AX 250V универсальный 506U        \n\n\nартикул: 506U",
        "product_img": "https://jung-pro.ru//assets/images/products/2037/a590bfanm.png"
    }
}