{
    "505u5 + A595BFKO5ANM": {
        "product_title": "Выключатель двухклавишный с подсветкой, 10 А / 250 В~ 505u5 + A595BFKO5ANM",
        "product_brand": "Jung",
        "product_series": "A creation, A Flow, A 550",
        "product_article": "505u5 + A595BFKO5ANM",
        "product_material": "антрацит матовый",
        "product_color": "Выключатели",
        "product_type": "Jung",
        "product_kind_material": "A creation, A Flow, A 550",
        "product_type_surface": "505u5 + A595BFKO5ANM",
        "product_halogen_free": "антрацит матовый",
        "product_mounting_orientation": "Выключатели",
        "product_field_of_inscription": "дуропласт",
        "product_height": "матовый",
        "product_width": "да",
        "product_without_baffle": "в сборе с механизмом",
        "product_hinged_lid": "нет",
        "product_degree_of_protection": "220-250В",
        "product_number_of_posts": "нет",
        "product_other_1": "Jung клавиши для сдвоенных выключателей; A595BFKO5ANM        \n\n\nартикул: A595BFKO5ANM",
        "product_other_2": "Jung Выключатель 10AX 250V сдвоенный с двумя лампочками 505U5        \n\n\nартикул: 505U5",
        "product_img": "https://jung-pro.ru//assets/images/products/2043/a595bfko5anm.png"
    }
}