{
    "EPD481AL": {
        "product_title": "Рамка одинарная Jung Eco Profi Deco, алюминий EPD481AL",
        "product_brand": "JUNG",
        "product_series": "Eco Profi Deco",
        "product_article": "EPD481AL",
        "product_material": "алюминий",
        "product_color": "Рамки",
        "product_type": "JUNG",
        "product_kind_material": "Eco Profi Deco",
        "product_type_surface": "EPD481AL",
        "product_halogen_free": "алюминий",
        "product_mounting_orientation": "Рамки",
        "product_field_of_inscription": "дуропласт",
        "product_height": "глянцевый",
        "product_width": "да",
        "product_without_baffle": "горизонтальная,вертикальная",
        "product_hinged_lid": "нет",
        "product_degree_of_protection": "нет",
        "product_number_of_posts": "нет",
        "product_img": "https://jung-pro.ru//assets/images/products/3085/epd481al.jpg"
    },
    "EPD482AL": {
        "product_title": "Рамка двойная Jung Eco Profi Deco, алюминий EPD482AL",
        "product_brand": "JUNG",
        "product_series": "Eco Profi Deco",
        "product_article": "EPD482AL",
        "product_material": "алюминий",
        "product_color": "Рамки",
        "product_type": "JUNG",
        "product_kind_material": "Eco Profi Deco",
        "product_type_surface": "EPD482AL",
        "product_halogen_free": "алюминий",
        "product_mounting_orientation": "Рамки",
        "product_field_of_inscription": "дуропласт",
        "product_height": "глянцевый",
        "product_width": "да",
        "product_without_baffle": "горизонтальная,вертикальная",
        "product_hinged_lid": "нет",
        "product_degree_of_protection": "нет",
        "product_number_of_posts": "нет",
        "product_img": "https://jung-pro.ru//assets/images/products/3086/epd482al.jpg"
    },
    "EPD483AL": {
        "product_title": "Рамка тройная Jung Eco Profi Deco, алюминий EPD483AL",
        "product_brand": "JUNG",
        "product_series": "Eco Profi Deco",
        "product_article": "EPD483AL",
        "product_material": "алюминий",
        "product_color": "Рамки",
        "product_type": "JUNG",
        "product_kind_material": "Eco Profi Deco",
        "product_type_surface": "EPD483AL",
        "product_halogen_free": "алюминий",
        "product_mounting_orientation": "Рамки",
        "product_field_of_inscription": "дуропласт",
        "product_height": "глянцевый",
        "product_width": "да",
        "product_without_baffle": "горизонтальная,вертикальная",
        "product_hinged_lid": "нет",
        "product_degree_of_protection": "нет",
        "product_number_of_posts": "нет",
        "product_img": "https://jung-pro.ru//assets/images/products/3087/epd483al.jpg"
    },
    "EPD484AL": {
        "product_title": "Рамка четверная Jung Eco Profi Deco, алюминий EPD484AL",
        "product_brand": "JUNG",
        "product_series": "Eco Profi Deco",
        "product_article": "EPD484AL",
        "product_material": "алюминий",
        "product_color": "Рамки",
        "product_type": "JUNG",
        "product_kind_material": "Eco Profi Deco",
        "product_type_surface": "EPD484AL",
        "product_halogen_free": "алюминий",
        "product_mounting_orientation": "Рамки",
        "product_field_of_inscription": "дуропласт",
        "product_height": "глянцевый",
        "product_width": "да",
        "product_without_baffle": "горизонтальная,вертикальная",
        "product_hinged_lid": "нет",
        "product_degree_of_protection": "нет",
        "product_number_of_posts": "нет",
        "product_img": "https://jung-pro.ru//assets/site/img/thumb_default.jpg"
    },
    "EPD485AL": {
        "product_title": "Рамка пятерная Jung Eco Profi Deco, алюминий EPD485AL",
        "product_brand": "JUNG",
        "product_series": "Eco Profi Deco",
        "product_article": "EPD485AL",
        "product_material": "алюминий",
        "product_color": "Рамки",
        "product_type": "JUNG",
        "product_kind_material": "Eco Profi Deco",
        "product_type_surface": "EPD485AL",
        "product_halogen_free": "алюминий",
        "product_mounting_orientation": "Рамки",
        "product_field_of_inscription": "дуропласт",
        "product_height": "глянцевый",
        "product_width": "да",
        "product_without_baffle": "горизонтальная,вертикальная",
        "product_hinged_lid": "нет",
        "product_degree_of_protection": "нет",
        "product_number_of_posts": "нет",
        "product_img": "https://jung-pro.ru//assets/site/img/thumb_default.jpg"
    },
    "EP490AL + EP401U": {
        "product_title": "Выключатель одноклавишный Eco Profi 10А, алюминий EP490AL + EP401U",
        "product_brand": "JUNG",
        "product_series": "ECO Profi, Eco Profi Deco, ECO Profi Standart",
        "product_article": "EP490AL + EP401U",
        "product_material": "алюминий",
        "product_color": "Выключатели",
        "product_type": "JUNG",
        "product_kind_material": "ECO Profi, Eco Profi Deco, ECO Profi Standart",
        "product_type_surface": "EP490AL + EP401U",
        "product_halogen_free": "алюминий",
        "product_mounting_orientation": "Выключатели",
        "product_field_of_inscription": "дуропласт",
        "product_height": "глянцевый",
        "product_width": "да",
        "product_without_baffle": "в сборе с механизмом",
        "product_hinged_lid": "нет",
        "product_degree_of_protection": "220-250В",
        "product_number_of_posts": "нет",
        "product_other_1": "Jung  ECO Profi Механизм выключателя 10АХ, 250V~ однополюсный; белый EP401U        \n\n\nартикул: EP401U",
        "product_other_2": "Клавиша для выключателя, алюминий EP490AL        \n\n\nартикул: EP490AL",
        "product_img": "https://jung-pro.ru//assets/images/products/2985/ep490al.jpeg"
    },
    "EP490AL + EP406U": {
        "product_title": "Выключатель одноклавишный проходной ( с 2-х мест) Eco Profi  10А, алюминий EP490AL + EP406U",
        "product_brand": "JUNG",
        "product_series": "ECO Profi, Eco Profi Deco, ECO Profi Standart",
        "product_article": "EP490AL + EP406U",
        "product_material": "алюминий",
        "product_color": "Выключатели",
        "product_type": "JUNG",
        "product_kind_material": "ECO Profi, Eco Profi Deco, ECO Profi Standart",
        "product_type_surface": "EP490AL + EP406U",
        "product_halogen_free": "алюминий",
        "product_mounting_orientation": "Выключатели",
        "product_field_of_inscription": "дуропласт",
        "product_height": "глянцевый",
        "product_width": "да",
        "product_without_baffle": "в сборе с механизмом",
        "product_hinged_lid": "нет",
        "product_degree_of_protection": "220-250В",
        "product_number_of_posts": "нет",
        "product_other_1": "Клавиша для выключателя, алюминий EP490AL        \n\n\nартикул: EP490AL",
        "product_other_2": "Jung  ECO Profi. Механизм проходного выключателя 10АХ, 250V~  с 2-х мест белый EP406U        \n\n\nартикул: EP406U",
        "product_img": "https://jung-pro.ru//assets/images/products/2987/ep490al.jpeg"
    },
    "EP490KOAL + EP401U + 90": {
        "product_title": "Выключатель одноклавишный с подсветкой Eco Profi  10А, алюминий EP490KOAL + EP401U + 90",
        "product_brand": "JUNG",
        "product_series": "ECO Profi, Eco Profi Deco, ECO Profi Standart",
        "product_article": "EP490KOAL + EP401U + 90",
        "product_material": "алюминий",
        "product_color": "Выключатели",
        "product_type": "JUNG",
        "product_kind_material": "ECO Profi, Eco Profi Deco, ECO Profi Standart",
        "product_type_surface": "EP490KOAL + EP401U + 90",
        "product_halogen_free": "алюминий",
        "product_mounting_orientation": "Выключатели",
        "product_field_of_inscription": "дуропласт",
        "product_height": "глянцевый",
        "product_width": "да",
        "product_without_baffle": "в сборе с механизмом",
        "product_hinged_lid": "нет",
        "product_degree_of_protection": "220-250В",
        "product_number_of_posts": "нет",
        "product_other_1": "Jung  ECO Profi Механизм выключателя 10АХ, 250V~ однополюсный; белый EP401U        \n\n\nартикул: EP401U",
        "product_other_2": "Jung Мех Лампа неоновая для 1-клавишных механизмов 230V, 1,1mA 90        \n\n\nартикул: 90",
        "product_other_3": "Jung  ECO Profi Клавиша для выключателя с окошком для подсветки, алюминий EP490KOAL        \n\n\nартикул: EP490KOAL",
        "product_img": "https://jung-pro.ru//assets/images/products/2988/ep490koal.jpeg"
    },
    "EP490KOAL + EP406U + 90": {
        "product_title": "Выключатель одноклавишный проходной ( с 2-х мест) с подсветкой Eco Profi  10А, алюминий EP490KOAL + EP406U + 90",
        "product_brand": "JUNG",
        "product_series": "ECO Profi, Eco Profi Deco, ECO Profi Standart",
        "product_article": "EP490KOAL + EP406U + 90",
        "product_material": "алюминий",
        "product_color": "Выключатели",
        "product_type": "JUNG",
        "product_kind_material": "ECO Profi, Eco Profi Deco, ECO Profi Standart",
        "product_type_surface": "EP490KOAL + EP406U + 90",
        "product_halogen_free": "алюминий",
        "product_mounting_orientation": "Выключатели",
        "product_field_of_inscription": "дуропласт",
        "product_height": "глянцевый",
        "product_width": "да",
        "product_without_baffle": "в сборе с механизмом",
        "product_hinged_lid": "нет",
        "product_degree_of_protection": "220-250В",
        "product_number_of_posts": "нет",
        "product_other_1": "Jung  ECO Profi. Механизм проходного выключателя 10АХ, 250V~  с 2-х мест белый EP406U        \n\n\nартикул: EP406U",
        "product_other_2": "Jung Мех Лампа неоновая для 1-клавишных механизмов 230V, 1,1mA 90        \n\n\nартикул: 90",
        "product_other_3": "Jung  ECO Profi Клавиша для выключателя с окошком для подсветки, алюминий EP490KOAL        \n\n\nартикул: EP490KOAL",
        "product_img": "https://jung-pro.ru//assets/images/products/2989/ep490koal.jpeg"
    },
    "EP490AL + EP407U": {
        "product_title": "Выключатель одноклавишный перекрестный ( с 3-х мест) Eco Profi  10А, алюминий EP490AL + EP407U",
        "product_brand": "JUNG",
        "product_series": "ECO Profi, Eco Profi Deco, ECO Profi Standart",
        "product_article": "EP490AL + EP407U",
        "product_material": "алюминий",
        "product_color": "Выключатели",
        "product_type": "JUNG",
        "product_kind_material": "ECO Profi, Eco Profi Deco, ECO Profi Standart",
        "product_type_surface": "EP490AL + EP407U",
        "product_halogen_free": "алюминий",
        "product_mounting_orientation": "Выключатели",
        "product_field_of_inscription": "дуропласт",
        "product_height": "глянцевый",
        "product_width": "да",
        "product_without_baffle": "в сборе с механизмом",
        "product_hinged_lid": "нет",
        "product_degree_of_protection": "220-250В",
        "product_number_of_posts": "нет",
        "product_other_1": "Клавиша для выключателя, алюминий EP490AL        \n\n\nартикул: EP490AL",
        "product_other_2": "Jung EcoProfi Механизм выключателя перекрестного (с 3-х мест) 10AX 250V EP407U        \n\n\nартикул: EP407U",
        "product_img": "https://jung-pro.ru//assets/images/products/2990/ep490al.jpeg"
    },
    "EP495AL + EP409U": {
        "product_title": "Выключатель двухклавишный проходной ( с 2-х мест) Eco Profi  10А, алюминий EP495AL + EP409U",
        "product_brand": "JUNG",
        "product_series": "ECO Profi, Eco Profi Deco, ECO Profi Standart",
        "product_article": "EP495AL + EP409U",
        "product_material": "алюминий",
        "product_color": "Выключатели",
        "product_type": "JUNG",
        "product_kind_material": "ECO Profi, Eco Profi Deco, ECO Profi Standart",
        "product_type_surface": "EP495AL + EP409U",
        "product_halogen_free": "алюминий",
        "product_mounting_orientation": "Выключатели",
        "product_field_of_inscription": "дуропласт",
        "product_height": "глянцевый",
        "product_width": "да",
        "product_without_baffle": "в сборе с механизмом",
        "product_hinged_lid": "нет",
        "product_degree_of_protection": "220-250В",
        "product_number_of_posts": "нет",
        "product_other_1": "Jung  ECO Profi Клавиши для сдвоенного выключателя, алюминий EP495AL        \n\n\nартикул: EP495AL",
        "product_other_2": "Jung EcoProfi Механизм выключателя проходного 2-х клавишного 10AХ 250V EP409U        \n\n\nартикул: EP409U",
        "product_img": "https://jung-pro.ru//assets/images/products/2991/ep495al.jpeg"
    },
    "EP1420AL": {
        "product_title": "Розетка электрическая с заземлением 16А  Eco Profi, алюминий EP1420AL",
        "product_brand": "JUNG",
        "product_series": "ECO Profi, Eco Profi Deco, ECO Profi Standart",
        "product_article": "EP1420AL",
        "product_material": "алюминий",
        "product_color": "Розетки электрические",
        "product_type": "одинарная",
        "product_kind_material": "JUNG",
        "product_type_surface": "ECO Profi, Eco Profi Deco, ECO Profi Standart",
        "product_halogen_free": "EP1420AL",
        "product_mounting_orientation": "алюминий",
        "product_field_of_inscription": "Розетки электрические",
        "product_height": "дуропласт",
        "product_width": "глянцевый",
        "product_without_baffle": "да",
        "product_hinged_lid": "в сборе с механизмом",
        "product_degree_of_protection": "нет",
        "product_number_of_posts": "220-250В",
        "product_img": "https://jung-pro.ru//assets/images/products/2949/ep421al.jpeg"
    },
    "EP421KLAL": {
        "product_title": "Розетка электрическая с заземлением, с крышкой, 250 В, 16 А Eco Profi, алюминий EP421KLAL",
        "product_brand": "JUNG",
        "product_series": "ECO Profi, Eco Profi Deco, ECO Profi Standart",
        "product_article": "EP421KLAL",
        "product_material": "алюминий",
        "product_color": "Розетки электрические",
        "product_type": "одинарная",
        "product_kind_material": "JUNG",
        "product_type_surface": "ECO Profi, Eco Profi Deco, ECO Profi Standart",
        "product_halogen_free": "EP421KLAL",
        "product_mounting_orientation": "алюминий",
        "product_field_of_inscription": "Розетки электрические",
        "product_height": "дуропласт",
        "product_width": "глянцевый",
        "product_without_baffle": "да",
        "product_hinged_lid": "в сборе с механизмом",
        "product_degree_of_protection": "нет",
        "product_number_of_posts": "220-250В",
        "product_img": "https://jung-pro.ru//assets/images/products/2950/ep421klal.jpeg"
    },
    "A1520-18AAL": {
        "product_title": "Розетка с заземлением + USB тип A, Jung 16А/250В алюминий A1520-18AAL",
        "product_brand": "JUNG",
        "product_series": "A 500, A creation, A plus, ECO Profi, Eco Profi Deco, A Flow, A 550, ECO Profi Standart",
        "product_article": "A1520-18AAL",
        "product_material": "алюминий",
        "product_color": "Розетки электрические",
        "product_type": "двойная",
        "product_kind_material": "JUNG",
        "product_type_surface": "A 500, A creation, A plus, ECO Profi, Eco Profi Deco, A Flow, A 550, ECO Profi Standart",
        "product_halogen_free": "A1520-18AAL",
        "product_mounting_orientation": "алюминий",
        "product_field_of_inscription": "Розетки электрические",
        "product_height": "дуропласт",
        "product_width": "матовый",
        "product_without_baffle": "да",
        "product_hinged_lid": "лапками и винтами",
        "product_degree_of_protection": "220-250В",
        "product_number_of_posts": "нет",
        "product_img": "https://jung-pro.ru//assets/images/products/3349/jung-a1520-18aal.png"
    },
    "A1520-18CAL": {
        "product_title": "Розетка с заземлением + USB тип C, Jung 16А/250В алюминий A1520-18CAL",
        "product_brand": "JUNG",
        "product_series": "A 500, A creation, A plus, ECO Profi, Eco Profi Deco, A Flow, A 550, ECO Profi Standart",
        "product_article": "A1520-18CAL",
        "product_material": "алюминий",
        "product_color": "Розетки электрические",
        "product_type": "двойная",
        "product_kind_material": "JUNG",
        "product_type_surface": "A 500, A creation, A plus, ECO Profi, Eco Profi Deco, A Flow, A 550, ECO Profi Standart",
        "product_halogen_free": "A1520-18CAL",
        "product_mounting_orientation": "алюминий",
        "product_field_of_inscription": "Розетки электрические",
        "product_height": "дуропласт",
        "product_width": "матовый",
        "product_without_baffle": "да",
        "product_hinged_lid": "лапками и винтами",
        "product_degree_of_protection": "220-250В",
        "product_number_of_posts": "нет",
        "product_img": "https://jung-pro.ru//assets/images/products/3356/jung-a1520-18cal.png"
    },
    "A1520-15CAAL": {
        "product_title": "Розетка с заземлением + USB тип A+C, Jung 16А/250В алюминий A1520-15CAAL",
        "product_brand": "JUNG",
        "product_series": "A 500, A creation, A plus, ECO Profi, Eco Profi Deco, A Flow, A 550, ECO Profi Standart",
        "product_article": "A1520-15CAAL",
        "product_material": "алюминий",
        "product_color": "Розетки электрические",
        "product_type": "тройная",
        "product_kind_material": "JUNG",
        "product_type_surface": "A 500, A creation, A plus, ECO Profi, Eco Profi Deco, A Flow, A 550, ECO Profi Standart",
        "product_halogen_free": "A1520-15CAAL",
        "product_mounting_orientation": "алюминий",
        "product_field_of_inscription": "Розетки электрические",
        "product_height": "дуропласт",
        "product_width": "матовый",
        "product_without_baffle": "да",
        "product_hinged_lid": "лапками и винтами",
        "product_degree_of_protection": "220-250В",
        "product_number_of_posts": "нет",
        "product_img": "https://jung-pro.ru//assets/images/products/3363/jung-a1520-15caal.png"
    },
    "A569PLTAL + USB15CAWW": {
        "product_title": "Розетка USB двойная для зарядки тип А+С, 2x700мA, винтовой зажим, алюминий A569PLTAL + USB15CAWW",
        "product_brand": "JUNG",
        "product_series": "A 500, A creation, A plus, ECO Profi, Eco Profi Deco, A Flow, A 550, ECO Profi Standart",
        "product_article": "A569PLTAL + USB15CAWW",
        "product_material": "алюминий",
        "product_color": "Розетки USB",
        "product_type": "двойная",
        "product_kind_material": "JUNG",
        "product_type_surface": "A 500, A creation, A plus, ECO Profi, Eco Profi Deco, A Flow, A 550, ECO Profi Standart",
        "product_halogen_free": "A569PLTAL + USB15CAWW",
        "product_mounting_orientation": "алюминий",
        "product_field_of_inscription": "Розетки USB",
        "product_height": "дуропласт",
        "product_width": "глянцевый",
        "product_without_baffle": "да",
        "product_hinged_lid": "в сборе с механизмом",
        "product_degree_of_protection": "220-250В",
        "product_number_of_posts": "нет",
        "product_other_1": "Jung A 500 Алюминий накладка розетки TAE, моно-/стерео аудио розетки A569PLTAL        \n\n\nартикул: A569PLTAL",
        "product_other_2": "Jung механизм USB-розетки тип А+С, 2 гнезда, до 1,4 А/ч USB15CAWW        \n\n\nартикул: USB15CAWW",
        "product_img": "https://jung-pro.ru//assets/images/products/3022/a569pltal.jpg"
    },
    "S2900 + EP561BFPLTVAL": {
        "product_title": "Розетка TV-FM оконечная Eco Profi , алюминий S2900 + EP561BFPLTVAL",
        "product_brand": "JUNG",
        "product_series": "ECO Profi, Eco Profi Deco, ECO Profi Standart",
        "product_article": "S2900 + EP561BFPLTVAL",
        "product_material": "алюминий",
        "product_color": "Розетки TV",
        "product_type": "JUNG",
        "product_kind_material": "ECO Profi, Eco Profi Deco, ECO Profi Standart",
        "product_type_surface": "S2900 + EP561BFPLTVAL",
        "product_halogen_free": "алюминий",
        "product_mounting_orientation": "Розетки TV",
        "product_field_of_inscription": "дуропласт",
        "product_height": "глянцевый",
        "product_width": "да",
        "product_without_baffle": "в сборе с механизмом",
        "product_hinged_lid": "220-250В",
        "product_degree_of_protection": "нет",
        "product_number_of_posts": "механизм с накладкой",
        "product_other_1": "TV-FM оконечная розетка S2900        \n\n\nартикул: S2900",
        "product_other_2": "Jung EcoProfi накладка для розетки TV-FM, алюминий EP561BFPLTVAL        \n\n\nартикул: EP561BFPLTVAL",
        "product_img": "https://jung-pro.ru//assets/images/products/2992/ep561bfpltval.jpeg"
    },
    "S2900-10 + EP561BFPLTVAL": {
        "product_title": "Розетка TV-FM проходная Eco Profi , алюминий S2900-10 + EP561BFPLTVAL",
        "product_brand": "JUNG",
        "product_series": "ECO Profi, Eco Profi Deco, ECO Profi Standart",
        "product_article": "S2900-10 + EP561BFPLTVAL",
        "product_material": "алюминий",
        "product_color": "Розетки TV",
        "product_type": "JUNG",
        "product_kind_material": "ECO Profi, Eco Profi Deco, ECO Profi Standart",
        "product_type_surface": "S2900-10 + EP561BFPLTVAL",
        "product_halogen_free": "алюминий",
        "product_mounting_orientation": "Розетки TV",
        "product_field_of_inscription": "дуропласт",
        "product_height": "глянцевый",
        "product_width": "да",
        "product_without_baffle": "в сборе с механизмом",
        "product_hinged_lid": "220-250В",
        "product_degree_of_protection": "нет",
        "product_number_of_posts": "механизм с накладкой",
        "product_other_1": "Jung EcoProfi накладка для розетки TV-FM, алюминий EP561BFPLTVAL        \n\n\nартикул: EP561BFPLTVAL",
        "product_other_2": "TV-FM оконечная розетка, проходная S2900-10        \n\n\nартикул: S2900-10",
        "product_img": "https://jung-pro.ru//assets/images/products/2993/ep561bfpltval.jpeg"
    },
    "S4100 + EP561BFPLSATAL": {
        "product_title": "Розетка TV-FM-SAT оконечная Eco Profi , алюминий S4100 + EP561BFPLSATAL",
        "product_brand": "JUNG",
        "product_series": "ECO Profi, Eco Profi Deco, ECO Profi Standart",
        "product_article": "S4100 + EP561BFPLSATAL",
        "product_material": "алюминий",
        "product_color": "Розетки TV",
        "product_type": "JUNG",
        "product_kind_material": "ECO Profi, Eco Profi Deco, ECO Profi Standart",
        "product_type_surface": "S4100 + EP561BFPLSATAL",
        "product_halogen_free": "алюминий",
        "product_mounting_orientation": "Розетки TV",
        "product_field_of_inscription": "дуропласт",
        "product_height": "глянцевый",
        "product_width": "да",
        "product_without_baffle": "в сборе с механизмом",
        "product_hinged_lid": "220-250В",
        "product_degree_of_protection": "нет",
        "product_number_of_posts": "механизм с накладкой",
        "product_other_1": "Jung EcoProfi накладка для розетки TV-FM-SAT, алюминий EP561BFPLSATAL        \n\n\nартикул: EP561BFPLSATAL",
        "product_other_2": "Розетка универсальная для систем приема спутникового, эфирного и кабельного вещания, оконечная S4100        \n\n\nартикул: S4100",
        "product_img": "https://jung-pro.ru//assets/images/products/2994/ep561bfplsatal.jpeg"
    },
    "S4110 + EP561BFPLSATAL": {
        "product_title": "Розетка TV-FM-SAT проходная Eco Profi , алюминий S4110 + EP561BFPLSATAL",
        "product_brand": "JUNG",
        "product_series": "ECO Profi, Eco Profi Deco, ECO Profi Standart",
        "product_article": "S4110 + EP561BFPLSATAL",
        "product_material": "алюминий",
        "product_color": "Розетки TV",
        "product_type": "JUNG",
        "product_kind_material": "ECO Profi, Eco Profi Deco, ECO Profi Standart",
        "product_type_surface": "S4110 + EP561BFPLSATAL",
        "product_halogen_free": "алюминий",
        "product_mounting_orientation": "Розетки TV",
        "product_field_of_inscription": "дуропласт",
        "product_height": "глянцевый",
        "product_width": "да",
        "product_without_baffle": "в сборе с механизмом",
        "product_hinged_lid": "220-250В",
        "product_degree_of_protection": "нет",
        "product_number_of_posts": "механизм с накладкой",
        "product_other_1": "Jung EcoProfi накладка для розетки TV-FM-SAT, алюминий EP561BFPLSATAL        \n\n\nартикул: EP561BFPLSATAL",
        "product_other_2": "Jung Мех Розетка TV-FM-SAT проходная S4110        \n\n\nартикул: S4110",
        "product_img": "https://jung-pro.ru//assets/images/products/2995/ep561bfplsatal.jpeg"
    },
    "EPUAE8UPO + EP569-1BFPLUAAL": {
        "product_title": "Розетка телефонная одинарная RJ11 Eco Profi , алюминий EPUAE8UPO + EP569-1BFPLUAAL",
        "product_brand": "JUNG",
        "product_series": "ECO Profi, Eco Profi Deco, ECO Profi Standart",
        "product_article": "EPUAE8UPO + EP569-1BFPLUAAL",
        "product_material": "алюминий",
        "product_color": "Розетки телеф/комп",
        "product_type": "одинарная",
        "product_kind_material": "JUNG",
        "product_type_surface": "ECO Profi, Eco Profi Deco, ECO Profi Standart",
        "product_halogen_free": "EPUAE8UPO + EP569-1BFPLUAAL",
        "product_mounting_orientation": "алюминий",
        "product_field_of_inscription": "Розетки телеф/комп",
        "product_height": "дуропласт",
        "product_width": "глянцевый",
        "product_without_baffle": "да",
        "product_hinged_lid": "в сборе с механизмом",
        "product_degree_of_protection": "220-250В",
        "product_number_of_posts": "нет",
        "product_other_1": "Jung Телефонная UAE розетка, 8-ми полюсная; один терминал EPUAE8UPO        \n\n\nартикул: EPUAE8UPO",
        "product_other_2": "Jung EcoProfi накладка для одинарной компьютерной или телефонной розетки, алюминий EP569-1BFPLUAAL        \n\n\nартикул: EP569-1BFPLUAAL",
        "product_img": "https://jung-pro.ru//assets/images/products/2996/ep569-1bfpluaal.jpeg"
    },
    "EPUAE8-8UPO + EP569-2BFPLUAAL": {
        "product_title": "Розетка телефонная двойная RJ11 Eco Profi , алюминий EPUAE8-8UPO + EP569-2BFPLUAAL",
        "product_brand": "JUNG",
        "product_series": "ECO Profi, Eco Profi Deco, ECO Profi Standart",
        "product_article": "EPUAE8-8UPO + EP569-2BFPLUAAL",
        "product_material": "алюминий",
        "product_color": "Розетки телеф/комп",
        "product_type": "двойная",
        "product_kind_material": "JUNG",
        "product_type_surface": "ECO Profi, Eco Profi Deco, ECO Profi Standart",
        "product_halogen_free": "EPUAE8-8UPO + EP569-2BFPLUAAL",
        "product_mounting_orientation": "алюминий",
        "product_field_of_inscription": "Розетки телеф/комп",
        "product_height": "дуропласт",
        "product_width": "глянцевый",
        "product_without_baffle": "да",
        "product_hinged_lid": "в сборе с механизмом",
        "product_degree_of_protection": "220-250В",
        "product_number_of_posts": "нет",
        "product_other_1": "Jung EcoProfi накладка для сдвоенной компьютерной или телефонной розетки, алюминий EP569-2BFPLUAAL        \n\n\nартикул: EP569-2BFPLUAAL",
        "product_other_2": "Jung телефонная UAE розетка, 8-ми полюсная; два терминала EPUAE8-8UPO        \n\n\nартикул: EPUAE8-8UPO",
        "product_img": "https://jung-pro.ru//assets/images/products/2997/ep569-2bfpluaal.jpeg"
    },
    "EPUAE8UPOK6 + EP569-1BFPLUAAL": {
        "product_title": "Розетка компьютерная одинарная RJ45 6-й кат. экранированная Eco Profi , алюминий EPUAE8UPOK6 + EP569-1BFPLUAAL",
        "product_brand": "JUNG",
        "product_series": "ECO Profi, Eco Profi Deco, ECO Profi Standart",
        "product_article": "EPUAE8UPOK6 + EP569-1BFPLUAAL",
        "product_material": "алюминий",
        "product_color": "Розетки телеф/комп",
        "product_type": "одинарная",
        "product_kind_material": "JUNG",
        "product_type_surface": "ECO Profi, Eco Profi Deco, ECO Profi Standart",
        "product_halogen_free": "EPUAE8UPOK6 + EP569-1BFPLUAAL",
        "product_mounting_orientation": "алюминий",
        "product_field_of_inscription": "Розетки телеф/комп",
        "product_height": "дуропласт",
        "product_width": "глянцевый",
        "product_without_baffle": "да",
        "product_hinged_lid": "в сборе с механизмом",
        "product_degree_of_protection": "220-250В",
        "product_number_of_posts": "нет",
        "product_other_1": "Jung EcoProfi накладка для одинарной компьютерной или телефонной розетки, алюминий EP569-1BFPLUAAL        \n\n\nартикул: EP569-1BFPLUAAL",
        "product_other_2": "Компьютерная UAE розетка 6-й категории, 8-ми полюсная, экранированная, один терминал EPUAE8UPOK6        \n\n\nартикул: EPUAE8UPOK6",
        "product_img": "https://jung-pro.ru//assets/images/products/2998/ep569-1bfpluaal.jpeg"
    },
    "EPUAE8-8UPOK6 + EP569-2BFPLUAAL": {
        "product_title": "Розетка компьютерная двойная RJ45 экранированная Eco Profi , алюминий EPUAE8-8UPOK6 + EP569-2BFPLUAAL",
        "product_brand": "JUNG",
        "product_series": "ECO Profi, Eco Profi Deco, ECO Profi Standart",
        "product_article": "EPUAE8-8UPOK6 + EP569-2BFPLUAAL",
        "product_material": "алюминий",
        "product_color": "Розетки телеф/комп",
        "product_type": "двойная",
        "product_kind_material": "JUNG",
        "product_type_surface": "ECO Profi, Eco Profi Deco, ECO Profi Standart",
        "product_halogen_free": "EPUAE8-8UPOK6 + EP569-2BFPLUAAL",
        "product_mounting_orientation": "алюминий",
        "product_field_of_inscription": "Розетки телеф/комп",
        "product_height": "дуропласт",
        "product_width": "глянцевый",
        "product_without_baffle": "да",
        "product_hinged_lid": "в сборе с механизмом",
        "product_degree_of_protection": "220-250В",
        "product_number_of_posts": "нет",
        "product_other_1": "Jung EcoProfi накладка для сдвоенной компьютерной или телефонной розетки, алюминий EP569-2BFPLUAAL        \n\n\nартикул: EP569-2BFPLUAAL",
        "product_other_2": "Jung Компьютерная UAE розетка 6-й категории, 8-ми полюсная, экранированная; два терминала EPUAE8-8UPOK6        \n\n\nартикул: EPUAE8-8UPOK6",
        "product_img": "https://jung-pro.ru//assets/images/products/2999/ep569-2bfpluaal.jpeg"
    },
    "SLA2WW + A569PLTAL": {
        "product_title": "Розетка для стерео-громкоговорителя SLA2WW + A569PLTAL",
        "product_brand": "Jung",
        "product_series": "A 500, A creation, A plus, ECO Profi, Eco Profi Deco, A Flow, A 550, ECO Profi Standart",
        "product_article": "SLA2WW + A569PLTAL",
        "product_material": "алюминий",
        "product_color": "Розетки акустические",
        "product_type": "двойная",
        "product_kind_material": "Jung",
        "product_type_surface": "A 500, A creation, A plus, ECO Profi, Eco Profi Deco, A Flow, A 550, ECO Profi Standart",
        "product_halogen_free": "SLA2WW + A569PLTAL",
        "product_mounting_orientation": "алюминий",
        "product_field_of_inscription": "Розетки акустические",
        "product_height": "дуропласт",
        "product_width": "глянцевый",
        "product_without_baffle": "да",
        "product_hinged_lid": "в сборе с механизмом",
        "product_degree_of_protection": "220-250В",
        "product_number_of_posts": "нет",
        "product_other_1": "Jung A 500 Алюминий накладка розетки TAE, моно-/стерео аудио розетки A569PLTAL        \n\n\nартикул: A569PLTAL",
        "product_other_2": "Jung Мех Аудиорозетка (стерео) белый SLA2WW        \n\n\nартикул: SLA2WW",
        "product_img": "https://jung-pro.ru//assets/images/products/1518/a569pltal.jpeg"
    },
    "539VU + A595PAL": {
        "product_title": "Выключатель управления жалюзи кнопочный, 10 А / 250 В~ 539VU + A595PAL",
        "product_brand": "Jung",
        "product_series": "A 500, A creation, A plus, ECO Profi, Eco Profi Deco, A Flow, A 550, ECO Profi Standart",
        "product_article": "539VU + A595PAL",
        "product_material": "алюминий",
        "product_color": "Управление жалюзи",
        "product_type": "Jung",
        "product_kind_material": "A 500, A creation, A plus, ECO Profi, Eco Profi Deco, A Flow, A 550, ECO Profi Standart",
        "product_type_surface": "539VU + A595PAL",
        "product_halogen_free": "алюминий",
        "product_mounting_orientation": "Управление жалюзи",
        "product_field_of_inscription": "дуропласт",
        "product_height": "глянцевый",
        "product_width": "да",
        "product_without_baffle": "в сборе с механизмом",
        "product_hinged_lid": "220-250В",
        "product_degree_of_protection": "нет",
        "product_number_of_posts": "кнопочный",
        "product_other_1": "Jung A 500 Алюминий клавиша 2-я жалюзийная A595PAL        \n\n\nартикул: A595PAL",
        "product_other_2": "Jung Мех Выключатель жалюзийный кнопочный с мех блокировкой одновременного нажатия 539VU        \n\n\nартикул: 539VU",
        "product_img": "https://jung-pro.ru//assets/images/products/1459/3663b1a94cc77e39d03f4dd163fc51f2.jpg"
    },
    "509VU + a595pal": {
        "product_title": "Выключатель управления жалюзи клавишный, 10 А / 250 В~ 509VU + a595pal",
        "product_brand": "Jung",
        "product_series": "A 500, A creation, A plus, ECO Profi, Eco Profi Deco, A Flow, A 550, ECO Profi Standart",
        "product_article": "509VU + a595pal",
        "product_material": "алюминий",
        "product_color": "Управление жалюзи",
        "product_type": "Jung",
        "product_kind_material": "A 500, A creation, A plus, ECO Profi, Eco Profi Deco, A Flow, A 550, ECO Profi Standart",
        "product_type_surface": "509VU + a595pal",
        "product_halogen_free": "алюминий",
        "product_mounting_orientation": "Управление жалюзи",
        "product_field_of_inscription": "дуропласт",
        "product_height": "глянцевый",
        "product_width": "да",
        "product_without_baffle": "в сборе с механизмом",
        "product_hinged_lid": "220-250В",
        "product_degree_of_protection": "нет",
        "product_number_of_posts": "клавишный",
        "product_other_1": "Jung A 500 Алюминий клавиша 2-я жалюзийная A595PAL        \n\n\nартикул: A595PAL",
        "product_other_2": "Jung Выключатель для управления жалюзи с блокировкой одновременного нажатия 509VU        \n\n\nартикул: 509VU",
        "product_img": "https://jung-pro.ru//assets/images/products/1460/1e008494662940b73ce33c7cf6de0865.jpg"
    },
    "1730DD + EP1540BFAL": {
        "product_title": "Светорегулятор поворотно-нажимной LED 3-60Вт., 20-210Вт ламп накал. и галог., алюминий 1730DD + EP1540BFAL",
        "product_brand": "Jung",
        "product_series": "ECO Profi, Eco Profi Deco, ECO Profi Standart",
        "product_article": "1730DD + EP1540BFAL",
        "product_material": "алюминий",
        "product_color": "Светорегуляторы",
        "product_type": "Jung",
        "product_kind_material": "ECO Profi, Eco Profi Deco, ECO Profi Standart",
        "product_type_surface": "1730DD + EP1540BFAL",
        "product_halogen_free": "алюминий",
        "product_mounting_orientation": "Светорегуляторы",
        "product_field_of_inscription": "дуропласт",
        "product_height": "глянцевый",
        "product_width": "да",
        "product_without_baffle": "в сборе с механизмом",
        "product_hinged_lid": "да",
        "product_degree_of_protection": "220-250В",
        "product_number_of_posts": "нет",
        "product_other_1": "Jung EcoProfi Наклдака для поворотного диммера, алюминий EP1540BFAL        \n\n\nартикул: EP1540BFAL",
        "product_other_2": "Механизм светорегулятора Jung поворотно-нажимного для LED 3-60Вт., 20-210Вт ламп накал. и галог. 1730DD        \n\n\nартикул: 1730DD",
        "product_img": "https://jung-pro.ru//assets/images/products/3188/ep1540bfal.jpeg"
    },
    "1731DD + EP1540BFAL": {
        "product_title": "Светорегулятор универсальный поворотно-нажимной LED 3-100Вт., 20-420Вт ламп накал. и галог., алюминий 1731DD + EP1540BFAL",
        "product_brand": "Jung",
        "product_series": "ECO Profi, Eco Profi Deco, ECO Profi Standart",
        "product_article": "1731DD + EP1540BFAL",
        "product_material": "алюминий",
        "product_color": "Светорегуляторы",
        "product_type": "Jung",
        "product_kind_material": "ECO Profi, Eco Profi Deco, ECO Profi Standart",
        "product_type_surface": "1731DD + EP1540BFAL",
        "product_halogen_free": "алюминий",
        "product_mounting_orientation": "Светорегуляторы",
        "product_field_of_inscription": "дуропласт",
        "product_height": "глянцевый",
        "product_width": "да",
        "product_without_baffle": "в сборе с механизмом",
        "product_hinged_lid": "да",
        "product_degree_of_protection": "220-250В",
        "product_number_of_posts": "нет",
        "product_other_1": "Jung EcoProfi Наклдака для поворотного диммера, алюминий EP1540BFAL        \n\n\nартикул: EP1540BFAL",
        "product_other_2": "JUNG Роторный диммер универсальный LED 3-210 вт, 20-420Вт ламп накал. и галог., 1731DD        \n\n\nартикул: 1731DD",
        "product_img": "https://jung-pro.ru//assets/images/products/3419/ep1540bfal.jpeg"
    },
    "211GDE + EP1540BFAL": {
        "product_title": "Светорегулятор поворотный 100-1000 Вт. для ламп накаливания и галогенных Eco Profi, алюминий 211GDE + EP1540BFAL",
        "product_brand": "JUNG",
        "product_series": "ECO Profi, Eco Profi Deco, ECO Profi Standart",
        "product_article": "211GDE + EP1540BFAL",
        "product_material": "алюминий",
        "product_color": "Светорегуляторы",
        "product_type": "JUNG",
        "product_kind_material": "ECO Profi, Eco Profi Deco, ECO Profi Standart",
        "product_type_surface": "211GDE + EP1540BFAL",
        "product_halogen_free": "алюминий",
        "product_mounting_orientation": "Светорегуляторы",
        "product_field_of_inscription": "дуропласт",
        "product_height": "глянцевый",
        "product_width": "да",
        "product_without_baffle": "в сборе с механизмом",
        "product_hinged_lid": "220-250В",
        "product_degree_of_protection": "нет",
        "product_number_of_posts": "механизм с накладкой",
        "product_other_1": "Jung EcoProfi Наклдака для поворотного диммера, алюминий EP1540BFAL        \n\n\nартикул: EP1540BFAL",
        "product_other_2": "Jung механизм светорегуляторп поворотно-нажимного 100-1000 Вт для л/н 211GDE        \n\n\nартикул: 211GDE",
        "product_img": "https://jung-pro.ru//assets/images/products/3002/ep1540bfal.jpeg"
    },
    "FTR231U + AFTR231PLAL": {
        "product_title": "Регулятор теплого пола Jung 230В/10А с выносным датчиком FTR231U + AFTR231PLAL",
        "product_brand": "Jung",
        "product_series": "A 500, A creation, A plus, ECO Profi, Eco Profi Deco, A Flow, A 550, ECO Profi Standart",
        "product_article": "FTR231U + AFTR231PLAL",
        "product_material": "алюминий",
        "product_color": "Терморегуляторы теплого пола",
        "product_type": "Jung",
        "product_kind_material": "A 500, A creation, A plus, ECO Profi, Eco Profi Deco, A Flow, A 550, ECO Profi Standart",
        "product_type_surface": "FTR231U + AFTR231PLAL",
        "product_halogen_free": "алюминий",
        "product_mounting_orientation": "Терморегуляторы теплого пола",
        "product_field_of_inscription": "нет",
        "product_height": "дуропласт",
        "product_width": "глянцевый",
        "product_without_baffle": "да",
        "product_hinged_lid": "в сборе с механизмом",
        "product_degree_of_protection": "220-250В",
        "product_number_of_posts": "нет",
        "product_other_1": "Jung A 500 Алюминий накладка регулятора теплого пола AFTR231PLAL        \n\n\nартикул: AFTR231PLAL",
        "product_other_2": "Механизм терморегулятора пола JUNG с датчиком пола 4 м        \n\n\nартикул: FTR231U",
        "product_img": "https://jung-pro.ru//assets/images/products/1431/937d3b9239dfaf8091833d4de166c30e.jpg"
    },
    "1201URE + A1180AL": {
        "product_title": "Автоматический выключатель 230 В~ , 40-400Вт, трехпроводное подключение, высота монтажа 1,1м 1201URE + A1180AL",
        "product_brand": "Jung",
        "product_series": "A 500, A creation, A plus, ECO Profi, Eco Profi Deco, A Flow, A 550, ECO Profi Standart",
        "product_article": "1201URE + A1180AL",
        "product_material": "алюминий",
        "product_color": "Выключатели автоматические",
        "product_type": "Jung",
        "product_kind_material": "A 500, A creation, A plus, ECO Profi, Eco Profi Deco, A Flow, A 550, ECO Profi Standart",
        "product_type_surface": "1201URE + A1180AL",
        "product_halogen_free": "алюминий",
        "product_mounting_orientation": "Выключатели автоматические",
        "product_field_of_inscription": "дуропласт",
        "product_height": "глянцевый",
        "product_width": "да",
        "product_without_baffle": "в сборе с механизмом",
        "product_hinged_lid": "220-250В",
        "product_degree_of_protection": "нет",
        "product_number_of_posts": "механизм с накладкой",
        "product_other_1": "Jung A 500 Алюминий накладка датчика движения Стандарт 1,1м A1180AL        \n\n\nартикул: A1180AL",
        "product_other_2": "Jung механизм Электронный выключатель 1-канальный(необходима нейтраль) 1201URE        \n\n\nартикул: 1201URE",
        "product_img": "https://jung-pro.ru//assets/images/products/969/78aeb9bb5c42d1657ab4a0c9cd5f2093.jpg"
    },
    "A590AAL": {
        "product_title": "Вывод кабеля с суппортом A590AAL",
        "product_brand": "JUNG",
        "product_series": "A 500, A creation, A plus, ECO Profi, Eco Profi Deco, A Flow, A 550, ECO Profi Standart",
        "product_article": "A590AAL",
        "product_material": "алюминий",
        "product_color": "Вывод кабеля",
        "product_type": "JUNG",
        "product_kind_material": "A 500, A creation, A plus, ECO Profi, Eco Profi Deco, A Flow, A 550, ECO Profi Standart",
        "product_type_surface": "A590AAL",
        "product_halogen_free": "алюминий",
        "product_mounting_orientation": "Вывод кабеля",
        "product_field_of_inscription": "дуропласт",
        "product_height": "глянцевый",
        "product_width": "да",
        "product_without_baffle": "в сборе с механизмом",
        "product_hinged_lid": "нет",
        "product_degree_of_protection": "механизм с накладкой",
        "product_number_of_posts": "встроенный монтаж",
        "product_img": "https://jung-pro.ru//assets/images/products/1981/jung-a590aal.png"
    },
    "A594-0AL": {
        "product_title": "Заглушка с опорной пластиной A594-0AL",
        "product_brand": "Jung",
        "product_series": "A 500, A creation, A plus, ECO Profi, Eco Profi Deco, A Flow, A 550, ECO Profi Standart",
        "product_article": "A594-0AL",
        "product_material": "алюминий",
        "product_color": "Заглушки",
        "product_type": "Jung",
        "product_kind_material": "A 500, A creation, A plus, ECO Profi, Eco Profi Deco, A Flow, A 550, ECO Profi Standart",
        "product_type_surface": "A594-0AL",
        "product_halogen_free": "алюминий",
        "product_mounting_orientation": "Заглушки",
        "product_field_of_inscription": "дуропласт",
        "product_height": "глянцевый",
        "product_width": "да",
        "product_without_baffle": "в сборе с механизмом",
        "product_hinged_lid": "нет",
        "product_degree_of_protection": "механизм с накладкой",
        "product_number_of_posts": "встроенный монтаж",
        "product_img": "https://jung-pro.ru//assets/images/products/1003/ca32934151a34e6933722a04b1765fb8.jpg"
    }
}