{
    "EP1420AL": {
        "product_title": "Розетка электрическая с заземлением 16А  Eco Profi, алюминий EP1420AL",
        "product_brand": "JUNG",
        "product_series": "ECO Profi, Eco Profi Deco, ECO Profi Standart",
        "product_article": "EP1420AL",
        "product_material": "алюминий",
        "product_color": "Розетки электрические",
        "product_type": "одинарная",
        "product_kind_material": "JUNG",
        "product_type_surface": "ECO Profi, Eco Profi Deco, ECO Profi Standart",
        "product_halogen_free": "EP1420AL",
        "product_mounting_orientation": "алюминий",
        "product_field_of_inscription": "Розетки электрические",
        "product_height": "дуропласт",
        "product_width": "глянцевый",
        "product_without_baffle": "да",
        "product_hinged_lid": "в сборе с механизмом",
        "product_degree_of_protection": "нет",
        "product_number_of_posts": "220-250В",
        "product_img": "https://jung-pro.ru//assets/images/products/2949/ep421al.jpeg"
    }
}