{
    "211GDE + EP1540BFAL": {
        "product_title": "Светорегулятор поворотный 100-1000 Вт. для ламп накаливания и галогенных Eco Profi, алюминий 211GDE + EP1540BFAL",
        "product_brand": "JUNG",
        "product_series": "ECO Profi, Eco Profi Deco, ECO Profi Standart",
        "product_article": "211GDE + EP1540BFAL",
        "product_material": "алюминий",
        "product_color": "Светорегуляторы",
        "product_type": "JUNG",
        "product_kind_material": "ECO Profi, Eco Profi Deco, ECO Profi Standart",
        "product_type_surface": "211GDE + EP1540BFAL",
        "product_halogen_free": "алюминий",
        "product_mounting_orientation": "Светорегуляторы",
        "product_field_of_inscription": "дуропласт",
        "product_height": "глянцевый",
        "product_width": "да",
        "product_without_baffle": "в сборе с механизмом",
        "product_hinged_lid": "220-250В",
        "product_degree_of_protection": "нет",
        "product_number_of_posts": "механизм с накладкой",
        "product_other_1": "Jung EcoProfi Наклдака для поворотного диммера, алюминий EP1540BFAL        \n\n\nартикул: EP1540BFAL",
        "product_other_2": "Jung механизм светорегуляторп поворотно-нажимного 100-1000 Вт для л/н 211GDE        \n\n\nартикул: 211GDE",
        "product_img": "https://jung-pro.ru//assets/images/products/3002/ep1540bfal.jpeg"
    }
}