{
    "EPUAE8UPO + EP569-1BFPLUAAL": {
        "product_title": "Розетка телефонная одинарная RJ11 Eco Profi , алюминий EPUAE8UPO + EP569-1BFPLUAAL",
        "product_brand": "JUNG",
        "product_series": "ECO Profi, Eco Profi Deco, ECO Profi Standart",
        "product_article": "EPUAE8UPO + EP569-1BFPLUAAL",
        "product_material": "алюминий",
        "product_color": "Розетки телеф/комп",
        "product_type": "одинарная",
        "product_kind_material": "JUNG",
        "product_type_surface": "ECO Profi, Eco Profi Deco, ECO Profi Standart",
        "product_halogen_free": "EPUAE8UPO + EP569-1BFPLUAAL",
        "product_mounting_orientation": "алюминий",
        "product_field_of_inscription": "Розетки телеф/комп",
        "product_height": "дуропласт",
        "product_width": "глянцевый",
        "product_without_baffle": "да",
        "product_hinged_lid": "в сборе с механизмом",
        "product_degree_of_protection": "220-250В",
        "product_number_of_posts": "нет",
        "product_other_1": "Jung Телефонная UAE розетка, 8-ми полюсная; один терминал EPUAE8UPO        \n\n\nартикул: EPUAE8UPO",
        "product_other_2": "Jung EcoProfi накладка для одинарной компьютерной или телефонной розетки, алюминий EP569-1BFPLUAAL        \n\n\nартикул: EP569-1BFPLUAAL",
        "product_img": "https://jung-pro.ru//assets/images/products/2996/ep569-1bfpluaal.jpeg"
    }
}