{
    "S4110 + EP561BFPLSATAL": {
        "product_title": "Розетка TV-FM-SAT проходная Eco Profi , алюминий S4110 + EP561BFPLSATAL",
        "product_brand": "JUNG",
        "product_series": "ECO Profi, Eco Profi Deco, ECO Profi Standart",
        "product_article": "S4110 + EP561BFPLSATAL",
        "product_material": "алюминий",
        "product_color": "Розетки TV",
        "product_type": "JUNG",
        "product_kind_material": "ECO Profi, Eco Profi Deco, ECO Profi Standart",
        "product_type_surface": "S4110 + EP561BFPLSATAL",
        "product_halogen_free": "алюминий",
        "product_mounting_orientation": "Розетки TV",
        "product_field_of_inscription": "дуропласт",
        "product_height": "глянцевый",
        "product_width": "да",
        "product_without_baffle": "в сборе с механизмом",
        "product_hinged_lid": "220-250В",
        "product_degree_of_protection": "нет",
        "product_number_of_posts": "механизм с накладкой",
        "product_other_1": "Jung EcoProfi накладка для розетки TV-FM-SAT, алюминий EP561BFPLSATAL        \n\n\nартикул: EP561BFPLSATAL",
        "product_other_2": "Jung Мех Розетка TV-FM-SAT проходная S4110        \n\n\nартикул: S4110",
        "product_img": "https://jung-pro.ru//assets/images/products/2995/ep561bfplsatal.jpeg"
    }
}