{
    "EPUAE8-8UPOK6 + EP569-2BFPLUAAL": {
        "product_title": "Розетка компьютерная двойная RJ45 экранированная Eco Profi , алюминий EPUAE8-8UPOK6 + EP569-2BFPLUAAL",
        "product_brand": "JUNG",
        "product_series": "ECO Profi, Eco Profi Deco, ECO Profi Standart",
        "product_article": "EPUAE8-8UPOK6 + EP569-2BFPLUAAL",
        "product_material": "алюминий",
        "product_color": "Розетки телеф/комп",
        "product_type": "двойная",
        "product_kind_material": "JUNG",
        "product_type_surface": "ECO Profi, Eco Profi Deco, ECO Profi Standart",
        "product_halogen_free": "EPUAE8-8UPOK6 + EP569-2BFPLUAAL",
        "product_mounting_orientation": "алюминий",
        "product_field_of_inscription": "Розетки телеф/комп",
        "product_height": "дуропласт",
        "product_width": "глянцевый",
        "product_without_baffle": "да",
        "product_hinged_lid": "в сборе с механизмом",
        "product_degree_of_protection": "220-250В",
        "product_number_of_posts": "нет",
        "product_other_1": "Jung EcoProfi накладка для сдвоенной компьютерной или телефонной розетки, алюминий EP569-2BFPLUAAL        \n\n\nартикул: EP569-2BFPLUAAL",
        "product_other_2": "Jung Компьютерная UAE розетка 6-й категории, 8-ми полюсная, экранированная; два терминала EPUAE8-8UPOK6        \n\n\nартикул: EPUAE8-8UPOK6",
        "product_img": "https://jung-pro.ru//assets/images/products/2999/ep569-2bfpluaal.jpeg"
    }
}