{
    "EP490KOAL + EP401U + 90": {
        "product_title": "Выключатель одноклавишный с подсветкой Eco Profi  10А, алюминий EP490KOAL + EP401U + 90",
        "product_brand": "JUNG",
        "product_series": "ECO Profi, Eco Profi Deco, ECO Profi Standart",
        "product_article": "EP490KOAL + EP401U + 90",
        "product_material": "алюминий",
        "product_color": "Выключатели",
        "product_type": "JUNG",
        "product_kind_material": "ECO Profi, Eco Profi Deco, ECO Profi Standart",
        "product_type_surface": "EP490KOAL + EP401U + 90",
        "product_halogen_free": "алюминий",
        "product_mounting_orientation": "Выключатели",
        "product_field_of_inscription": "дуропласт",
        "product_height": "глянцевый",
        "product_width": "да",
        "product_without_baffle": "в сборе с механизмом",
        "product_hinged_lid": "нет",
        "product_degree_of_protection": "220-250В",
        "product_number_of_posts": "нет",
        "product_other_1": "Jung  ECO Profi Механизм выключателя 10АХ, 250V~ однополюсный; белый EP401U        \n\n\nартикул: EP401U",
        "product_other_2": "Jung Мех Лампа неоновая для 1-клавишных механизмов 230V, 1,1mA 90        \n\n\nартикул: 90",
        "product_other_3": "Jung  ECO Profi Клавиша для выключателя с окошком для подсветки, алюминий EP490KOAL        \n\n\nартикул: EP490KOAL",
        "product_img": "https://jung-pro.ru//assets/images/products/2988/ep490koal.jpeg"
    }
}