{
    "1730DD + EP1540BFAL": {
        "product_title": "Светорегулятор поворотно-нажимной LED 3-60Вт., 20-210Вт ламп накал. и галог., алюминий 1730DD + EP1540BFAL",
        "product_brand": "Jung",
        "product_series": "ECO Profi, Eco Profi Deco, ECO Profi Standart",
        "product_article": "1730DD + EP1540BFAL",
        "product_material": "алюминий",
        "product_color": "Светорегуляторы",
        "product_type": "Jung",
        "product_kind_material": "ECO Profi, Eco Profi Deco, ECO Profi Standart",
        "product_type_surface": "1730DD + EP1540BFAL",
        "product_halogen_free": "алюминий",
        "product_mounting_orientation": "Светорегуляторы",
        "product_field_of_inscription": "дуропласт",
        "product_height": "глянцевый",
        "product_width": "да",
        "product_without_baffle": "в сборе с механизмом",
        "product_hinged_lid": "да",
        "product_degree_of_protection": "220-250В",
        "product_number_of_posts": "нет",
        "product_other_1": "Jung EcoProfi Наклдака для поворотного диммера, алюминий EP1540BFAL        \n\n\nартикул: EP1540BFAL",
        "product_other_2": "Механизм светорегулятора Jung поворотно-нажимного для LED 3-60Вт., 20-210Вт ламп накал. и галог. 1730DD        \n\n\nартикул: 1730DD",
        "product_img": "https://jung-pro.ru//assets/images/products/3188/ep1540bfal.jpeg"
    }
}