{
    "EPD483AL": {
        "product_title": "Рамка тройная Jung Eco Profi Deco, алюминий EPD483AL",
        "product_brand": "JUNG",
        "product_series": "Eco Profi Deco",
        "product_article": "EPD483AL",
        "product_material": "алюминий",
        "product_color": "Рамки",
        "product_type": "JUNG",
        "product_kind_material": "Eco Profi Deco",
        "product_type_surface": "EPD483AL",
        "product_halogen_free": "алюминий",
        "product_mounting_orientation": "Рамки",
        "product_field_of_inscription": "дуропласт",
        "product_height": "глянцевый",
        "product_width": "да",
        "product_without_baffle": "горизонтальная,вертикальная",
        "product_hinged_lid": "нет",
        "product_degree_of_protection": "нет",
        "product_number_of_posts": "нет",
        "product_img": "https://jung-pro.ru//assets/images/products/3087/epd483al.jpg"
    }
}