{
    "S2900 + EP561BFPLTVAL": {
        "product_title": "Розетка TV-FM оконечная Eco Profi , алюминий S2900 + EP561BFPLTVAL",
        "product_brand": "JUNG",
        "product_series": "ECO Profi, Eco Profi Deco, ECO Profi Standart",
        "product_article": "S2900 + EP561BFPLTVAL",
        "product_material": "алюминий",
        "product_color": "Розетки TV",
        "product_type": "JUNG",
        "product_kind_material": "ECO Profi, Eco Profi Deco, ECO Profi Standart",
        "product_type_surface": "S2900 + EP561BFPLTVAL",
        "product_halogen_free": "алюминий",
        "product_mounting_orientation": "Розетки TV",
        "product_field_of_inscription": "дуропласт",
        "product_height": "глянцевый",
        "product_width": "да",
        "product_without_baffle": "в сборе с механизмом",
        "product_hinged_lid": "220-250В",
        "product_degree_of_protection": "нет",
        "product_number_of_posts": "механизм с накладкой",
        "product_other_1": "TV-FM оконечная розетка S2900        \n\n\nартикул: S2900",
        "product_other_2": "Jung EcoProfi накладка для розетки TV-FM, алюминий EP561BFPLTVAL        \n\n\nартикул: EP561BFPLTVAL",
        "product_img": "https://jung-pro.ru//assets/images/products/2992/ep561bfpltval.jpeg"
    }
}