{
    "S4100 + sl561satgb": {
        "product_title": "Розетка телевизионная оконечная TV SAT FM, диапазон частот от 4 до 2400 MГц S4100 + sl561satgb",
        "product_brand": "Jung",
        "product_series": "SL 500",
        "product_article": "S4100 + sl561satgb",
        "product_material": "золотая бронза",
        "product_color": "Розетки TV",
        "product_type": "Jung",
        "product_kind_material": "SL 500",
        "product_type_surface": "S4100 + sl561satgb",
        "product_halogen_free": "золотая бронза",
        "product_mounting_orientation": "Розетки TV",
        "product_field_of_inscription": "металл",
        "product_height": "глянцевый",
        "product_width": "да",
        "product_without_baffle": "в сборе с механизмом",
        "product_hinged_lid": "220-250В",
        "product_degree_of_protection": "нет",
        "product_number_of_posts": "механизм с накладкой",
        "product_other_1": "Розетка универсальная для систем приема спутникового, эфирного и кабельного вещания, оконечная S4100        \n\n\nартикул: S4100",
        "product_other_2": "Jung SL 500 Бронза накладка TV-SAT-FM розетки SL561SATGB        \n\n\nартикул: SL561SATGB",
        "product_img": "https://jung-pro.ru//assets/images/products/1049/sl561satgb.jpeg"
    }
}