{
    "211GDE + SL1540GB": {
        "product_title": "Светорегулятор поворотный 100-1000 Вт. для ламп накаливания и галог.220В 211GDE + SL1540GB",
        "product_brand": "Jung",
        "product_series": "SL 500",
        "product_article": "211GDE + SL1540GB",
        "product_material": "золотая бронза",
        "product_color": "Светорегуляторы",
        "product_type": "Jung",
        "product_kind_material": "SL 500",
        "product_type_surface": "211GDE + SL1540GB",
        "product_halogen_free": "золотая бронза",
        "product_mounting_orientation": "Светорегуляторы",
        "product_field_of_inscription": "металл",
        "product_height": "глянцевый",
        "product_width": "да",
        "product_without_baffle": "в сборе с механизмом",
        "product_hinged_lid": "220-250В",
        "product_degree_of_protection": "нет",
        "product_number_of_posts": "механизм с накладкой",
        "product_other_1": "Jung SL 500  накладка роторного механизма золото-бронза SL1540GB        \n\n\nартикул: SL1540GB",
        "product_other_2": "Jung механизм светорегуляторп поворотно-нажимного 100-1000 Вт для л/н 211GDE        \n\n\nартикул: 211GDE",
        "product_img": "https://jung-pro.ru//assets/images/products/1400/sl540gb.jpeg"
    }
}