{
    "sl561bgb": {
        "product_title": "Заглушка с опорной пластиной sl561bgb",
        "product_brand": "Jung",
        "product_series": "SL 500",
        "product_article": "sl561bgb",
        "product_material": "золотая бронза",
        "product_color": "Заглушки",
        "product_type": "Jung",
        "product_kind_material": "SL 500",
        "product_type_surface": "sl561bgb",
        "product_halogen_free": "золотая бронза",
        "product_mounting_orientation": "Заглушки",
        "product_field_of_inscription": "металл",
        "product_height": "глянцевый",
        "product_width": "да",
        "product_without_baffle": "в сборе с механизмом",
        "product_hinged_lid": "нет",
        "product_degree_of_protection": "механизм с накладкой",
        "product_number_of_posts": "встроенный монтаж",
        "product_img": "https://jung-pro.ru//assets/images/products/1012/sl561bgb.jpeg"
    }
}