{
    "1730DD + SL1540GB": {
        "product_title": "Светорегулятор поворотно-нажимной LED 3-60Вт., 20-210Вт ламп накал. и галог., золотая бронза 1730DD + SL1540GB",
        "product_brand": "Jung",
        "product_series": "SL 500",
        "product_article": "1730DD + SL1540GB",
        "product_material": "золотая бронза",
        "product_color": "Светорегуляторы",
        "product_type": "Jung",
        "product_kind_material": "SL 500",
        "product_type_surface": "1730DD + SL1540GB",
        "product_halogen_free": "золотая бронза",
        "product_mounting_orientation": "Светорегуляторы",
        "product_field_of_inscription": "металл",
        "product_height": "глянцевый",
        "product_width": "да",
        "product_without_baffle": "в сборе с механизмом",
        "product_hinged_lid": "да",
        "product_degree_of_protection": "220-250В",
        "product_number_of_posts": "нет",
        "product_other_1": "Jung SL 500  накладка роторного механизма золото-бронза SL1540GB        \n\n\nартикул: SL1540GB",
        "product_other_2": "Механизм светорегулятора Jung поворотно-нажимного для LED 3-60Вт., 20-210Вт ламп накал. и галог. 1730DD        \n\n\nартикул: 1730DD",
        "product_img": "https://jung-pro.ru//assets/images/products/3173/sl1540gb.jpeg"
    }
}