{
    "sl582gb": {
        "product_title": "Рамка двойная, для вертикального монтажа Jung SL 500, золотая бронза sl582gb",
        "product_brand": "Jung",
        "product_series": "SL 500",
        "product_article": "sl582gb",
        "product_material": "золотая бронза",
        "product_color": "Рамки",
        "product_type": "Jung",
        "product_kind_material": "SL 500",
        "product_type_surface": "sl582gb",
        "product_halogen_free": "золотая бронза",
        "product_mounting_orientation": "Рамки",
        "product_field_of_inscription": "дуропласт",
        "product_height": "глянцевый",
        "product_width": "да",
        "product_without_baffle": "вертикальная",
        "product_hinged_lid": "нет",
        "product_degree_of_protection": "156",
        "product_number_of_posts": "85",
        "product_img": "https://jung-pro.ru//assets/images/products/644/b2b57e1d752392a0a139b88943a49a68.jpg"
    }
}