{
    "sl5850gb": {
        "product_title": "Рамка пятерная, для горизонтального монтажа Jung SL 500, золотая бронза sl5850gb",
        "product_brand": "Jung",
        "product_series": "SL 500",
        "product_article": "sl5850gb",
        "product_material": "золотая бронза",
        "product_color": "Рамки",
        "product_type": "Jung",
        "product_kind_material": "SL 500",
        "product_type_surface": "sl5850gb",
        "product_halogen_free": "золотая бронза",
        "product_mounting_orientation": "Рамки",
        "product_field_of_inscription": "дуропласт",
        "product_height": "глянцевый",
        "product_width": "да",
        "product_without_baffle": "горизонтальная",
        "product_hinged_lid": "нет",
        "product_degree_of_protection": "85",
        "product_number_of_posts": "370",
        "product_img": "https://jung-pro.ru//assets/images/products/662/1879122c60dce86ab97289017d77c9fa.jpg"
    }
}