{
    "505u5 + sl595ko5gb": {
        "product_title": "Выключатель двухклавишный с подсветкой, 10 А / 250 В~ 505u5 + sl595ko5gb",
        "product_brand": "Jung",
        "product_series": "SL 500",
        "product_article": "505u5 + sl595ko5gb",
        "product_material": "золотая бронза",
        "product_color": "Выключатели",
        "product_type": "Jung",
        "product_kind_material": "SL 500",
        "product_type_surface": "505u5 + sl595ko5gb",
        "product_halogen_free": "золотая бронза",
        "product_mounting_orientation": "Выключатели",
        "product_field_of_inscription": "металл",
        "product_height": "глянцевый",
        "product_width": "да",
        "product_without_baffle": "в сборе с механизмом",
        "product_hinged_lid": "нет",
        "product_degree_of_protection": "220-250В",
        "product_number_of_posts": "нет",
        "product_other_1": "Jung Выключатель 10AX 250V сдвоенный с двумя лампочками 505U5        \n\n\nартикул: 505U5",
        "product_other_2": "Jung SL 500 Бронза клавиша 2-я с подсветкой SL595KO5GB        \n\n\nартикул: SL595KO5GB",
        "product_img": "https://jung-pro.ru//assets/images/products/861/15a78c9161bb5a8b1d689db382d8f70e.jpg"
    }
}