{
    "SLA2WW + sl569tgb": {
        "product_title": "Розетка для стерео-громкоговорителя SLA2WW + sl569tgb",
        "product_brand": "Jung",
        "product_series": "SL 500",
        "product_article": "SLA2WW + sl569tgb",
        "product_material": "золотая бронза",
        "product_color": "Розетки акустические",
        "product_type": "двойная",
        "product_kind_material": "Jung",
        "product_type_surface": "SL 500",
        "product_halogen_free": "SLA2WW + sl569tgb",
        "product_mounting_orientation": "золотая бронза",
        "product_field_of_inscription": "Розетки акустические",
        "product_height": "металл",
        "product_width": "глянцевый",
        "product_without_baffle": "да",
        "product_hinged_lid": "в сборе с механизмом",
        "product_degree_of_protection": "220-250В",
        "product_number_of_posts": "нет",
        "product_other_1": "крышка для ТАЕ гнезд; золотая бронза SL569TGB        \n\n\nартикул: SL569TGB",
        "product_other_2": "Jung Мех Аудиорозетка (стерео) белый SLA2WW        \n\n\nартикул: SLA2WW",
        "product_img": "https://jung-pro.ru//assets/images/products/1526/sl569tgb.jpeg"
    }
}