{
    "507u + sl590gb": {
        "product_title": "Выключатель одноклавишный перекрестный (вкл/выкл с 3-х мест) 10 А / 250 В~ 507u + sl590gb",
        "product_brand": "Jung",
        "product_series": "SL 500",
        "product_article": "507u + sl590gb",
        "product_material": "золотая бронза",
        "product_color": "Выключатели",
        "product_type": "Jung",
        "product_kind_material": "SL 500",
        "product_type_surface": "507u + sl590gb",
        "product_halogen_free": "золотая бронза",
        "product_mounting_orientation": "Выключатели",
        "product_field_of_inscription": "металл",
        "product_height": "глянцевый",
        "product_width": "да",
        "product_without_baffle": "в сборе с механизмом",
        "product_hinged_lid": "нет",
        "product_degree_of_protection": "220-250В",
        "product_number_of_posts": "нет",
        "product_other_1": "Jung Мех Переключатель 1-клавишный перекрестный 507U        \n\n\nартикул: 507U",
        "product_other_2": "Jung SL 500 Бронза клавиша 1-я SL590GB        \n\n\nартикул: SL590GB",
        "product_img": "https://jung-pro.ru//assets/images/products/849/sl590gb.jpeg"
    }
}