{
    "sl520gb": {
        "product_title": "Розетка с заземляющими контактами 16 А / 250 В~ sl520gb",
        "product_brand": "Jung",
        "product_series": "SL 500",
        "product_article": "sl520gb",
        "product_material": "золотая бронза",
        "product_color": "Розетки электрические",
        "product_type": "одинарная",
        "product_kind_material": "Jung",
        "product_type_surface": "SL 500",
        "product_halogen_free": "sl520gb",
        "product_mounting_orientation": "золотая бронза",
        "product_field_of_inscription": "Розетки электрические",
        "product_height": "металл",
        "product_width": "глянцевый",
        "product_without_baffle": "да",
        "product_hinged_lid": "в сборе с механизмом",
        "product_degree_of_protection": "нет",
        "product_number_of_posts": "220-250В",
        "product_img": "https://jung-pro.ru//assets/images/products/1296/sl520gb.jpeg"
    }
}