{
    "539vu + sl595pgb": {
        "product_title": "Выключатель управления жалюзи кнопочный, 10 А / 250 В~ 539vu + sl595pgb",
        "product_brand": "Jung",
        "product_series": "SL 500",
        "product_article": "539vu + sl595pgb",
        "product_material": "золотая бронза",
        "product_color": "Управление жалюзи",
        "product_type": "Jung",
        "product_kind_material": "SL 500",
        "product_type_surface": "539vu + sl595pgb",
        "product_halogen_free": "золотая бронза",
        "product_mounting_orientation": "Управление жалюзи",
        "product_field_of_inscription": "металл",
        "product_height": "глянцевый",
        "product_width": "да",
        "product_without_baffle": "в сборе с механизмом",
        "product_hinged_lid": "220-250В",
        "product_degree_of_protection": "нет",
        "product_number_of_posts": "кнопочный",
        "product_other_1": "Jung Мех Выключатель жалюзийный кнопочный с мех блокировкой одновременного нажатия 539VU        \n\n\nартикул: 539VU",
        "product_other_2": "Jung SL 500 Бронза клавиша 2-я жалюзийная SL595PGB        \n\n\nартикул: SL595PGB",
        "product_img": "https://jung-pro.ru//assets/images/products/1482/sl595pgb.jpeg"
    }
}