{
    "FTR231U + SLFTR231PLgb": {
        "product_title": "Регулятор теплого пола Jung 230В/10А с выносным датчиком FTR231U + SLFTR231PLgb",
        "product_brand": "Jung",
        "product_series": "SL 500",
        "product_article": "FTR231U + SLFTR231PLgb",
        "product_material": "золотая бронза",
        "product_color": "Терморегуляторы теплого пола",
        "product_type": "Jung",
        "product_kind_material": "SL 500",
        "product_type_surface": "FTR231U + SLFTR231PLgb",
        "product_halogen_free": "золотая бронза",
        "product_mounting_orientation": "Терморегуляторы теплого пола",
        "product_field_of_inscription": "нет",
        "product_height": "металл",
        "product_width": "глянцевый",
        "product_without_baffle": "да",
        "product_hinged_lid": "в сборе с механизмом",
        "product_degree_of_protection": "220-250В",
        "product_number_of_posts": "нет",
        "product_other_1": "Jung SL 500 Бронза накладка регулятора теплого пола SLFTR231PLGB        \n\n\nартикул: SLFTR231PLGB",
        "product_other_2": "Механизм терморегулятора пола JUNG с датчиком пола 4 м        \n\n\nартикул: FTR231U",
        "product_img": "https://jung-pro.ru//assets/images/products/1441/slftr231plgb.jpeg"
    }
}