{
    "SL581GB": {
        "product_title": "Рамка одинарная Jung SL 500, золотая бронза SL581GB",
        "product_brand": "Jung",
        "product_series": "SL 500",
        "product_article": "SL581GB",
        "product_material": "золотая бронза",
        "product_color": "Рамки",
        "product_type": "Jung",
        "product_kind_material": "SL 500",
        "product_type_surface": "SL581GB",
        "product_halogen_free": "золотая бронза",
        "product_mounting_orientation": "Рамки",
        "product_field_of_inscription": "дуропласт",
        "product_height": "глянцевый",
        "product_width": "да",
        "product_without_baffle": "горизонтальная,вертикальная",
        "product_hinged_lid": "нет",
        "product_degree_of_protection": "85",
        "product_number_of_posts": "85",
        "product_img": "https://jung-pro.ru//assets/images/products/641/28fff11e00e13113c7334c40e1c2d9f6.jpg"
    }
}