{
    "sl569-2uagb + EPUAE8-8UPO": {
        "product_title": "Розетка телефонная двойная RJ11 sl569-2uagb + EPUAE8-8UPO",
        "product_brand": "Jung",
        "product_series": "SL 500",
        "product_article": "sl569-2uagb + EPUAE8-8UPO",
        "product_material": "золотая бронза",
        "product_color": "Розетки телеф/комп",
        "product_type": "двойная",
        "product_kind_material": "Jung",
        "product_type_surface": "SL 500",
        "product_halogen_free": "sl569-2uagb + EPUAE8-8UPO",
        "product_mounting_orientation": "золотая бронза",
        "product_field_of_inscription": "Розетки телеф/комп",
        "product_height": "металл",
        "product_width": "глянцевый",
        "product_without_baffle": "да",
        "product_hinged_lid": "в сборе с механизмом",
        "product_degree_of_protection": "220-250В",
        "product_number_of_posts": "нет",
        "product_other_1": "Jung телефонная UAE розетка, 8-ми полюсная; два терминала EPUAE8-8UPO        \n\n\nартикул: EPUAE8-8UPO",
        "product_other_2": "Jung SL 500 Бронза накладка 2-ой наклонной ТЛФ/комп розетки SL569-2UAGB        \n\n\nартикул: SL569-2UAGB",
        "product_img": "https://jung-pro.ru//assets/images/products/1162/sl569-2uagb.jpeg"
    }
}