{
    "1201URE + SL1180-1GB": {
        "product_title": "Автоматический выключатель 230 В~ , 40-400Вт, трехпроводное подключение, высота монтажа 1,1м 1201URE + SL1180-1GB",
        "product_brand": "Jung",
        "product_series": "SL 500",
        "product_article": "1201URE + SL1180-1GB",
        "product_material": "золотая бронза",
        "product_color": "Выключатели автоматические",
        "product_type": "Jung",
        "product_kind_material": "SL 500",
        "product_type_surface": "1201URE + SL1180-1GB",
        "product_halogen_free": "золотая бронза",
        "product_mounting_orientation": "Выключатели автоматические",
        "product_field_of_inscription": "металл",
        "product_height": "глянцевый",
        "product_width": "да",
        "product_without_baffle": "в сборе с механизмом",
        "product_hinged_lid": "220-250В",
        "product_degree_of_protection": "нет",
        "product_number_of_posts": "механизм с накладкой",
        "product_other_1": "Jung механизм Электронный выключатель 1-канальный(необходима нейтраль) 1201URE        \n\n\nартикул: 1201URE",
        "product_other_2": "Jung SL 500 Бронза накладка датчика движения Универсал 1,1м SL1180-1GB        \n\n\nартикул: SL1180-1GB",
        "product_img": "https://jung-pro.ru//assets/images/products/984/2e8f80113c7497aa15c39611b7023915.jpg"
    }
}