{
    "S2900-10 + sl561tvgb": {
        "product_title": "Розетка телевизионная проходная TV FM, диапазон частот от 4 до 2400 MГц S2900-10 + sl561tvgb",
        "product_brand": "Jung",
        "product_series": "SL 500",
        "product_article": "S2900-10 + sl561tvgb",
        "product_material": "золотая бронза",
        "product_color": "Розетки TV",
        "product_type": "Jung",
        "product_kind_material": "SL 500",
        "product_type_surface": "S2900-10 + sl561tvgb",
        "product_halogen_free": "золотая бронза",
        "product_mounting_orientation": "Розетки TV",
        "product_field_of_inscription": "металл",
        "product_height": "глянцевый",
        "product_width": "да",
        "product_without_baffle": "в сборе с механизмом",
        "product_hinged_lid": "220-250В",
        "product_degree_of_protection": "нет",
        "product_number_of_posts": "механизм с накладкой",
        "product_other_1": "TV-FM оконечная розетка, проходная S2900-10        \n\n\nартикул: S2900-10",
        "product_other_2": "Jung SL 500 Бронза накладка TV-FM розетки SL561TVGB        \n\n\nартикул: SL561TVGB",
        "product_img": "https://jung-pro.ru//assets/images/products/1046/sl561tvgb.jpeg"
    }
}