{
    "sl5830gb": {
        "product_title": "Рамка тройная, для горизонтального монтажа Jung SL 500, золотая бронза sl5830gb",
        "product_brand": "Jung",
        "product_series": "SL 500",
        "product_article": "sl5830gb",
        "product_material": "золотая бронза",
        "product_color": "Рамки",
        "product_type": "Jung",
        "product_kind_material": "SL 500",
        "product_type_surface": "sl5830gb",
        "product_halogen_free": "золотая бронза",
        "product_mounting_orientation": "Рамки",
        "product_field_of_inscription": "дуропласт",
        "product_height": "глянцевый",
        "product_width": "да",
        "product_without_baffle": "горизонтальная",
        "product_hinged_lid": "нет",
        "product_degree_of_protection": "85",
        "product_number_of_posts": "227",
        "product_img": "https://jung-pro.ru//assets/images/products/652/18f7d5d028c2e0af8ad9e0ead1e3d7c7.jpg"
    }
}