{
    "sl583gb": {
        "product_title": "Рамка тройная, для вертикального монтажа Jung SL 500, золотая бронза sl583gb",
        "product_brand": "Jung",
        "product_series": "SL 500",
        "product_article": "sl583gb",
        "product_material": "золотая бронза",
        "product_color": "Рамки",
        "product_type": "Jung",
        "product_kind_material": "SL 500",
        "product_type_surface": "sl583gb",
        "product_halogen_free": "золотая бронза",
        "product_mounting_orientation": "Рамки",
        "product_field_of_inscription": "дуропласт",
        "product_height": "глянцевый",
        "product_width": "да",
        "product_without_baffle": "вертикальная",
        "product_hinged_lid": "нет",
        "product_degree_of_protection": "227",
        "product_number_of_posts": "85",
        "product_img": "https://jung-pro.ru//assets/images/products/650/045f9f04e59177339332ccf0cab08ee4.jpg"
    }
}