{
    "sl585gb": {
        "product_title": "Рамка пятерная, для вертикального монтажа Jung SL 500, золотая бронза sl585gb",
        "product_brand": "Jung",
        "product_series": "SL 500",
        "product_article": "sl585gb",
        "product_material": "золотая бронза",
        "product_color": "Рамки",
        "product_type": "Jung",
        "product_kind_material": "SL 500",
        "product_type_surface": "sl585gb",
        "product_halogen_free": "золотая бронза",
        "product_mounting_orientation": "Рамки",
        "product_field_of_inscription": "дуропласт",
        "product_height": "глянцевый",
        "product_width": "да",
        "product_without_baffle": "вертикальная",
        "product_hinged_lid": "нет",
        "product_degree_of_protection": "370",
        "product_number_of_posts": "85",
        "product_img": "https://jung-pro.ru//assets/images/products/664/75e8913505e205dc1edacc99ac192469.jpg"
    }
}