{
    "SL569TGB + USB15CAWW": {
        "product_title": "Розетка USB двойная для зарядки тип А+С, 2x700мA, винтовой зажим, золотая бронза SL569TGB + USB15CAWW",
        "product_brand": "JUNG",
        "product_series": "SL 500",
        "product_article": "SL569TGB + USB15CAWW",
        "product_material": "золотая бронза",
        "product_color": "Розетки USB",
        "product_type": "двойная",
        "product_kind_material": "JUNG",
        "product_type_surface": "SL 500",
        "product_halogen_free": "SL569TGB + USB15CAWW",
        "product_mounting_orientation": "золотая бронза",
        "product_field_of_inscription": "Розетки USB",
        "product_height": "металл",
        "product_width": "глянцевый",
        "product_without_baffle": "да",
        "product_hinged_lid": "в сборе с механизмом",
        "product_degree_of_protection": "220-250В",
        "product_number_of_posts": "нет",
        "product_other_1": "крышка для ТАЕ гнезд; золотая бронза SL569TGB        \n\n\nартикул: SL569TGB",
        "product_other_2": "Jung механизм USB-розетки тип А+С, 2 гнезда, до 1,4 А/ч USB15CAWW        \n\n\nартикул: USB15CAWW",
        "product_img": "https://jung-pro.ru//assets/site/img/thumb_default.jpg"
    }
}