{
    "EPUAE8-8UPOK6 + SL569-2UAGB": {
        "product_title": "Розетка компьютерная двойная RJ45 6-й кат. EPUAE8-8UPOK6 + SL569-2UAGB",
        "product_brand": "Jung",
        "product_series": "SL 500",
        "product_article": "EPUAE8-8UPOK6 + SL569-2UAGB",
        "product_material": "золотая бронза",
        "product_color": "Розетки телеф/комп",
        "product_type": "двойная",
        "product_kind_material": "Jung",
        "product_type_surface": "SL 500",
        "product_halogen_free": "EPUAE8-8UPOK6 + SL569-2UAGB",
        "product_mounting_orientation": "золотая бронза",
        "product_field_of_inscription": "Розетки телеф/комп",
        "product_height": "металл",
        "product_width": "глянцевый",
        "product_without_baffle": "да",
        "product_hinged_lid": "в сборе с механизмом",
        "product_degree_of_protection": "220-250В",
        "product_number_of_posts": "нет",
        "product_other_1": "Jung Компьютерная UAE розетка 6-й категории, 8-ми полюсная, экранированная; два терминала EPUAE8-8UPOK6        \n\n\nартикул: EPUAE8-8UPOK6",
        "product_other_2": "Jung SL 500 Бронза накладка 2-ой наклонной ТЛФ/комп розетки SL569-2UAGB        \n\n\nартикул: SL569-2UAGB",
        "product_img": "https://jung-pro.ru//assets/images/products/1157/sl569-2uagb.jpeg"
    }
}