{
    "506U + 90 + SL590KO5GB": {
        "product_title": "Выключатель одноклавишный с подсветкой, универс. (вкл/выкл с 2-х мест) 10 А / 250 В~ 506U + 90 + SL590KO5GB",
        "product_brand": "Jung",
        "product_series": "SL 500",
        "product_article": "506U + 90 + SL590KO5GB",
        "product_material": "золотая бронза",
        "product_color": "Выключатели",
        "product_type": "Jung",
        "product_kind_material": "SL 500",
        "product_type_surface": "506U + 90 + SL590KO5GB",
        "product_halogen_free": "золотая бронза",
        "product_mounting_orientation": "Выключатели",
        "product_field_of_inscription": "металл",
        "product_height": "глянцевый",
        "product_width": "да",
        "product_without_baffle": "в сборе с механизмом",
        "product_hinged_lid": "нет",
        "product_degree_of_protection": "220-250В",
        "product_number_of_posts": "нет",
        "product_other_1": "Jung Мех Лампа неоновая для 1-клавишных механизмов 230V, 1,1mA 90        \n\n\nартикул: 90",
        "product_other_2": "Выключатель 10AX 250V универсальный 506U        \n\n\nартикул: 506U",
        "product_other_3": "Jung Клавиша для кнопочного выключателя, выключателя или кнопки с подсветкой; золотая бронза SL590KO5GB        \n\n\nартикул: SL590KO5GB",
        "product_img": "https://jung-pro.ru//assets/images/products/851/953995e7190e9aa04ee72cf4e6fd484e.jpg"
    }
}