{
    "SL581GB": {
        "product_title": "Рамка одинарная Jung SL 500, золотая бронза SL581GB",
        "product_brand": "Jung",
        "product_series": "SL 500",
        "product_article": "SL581GB",
        "product_material": "золотая бронза",
        "product_color": "Рамки",
        "product_type": "Jung",
        "product_kind_material": "SL 500",
        "product_type_surface": "SL581GB",
        "product_halogen_free": "золотая бронза",
        "product_mounting_orientation": "Рамки",
        "product_field_of_inscription": "дуропласт",
        "product_height": "глянцевый",
        "product_width": "да",
        "product_without_baffle": "горизонтальная,вертикальная",
        "product_hinged_lid": "нет",
        "product_degree_of_protection": "85",
        "product_number_of_posts": "85",
        "product_img": "https://jung-pro.ru//assets/images/products/641/28fff11e00e13113c7334c40e1c2d9f6.jpg"
    }
}
{
    "sl582gb": {
        "product_title": "Рамка двойная, для вертикального монтажа Jung SL 500, золотая бронза sl582gb",
        "product_brand": "Jung",
        "product_series": "SL 500",
        "product_article": "sl582gb",
        "product_material": "золотая бронза",
        "product_color": "Рамки",
        "product_type": "Jung",
        "product_kind_material": "SL 500",
        "product_type_surface": "sl582gb",
        "product_halogen_free": "золотая бронза",
        "product_mounting_orientation": "Рамки",
        "product_field_of_inscription": "дуропласт",
        "product_height": "глянцевый",
        "product_width": "да",
        "product_without_baffle": "вертикальная",
        "product_hinged_lid": "нет",
        "product_degree_of_protection": "156",
        "product_number_of_posts": "85",
        "product_img": "https://jung-pro.ru//assets/images/products/644/b2b57e1d752392a0a139b88943a49a68.jpg"
    }
}
{
    "sl5820gb": {
        "product_title": "Рамка двойная, для горизонтального монтажа Jung SL 500, золотая бронза sl5820gb",
        "product_brand": "Jung",
        "product_series": "SL 500",
        "product_article": "sl5820gb",
        "product_material": "золотая бронза",
        "product_color": "Рамки",
        "product_type": "Jung",
        "product_kind_material": "SL 500",
        "product_type_surface": "sl5820gb",
        "product_halogen_free": "золотая бронза",
        "product_mounting_orientation": "Рамки",
        "product_field_of_inscription": "дуропласт",
        "product_height": "глянцевый",
        "product_width": "да",
        "product_without_baffle": "горизонтальная",
        "product_hinged_lid": "нет",
        "product_degree_of_protection": "85",
        "product_number_of_posts": "156",
        "product_img": "https://jung-pro.ru//assets/images/products/647/2aad017e08379b415f883514f1218366.jpg"
    }
}
{
    "sl583gb": {
        "product_title": "Рамка тройная, для вертикального монтажа Jung SL 500, золотая бронза sl583gb",
        "product_brand": "Jung",
        "product_series": "SL 500",
        "product_article": "sl583gb",
        "product_material": "золотая бронза",
        "product_color": "Рамки",
        "product_type": "Jung",
        "product_kind_material": "SL 500",
        "product_type_surface": "sl583gb",
        "product_halogen_free": "золотая бронза",
        "product_mounting_orientation": "Рамки",
        "product_field_of_inscription": "дуропласт",
        "product_height": "глянцевый",
        "product_width": "да",
        "product_without_baffle": "вертикальная",
        "product_hinged_lid": "нет",
        "product_degree_of_protection": "227",
        "product_number_of_posts": "85",
        "product_img": "https://jung-pro.ru//assets/images/products/650/045f9f04e59177339332ccf0cab08ee4.jpg"
    }
}
{
    "sl5830gb": {
        "product_title": "Рамка тройная, для горизонтального монтажа Jung SL 500, золотая бронза sl5830gb",
        "product_brand": "Jung",
        "product_series": "SL 500",
        "product_article": "sl5830gb",
        "product_material": "золотая бронза",
        "product_color": "Рамки",
        "product_type": "Jung",
        "product_kind_material": "SL 500",
        "product_type_surface": "sl5830gb",
        "product_halogen_free": "золотая бронза",
        "product_mounting_orientation": "Рамки",
        "product_field_of_inscription": "дуропласт",
        "product_height": "глянцевый",
        "product_width": "да",
        "product_without_baffle": "горизонтальная",
        "product_hinged_lid": "нет",
        "product_degree_of_protection": "85",
        "product_number_of_posts": "227",
        "product_img": "https://jung-pro.ru//assets/images/products/652/18f7d5d028c2e0af8ad9e0ead1e3d7c7.jpg"
    }
}
{
    "sl584gb": {
        "product_title": "Рамка четверная, для вертикального монтажа Jung SL 500, золотая бронза sl584gb",
        "product_brand": "Jung",
        "product_series": "SL 500",
        "product_article": "sl584gb",
        "product_material": "золотая бронза",
        "product_color": "Рамки",
        "product_type": "Jung",
        "product_kind_material": "SL 500",
        "product_type_surface": "sl584gb",
        "product_halogen_free": "золотая бронза",
        "product_mounting_orientation": "Рамки",
        "product_field_of_inscription": "дуропласт",
        "product_height": "глянцевый",
        "product_width": "да",
        "product_without_baffle": "вертикальная",
        "product_hinged_lid": "нет",
        "product_degree_of_protection": "298",
        "product_number_of_posts": "85",
        "product_img": "https://jung-pro.ru//assets/images/products/657/107bc5a7fe6a22ffd7371a3c8b3685bd.jpg"
    }
}
{
    "sl5840gb": {
        "product_title": "Рамка четверная, для горизонтального монтажа Jung SL 500, золотая бронза sl5840gb",
        "product_brand": "Jung",
        "product_series": "SL 500",
        "product_article": "sl5840gb",
        "product_material": "золотая бронза",
        "product_color": "Рамки",
        "product_type": "Jung",
        "product_kind_material": "SL 500",
        "product_type_surface": "sl5840gb",
        "product_halogen_free": "золотая бронза",
        "product_mounting_orientation": "Рамки",
        "product_field_of_inscription": "дуропласт",
        "product_height": "глянцевый",
        "product_width": "да",
        "product_without_baffle": "горизонтальная",
        "product_hinged_lid": "нет",
        "product_degree_of_protection": "85",
        "product_number_of_posts": "298",
        "product_img": "https://jung-pro.ru//assets/images/products/659/b167c8ddfcb3a0d312da0bb3f820c2f2.jpg"
    }
}
{
    "sl585gb": {
        "product_title": "Рамка пятерная, для вертикального монтажа Jung SL 500, золотая бронза sl585gb",
        "product_brand": "Jung",
        "product_series": "SL 500",
        "product_article": "sl585gb",
        "product_material": "золотая бронза",
        "product_color": "Рамки",
        "product_type": "Jung",
        "product_kind_material": "SL 500",
        "product_type_surface": "sl585gb",
        "product_halogen_free": "золотая бронза",
        "product_mounting_orientation": "Рамки",
        "product_field_of_inscription": "дуропласт",
        "product_height": "глянцевый",
        "product_width": "да",
        "product_without_baffle": "вертикальная",
        "product_hinged_lid": "нет",
        "product_degree_of_protection": "370",
        "product_number_of_posts": "85",
        "product_img": "https://jung-pro.ru//assets/images/products/664/75e8913505e205dc1edacc99ac192469.jpg"
    }
}
{
    "501u + sl590gb": {
        "product_title": "Выключатель одноклавишный, 10 А / 250 В~ 501u + sl590gb",
        "product_brand": "Jung",
        "product_series": "SL 500",
        "product_article": "501u + sl590gb",
        "product_material": "золотая бронза",
        "product_color": "Выключатели",
        "product_type": "Jung",
        "product_kind_material": "SL 500",
        "product_type_surface": "501u + sl590gb",
        "product_halogen_free": "золотая бронза",
        "product_mounting_orientation": "Выключатели",
        "product_field_of_inscription": "металл",
        "product_height": "глянцевый",
        "product_width": "да",
        "product_without_baffle": "в сборе с механизмом",
        "product_hinged_lid": "нет",
        "product_degree_of_protection": "220-250В",
        "product_number_of_posts": "нет",
        "product_other_1": "Jung Механизм Выключатель 1-клавишный 10AX 250V 501U        \n\n\nартикул: 501U",
        "product_other_2": "Jung SL 500 Бронза клавиша 1-я SL590GB        \n\n\nартикул: SL590GB",
        "product_img": "https://jung-pro.ru//assets/images/products/843/sl590gb.jpeg"
    }
}
{
    "506u + sl590gb": {
        "product_title": "Выключатель одноклавишный, универс. (вкл/выкл с 2-х мест) 10 А / 250 В~ 506u + sl590gb",
        "product_brand": "Jung",
        "product_series": "SL 500",
        "product_article": "506u + sl590gb",
        "product_material": "золотая бронза",
        "product_color": "Выключатели",
        "product_type": "Jung",
        "product_kind_material": "SL 500",
        "product_type_surface": "506u + sl590gb",
        "product_halogen_free": "золотая бронза",
        "product_mounting_orientation": "Выключатели",
        "product_field_of_inscription": "металл",
        "product_height": "глянцевый",
        "product_width": "да",
        "product_without_baffle": "в сборе с механизмом",
        "product_hinged_lid": "нет",
        "product_degree_of_protection": "220-250В",
        "product_number_of_posts": "нет",
        "product_other_1": "Выключатель 10AX 250V универсальный 506U        \n\n\nартикул: 506U",
        "product_other_2": "Jung SL 500 Бронза клавиша 1-я SL590GB        \n\n\nартикул: SL590GB",
        "product_img": "https://jung-pro.ru//assets/images/products/845/sl590gb.jpeg"
    }
}
{
    "506U + 90 + SL590KO5GB": {
        "product_title": "Выключатель одноклавишный с подсветкой, универс. (вкл/выкл с 2-х мест) 10 А / 250 В~ 506U + 90 + SL590KO5GB",
        "product_brand": "Jung",
        "product_series": "SL 500",
        "product_article": "506U + 90 + SL590KO5GB",
        "product_material": "золотая бронза",
        "product_color": "Выключатели",
        "product_type": "Jung",
        "product_kind_material": "SL 500",
        "product_type_surface": "506U + 90 + SL590KO5GB",
        "product_halogen_free": "золотая бронза",
        "product_mounting_orientation": "Выключатели",
        "product_field_of_inscription": "металл",
        "product_height": "глянцевый",
        "product_width": "да",
        "product_without_baffle": "в сборе с механизмом",
        "product_hinged_lid": "нет",
        "product_degree_of_protection": "220-250В",
        "product_number_of_posts": "нет",
        "product_other_1": "Jung Мех Лампа неоновая для 1-клавишных механизмов 230V, 1,1mA 90        \n\n\nартикул: 90",
        "product_other_2": "Выключатель 10AX 250V универсальный 506U        \n\n\nартикул: 506U",
        "product_other_3": "Jung Клавиша для кнопочного выключателя, выключателя или кнопки с подсветкой; золотая бронза SL590KO5GB        \n\n\nартикул: SL590KO5GB",
        "product_img": "https://jung-pro.ru//assets/images/products/851/953995e7190e9aa04ee72cf4e6fd484e.jpg"
    }
}
{
    "507u + sl590gb": {
        "product_title": "Выключатель одноклавишный перекрестный (вкл/выкл с 3-х мест) 10 А / 250 В~ 507u + sl590gb",
        "product_brand": "Jung",
        "product_series": "SL 500",
        "product_article": "507u + sl590gb",
        "product_material": "золотая бронза",
        "product_color": "Выключатели",
        "product_type": "Jung",
        "product_kind_material": "SL 500",
        "product_type_surface": "507u + sl590gb",
        "product_halogen_free": "золотая бронза",
        "product_mounting_orientation": "Выключатели",
        "product_field_of_inscription": "металл",
        "product_height": "глянцевый",
        "product_width": "да",
        "product_without_baffle": "в сборе с механизмом",
        "product_hinged_lid": "нет",
        "product_degree_of_protection": "220-250В",
        "product_number_of_posts": "нет",
        "product_other_1": "Jung Мех Переключатель 1-клавишный перекрестный 507U        \n\n\nартикул: 507U",
        "product_other_2": "Jung SL 500 Бронза клавиша 1-я SL590GB        \n\n\nартикул: SL590GB",
        "product_img": "https://jung-pro.ru//assets/images/products/849/sl590gb.jpeg"
    }
}
{
    "505u + sl595gb": {
        "product_title": "Выключатель двухклавишный, 10 А / 250 В~ 505u + sl595gb",
        "product_brand": "Jung",
        "product_series": "SL 500",
        "product_article": "505u + sl595gb",
        "product_material": "золотая бронза",
        "product_color": "Выключатели",
        "product_type": "Jung",
        "product_kind_material": "SL 500",
        "product_type_surface": "505u + sl595gb",
        "product_halogen_free": "золотая бронза",
        "product_mounting_orientation": "Выключатели",
        "product_field_of_inscription": "металл",
        "product_height": "глянцевый",
        "product_width": "да",
        "product_without_baffle": "в сборе с механизмом",
        "product_hinged_lid": "нет",
        "product_degree_of_protection": "220-250В",
        "product_number_of_posts": "нет",
        "product_other_1": "Выключатель 10AX 250V сдвоенный 505U        \n\n\nартикул: 505U",
        "product_other_2": "Jung SL 500 Бронза клавиша 2-я SL595GB        \n\n\nартикул: SL595GB",
        "product_img": "https://jung-pro.ru//assets/images/products/854/sl595gb.jpeg"
    }
}
{
    "509u + sl595gb": {
        "product_title": "Выключатель двухклавишный, проходной (вкл/выкл с 2-х мест) 10 А / 250 В~ 509u + sl595gb",
        "product_brand": "Jung",
        "product_series": "SL 500",
        "product_article": "509u + sl595gb",
        "product_material": "золотая бронза",
        "product_color": "Выключатели",
        "product_type": "Jung",
        "product_kind_material": "SL 500",
        "product_type_surface": "509u + sl595gb",
        "product_halogen_free": "золотая бронза",
        "product_mounting_orientation": "Выключатели",
        "product_field_of_inscription": "металл",
        "product_height": "глянцевый",
        "product_width": "да",
        "product_without_baffle": "в сборе с механизмом",
        "product_hinged_lid": "нет",
        "product_degree_of_protection": "220-250В",
        "product_number_of_posts": "нет",
        "product_other_1": "Jung Выключатель 10AХ 250V универсальный сдвоенный 509U        \n\n\nартикул: 509U",
        "product_other_2": "Jung SL 500 Бронза клавиша 2-я SL595GB        \n\n\nартикул: SL595GB",
        "product_img": "https://jung-pro.ru//assets/images/products/857/sl595gb.jpeg"
    }
}
{
    "505u5 + sl595ko5gb": {
        "product_title": "Выключатель двухклавишный с подсветкой, 10 А / 250 В~ 505u5 + sl595ko5gb",
        "product_brand": "Jung",
        "product_series": "SL 500",
        "product_article": "505u5 + sl595ko5gb",
        "product_material": "золотая бронза",
        "product_color": "Выключатели",
        "product_type": "Jung",
        "product_kind_material": "SL 500",
        "product_type_surface": "505u5 + sl595ko5gb",
        "product_halogen_free": "золотая бронза",
        "product_mounting_orientation": "Выключатели",
        "product_field_of_inscription": "металл",
        "product_height": "глянцевый",
        "product_width": "да",
        "product_without_baffle": "в сборе с механизмом",
        "product_hinged_lid": "нет",
        "product_degree_of_protection": "220-250В",
        "product_number_of_posts": "нет",
        "product_other_1": "Jung Выключатель 10AX 250V сдвоенный с двумя лампочками 505U5        \n\n\nартикул: 505U5",
        "product_other_2": "Jung SL 500 Бронза клавиша 2-я с подсветкой SL595KO5GB        \n\n\nартикул: SL595KO5GB",
        "product_img": "https://jung-pro.ru//assets/images/products/861/15a78c9161bb5a8b1d689db382d8f70e.jpg"
    }
}
{
    "551WU + CD5120BFBB + SL590KLGB": {
        "product_title": "Розетка с заземляющими контактами 16 А / 250 В~, с откидной крышкой и уплотнительной мембраной IP44 551WU + CD5120BFBB + SL590KLGB",
        "product_brand": "Jung",
        "product_series": "SL 500",
        "product_article": "551WU + CD5120BFBB + SL590KLGB",
        "product_material": "золотая бронза",
        "product_color": "Розетки электрические",
        "product_type": "одинарная",
        "product_kind_material": "Jung",
        "product_type_surface": "SL 500",
        "product_halogen_free": "551WU + CD5120BFBB + SL590KLGB",
        "product_mounting_orientation": "золотая бронза",
        "product_field_of_inscription": "Розетки электрические",
        "product_height": "металл",
        "product_width": "глянцевый",
        "product_without_baffle": "да",
        "product_hinged_lid": "в сборе с механизмом",
        "product_degree_of_protection": "нет",
        "product_number_of_posts": "220-250В",
        "product_other_1": "Уплотнительная мембрана для влагозащиты 551WU        \n\n\nартикул: 551WU",
        "product_other_2": "Jung CD 500/CD plus Бронза Розетка SCHUKO 16А с пруж зажим для откидной крышки CD5120BFBB        \n\n\nартикул: CD5120BFBB",
        "product_img": "https://jung-pro.ru//assets/images/products/1303/aebc3c8fc18b7da88fd72ac9de1100f5.jpg"
    }
}
{
    "sl520gb": {
        "product_title": "Розетка с заземляющими контактами 16 А / 250 В~ sl520gb",
        "product_brand": "Jung",
        "product_series": "SL 500",
        "product_article": "sl520gb",
        "product_material": "золотая бронза",
        "product_color": "Розетки электрические",
        "product_type": "одинарная",
        "product_kind_material": "Jung",
        "product_type_surface": "SL 500",
        "product_halogen_free": "sl520gb",
        "product_mounting_orientation": "золотая бронза",
        "product_field_of_inscription": "Розетки электрические",
        "product_height": "металл",
        "product_width": "глянцевый",
        "product_without_baffle": "да",
        "product_hinged_lid": "в сборе с механизмом",
        "product_degree_of_protection": "нет",
        "product_number_of_posts": "220-250В",
        "product_img": "https://jung-pro.ru//assets/images/products/1296/sl520gb.jpeg"
    }
}
{
    "sl521kigb": {
        "product_title": "Розетка с заземляющими контактами 16 А / 250 В~ с защитой от детей sl521kigb",
        "product_brand": "Jung",
        "product_series": "SL 500",
        "product_article": "sl521kigb",
        "product_material": "золотая бронза",
        "product_color": "Розетки электрические",
        "product_type": "одинарная",
        "product_kind_material": "Jung",
        "product_type_surface": "SL 500",
        "product_halogen_free": "sl521kigb",
        "product_mounting_orientation": "золотая бронза",
        "product_field_of_inscription": "Розетки электрические",
        "product_height": "металл",
        "product_width": "глянцевый",
        "product_without_baffle": "да",
        "product_hinged_lid": "в сборе с механизмом",
        "product_degree_of_protection": "нет",
        "product_number_of_posts": "220-250В",
        "product_img": "https://jung-pro.ru//assets/images/products/1298/sl520gb.jpeg"
    }
}
{
    "SL569TGB + USB15CAWW": {
        "product_title": "Розетка USB двойная для зарядки тип А+С, 2x700мA, винтовой зажим, золотая бронза SL569TGB + USB15CAWW",
        "product_brand": "JUNG",
        "product_series": "SL 500",
        "product_article": "SL569TGB + USB15CAWW",
        "product_material": "золотая бронза",
        "product_color": "Розетки USB",
        "product_type": "двойная",
        "product_kind_material": "JUNG",
        "product_type_surface": "SL 500",
        "product_halogen_free": "SL569TGB + USB15CAWW",
        "product_mounting_orientation": "золотая бронза",
        "product_field_of_inscription": "Розетки USB",
        "product_height": "металл",
        "product_width": "глянцевый",
        "product_without_baffle": "да",
        "product_hinged_lid": "в сборе с механизмом",
        "product_degree_of_protection": "220-250В",
        "product_number_of_posts": "нет",
        "product_other_1": "крышка для ТАЕ гнезд; золотая бронза SL569TGB        \n\n\nартикул: SL569TGB",
        "product_other_2": "Jung механизм USB-розетки тип А+С, 2 гнезда, до 1,4 А/ч USB15CAWW        \n\n\nартикул: USB15CAWW",
        "product_img": "https://jung-pro.ru//assets/site/img/thumb_default.jpg"
    }
}
{
    "S2900 + sl561tvgb": {
        "product_title": "Розетка телевизионная оконечная TV FM, диапазон частот от 4 до 2400 MГц S2900 + sl561tvgb",
        "product_brand": "Jung",
        "product_series": "SL 500",
        "product_article": "S2900 + sl561tvgb",
        "product_material": "золотая бронза",
        "product_color": "Розетки TV",
        "product_type": "Jung",
        "product_kind_material": "SL 500",
        "product_type_surface": "S2900 + sl561tvgb",
        "product_halogen_free": "золотая бронза",
        "product_mounting_orientation": "Розетки TV",
        "product_field_of_inscription": "металл",
        "product_height": "глянцевый",
        "product_width": "да",
        "product_without_baffle": "в сборе с механизмом",
        "product_hinged_lid": "220-250В",
        "product_degree_of_protection": "нет",
        "product_number_of_posts": "механизм с накладкой",
        "product_other_1": "TV-FM оконечная розетка S2900        \n\n\nартикул: S2900",
        "product_other_2": "Jung SL 500 Бронза накладка TV-FM розетки SL561TVGB        \n\n\nартикул: SL561TVGB",
        "product_img": "https://jung-pro.ru//assets/images/products/1050/sl561tvgb.jpeg"
    }
}
{
    "S2900-10 + sl561tvgb": {
        "product_title": "Розетка телевизионная проходная TV FM, диапазон частот от 4 до 2400 MГц S2900-10 + sl561tvgb",
        "product_brand": "Jung",
        "product_series": "SL 500",
        "product_article": "S2900-10 + sl561tvgb",
        "product_material": "золотая бронза",
        "product_color": "Розетки TV",
        "product_type": "Jung",
        "product_kind_material": "SL 500",
        "product_type_surface": "S2900-10 + sl561tvgb",
        "product_halogen_free": "золотая бронза",
        "product_mounting_orientation": "Розетки TV",
        "product_field_of_inscription": "металл",
        "product_height": "глянцевый",
        "product_width": "да",
        "product_without_baffle": "в сборе с механизмом",
        "product_hinged_lid": "220-250В",
        "product_degree_of_protection": "нет",
        "product_number_of_posts": "механизм с накладкой",
        "product_other_1": "TV-FM оконечная розетка, проходная S2900-10        \n\n\nартикул: S2900-10",
        "product_other_2": "Jung SL 500 Бронза накладка TV-FM розетки SL561TVGB        \n\n\nартикул: SL561TVGB",
        "product_img": "https://jung-pro.ru//assets/images/products/1046/sl561tvgb.jpeg"
    }
}
{
    "S4100 + sl561satgb": {
        "product_title": "Розетка телевизионная оконечная TV SAT FM, диапазон частот от 4 до 2400 MГц S4100 + sl561satgb",
        "product_brand": "Jung",
        "product_series": "SL 500",
        "product_article": "S4100 + sl561satgb",
        "product_material": "золотая бронза",
        "product_color": "Розетки TV",
        "product_type": "Jung",
        "product_kind_material": "SL 500",
        "product_type_surface": "S4100 + sl561satgb",
        "product_halogen_free": "золотая бронза",
        "product_mounting_orientation": "Розетки TV",
        "product_field_of_inscription": "металл",
        "product_height": "глянцевый",
        "product_width": "да",
        "product_without_baffle": "в сборе с механизмом",
        "product_hinged_lid": "220-250В",
        "product_degree_of_protection": "нет",
        "product_number_of_posts": "механизм с накладкой",
        "product_other_1": "Розетка универсальная для систем приема спутникового, эфирного и кабельного вещания, оконечная S4100        \n\n\nартикул: S4100",
        "product_other_2": "Jung SL 500 Бронза накладка TV-SAT-FM розетки SL561SATGB        \n\n\nартикул: SL561SATGB",
        "product_img": "https://jung-pro.ru//assets/images/products/1049/sl561satgb.jpeg"
    }
}
{
    "S4110 + sl561satgb": {
        "product_title": "Розетка телевизионная проходная TV SAT FM, диапазон частот от 4 до 2400 MГц S4110 + sl561satgb",
        "product_brand": "JUNG",
        "product_series": "SL 500",
        "product_article": "S4110 + sl561satgb",
        "product_material": "золотая бронза",
        "product_color": "Розетки TV",
        "product_type": "JUNG",
        "product_kind_material": "SL 500",
        "product_type_surface": "S4110 + sl561satgb",
        "product_halogen_free": "золотая бронза",
        "product_mounting_orientation": "Розетки TV",
        "product_field_of_inscription": "металл",
        "product_height": "глянцевый",
        "product_width": "да",
        "product_without_baffle": "в сборе с механизмом",
        "product_hinged_lid": "220-250В",
        "product_degree_of_protection": "нет",
        "product_number_of_posts": "механизм с накладкой",
        "product_other_1": "Jung Мех Розетка TV-FM-SAT проходная S4110        \n\n\nартикул: S4110",
        "product_other_2": "Jung SL 500 Бронза накладка TV-SAT-FM розетки SL561SATGB        \n\n\nартикул: SL561SATGB",
        "product_img": "https://jung-pro.ru//assets/images/products/2028/sl561satgb.jpeg"
    }
}
{
    "EPUAE8UPO + sl569-1uagb": {
        "product_title": "Розетка телефонная одинарная RJ11 EPUAE8UPO + sl569-1uagb",
        "product_brand": "Jung",
        "product_series": "SL 500",
        "product_article": "EPUAE8UPO + sl569-1uagb",
        "product_material": "золотая бронза",
        "product_color": "Розетки телеф/комп",
        "product_type": "одинарная",
        "product_kind_material": "Jung",
        "product_type_surface": "SL 500",
        "product_halogen_free": "EPUAE8UPO + sl569-1uagb",
        "product_mounting_orientation": "золотая бронза",
        "product_field_of_inscription": "Розетки телеф/комп",
        "product_height": "металл",
        "product_width": "глянцевый",
        "product_without_baffle": "да",
        "product_hinged_lid": "в сборе с механизмом",
        "product_degree_of_protection": "220-250В",
        "product_number_of_posts": "нет",
        "product_other_1": "Jung Телефонная UAE розетка, 8-ми полюсная; один терминал EPUAE8UPO        \n\n\nартикул: EPUAE8UPO",
        "product_other_2": "Jung SL 500 Бронза накладка 1-ой наклонной ТЛФ/комп розетки SL569-1UAGB        \n\n\nартикул: SL569-1UAGB",
        "product_img": "https://jung-pro.ru//assets/images/products/1165/sl569-1uagb.jpeg"
    }
}
{
    "sl569-2uagb + EPUAE8-8UPO": {
        "product_title": "Розетка телефонная двойная RJ11 sl569-2uagb + EPUAE8-8UPO",
        "product_brand": "Jung",
        "product_series": "SL 500",
        "product_article": "sl569-2uagb + EPUAE8-8UPO",
        "product_material": "золотая бронза",
        "product_color": "Розетки телеф/комп",
        "product_type": "двойная",
        "product_kind_material": "Jung",
        "product_type_surface": "SL 500",
        "product_halogen_free": "sl569-2uagb + EPUAE8-8UPO",
        "product_mounting_orientation": "золотая бронза",
        "product_field_of_inscription": "Розетки телеф/комп",
        "product_height": "металл",
        "product_width": "глянцевый",
        "product_without_baffle": "да",
        "product_hinged_lid": "в сборе с механизмом",
        "product_degree_of_protection": "220-250В",
        "product_number_of_posts": "нет",
        "product_other_1": "Jung телефонная UAE розетка, 8-ми полюсная; два терминала EPUAE8-8UPO        \n\n\nартикул: EPUAE8-8UPO",
        "product_other_2": "Jung SL 500 Бронза накладка 2-ой наклонной ТЛФ/комп розетки SL569-2UAGB        \n\n\nартикул: SL569-2UAGB",
        "product_img": "https://jung-pro.ru//assets/images/products/1162/sl569-2uagb.jpeg"
    }
}
{
    "EPUAE8UPOK6 + SL569-1UAGB": {
        "product_title": "Розетка компьютерная одинарная RJ45 6-й кат. EPUAE8UPOK6 + SL569-1UAGB",
        "product_brand": "Jung",
        "product_series": "SL 500",
        "product_article": "EPUAE8UPOK6 + SL569-1UAGB",
        "product_material": "золотая бронза",
        "product_color": "Розетки телеф/комп",
        "product_type": "одинарная",
        "product_kind_material": "Jung",
        "product_type_surface": "SL 500",
        "product_halogen_free": "EPUAE8UPOK6 + SL569-1UAGB",
        "product_mounting_orientation": "золотая бронза",
        "product_field_of_inscription": "Розетки телеф/комп",
        "product_height": "металл",
        "product_width": "глянцевый",
        "product_without_baffle": "да",
        "product_hinged_lid": "в сборе с механизмом",
        "product_degree_of_protection": "220-250В",
        "product_number_of_posts": "нет",
        "product_other_1": "Компьютерная UAE розетка 6-й категории, 8-ми полюсная, экранированная, один терминал EPUAE8UPOK6        \n\n\nартикул: EPUAE8UPOK6",
        "product_other_2": "Jung SL 500 Бронза накладка 1-ой наклонной ТЛФ/комп розетки SL569-1UAGB        \n\n\nартикул: SL569-1UAGB",
        "product_img": "https://jung-pro.ru//assets/images/products/1159/sl569-1uagb.jpeg"
    }
}
{
    "EPUAE8-8UPOK6 + SL569-2UAGB": {
        "product_title": "Розетка компьютерная двойная RJ45 6-й кат. EPUAE8-8UPOK6 + SL569-2UAGB",
        "product_brand": "Jung",
        "product_series": "SL 500",
        "product_article": "EPUAE8-8UPOK6 + SL569-2UAGB",
        "product_material": "золотая бронза",
        "product_color": "Розетки телеф/комп",
        "product_type": "двойная",
        "product_kind_material": "Jung",
        "product_type_surface": "SL 500",
        "product_halogen_free": "EPUAE8-8UPOK6 + SL569-2UAGB",
        "product_mounting_orientation": "золотая бронза",
        "product_field_of_inscription": "Розетки телеф/комп",
        "product_height": "металл",
        "product_width": "глянцевый",
        "product_without_baffle": "да",
        "product_hinged_lid": "в сборе с механизмом",
        "product_degree_of_protection": "220-250В",
        "product_number_of_posts": "нет",
        "product_other_1": "Jung Компьютерная UAE розетка 6-й категории, 8-ми полюсная, экранированная; два терминала EPUAE8-8UPOK6        \n\n\nартикул: EPUAE8-8UPOK6",
        "product_other_2": "Jung SL 500 Бронза накладка 2-ой наклонной ТЛФ/комп розетки SL569-2UAGB        \n\n\nартикул: SL569-2UAGB",
        "product_img": "https://jung-pro.ru//assets/images/products/1157/sl569-2uagb.jpeg"
    }
}
{
    "SLA2WW + sl569tgb": {
        "product_title": "Розетка для стерео-громкоговорителя SLA2WW + sl569tgb",
        "product_brand": "Jung",
        "product_series": "SL 500",
        "product_article": "SLA2WW + sl569tgb",
        "product_material": "золотая бронза",
        "product_color": "Розетки акустические",
        "product_type": "двойная",
        "product_kind_material": "Jung",
        "product_type_surface": "SL 500",
        "product_halogen_free": "SLA2WW + sl569tgb",
        "product_mounting_orientation": "золотая бронза",
        "product_field_of_inscription": "Розетки акустические",
        "product_height": "металл",
        "product_width": "глянцевый",
        "product_without_baffle": "да",
        "product_hinged_lid": "в сборе с механизмом",
        "product_degree_of_protection": "220-250В",
        "product_number_of_posts": "нет",
        "product_other_1": "крышка для ТАЕ гнезд; золотая бронза SL569TGB        \n\n\nартикул: SL569TGB",
        "product_other_2": "Jung Мех Аудиорозетка (стерео) белый SLA2WW        \n\n\nартикул: SLA2WW",
        "product_img": "https://jung-pro.ru//assets/images/products/1526/sl569tgb.jpeg"
    }
}
{
    "509vu + sl595pgb": {
        "product_title": "Выключатель управления жалюзи клавишный, 10 А / 250 В~ 509vu + sl595pgb",
        "product_brand": "Jung",
        "product_series": "SL 500",
        "product_article": "509vu + sl595pgb",
        "product_material": "золотая бронза",
        "product_color": "Управление жалюзи",
        "product_type": "Jung",
        "product_kind_material": "SL 500",
        "product_type_surface": "509vu + sl595pgb",
        "product_halogen_free": "золотая бронза",
        "product_mounting_orientation": "Управление жалюзи",
        "product_field_of_inscription": "металл",
        "product_height": "глянцевый",
        "product_width": "да",
        "product_without_baffle": "в сборе с механизмом",
        "product_hinged_lid": "220-250В",
        "product_degree_of_protection": "нет",
        "product_number_of_posts": "клавишный",
        "product_other_1": "Jung Выключатель для управления жалюзи с блокировкой одновременного нажатия 509VU        \n\n\nартикул: 509VU",
        "product_other_2": "Jung SL 500 Бронза клавиша 2-я жалюзийная SL595PGB        \n\n\nартикул: SL595PGB",
        "product_img": "https://jung-pro.ru//assets/images/products/1481/sl595pgb.jpeg"
    }
}
{
    "539vu + sl595pgb": {
        "product_title": "Выключатель управления жалюзи кнопочный, 10 А / 250 В~ 539vu + sl595pgb",
        "product_brand": "Jung",
        "product_series": "SL 500",
        "product_article": "539vu + sl595pgb",
        "product_material": "золотая бронза",
        "product_color": "Управление жалюзи",
        "product_type": "Jung",
        "product_kind_material": "SL 500",
        "product_type_surface": "539vu + sl595pgb",
        "product_halogen_free": "золотая бронза",
        "product_mounting_orientation": "Управление жалюзи",
        "product_field_of_inscription": "металл",
        "product_height": "глянцевый",
        "product_width": "да",
        "product_without_baffle": "в сборе с механизмом",
        "product_hinged_lid": "220-250В",
        "product_degree_of_protection": "нет",
        "product_number_of_posts": "кнопочный",
        "product_other_1": "Jung Мех Выключатель жалюзийный кнопочный с мех блокировкой одновременного нажатия 539VU        \n\n\nартикул: 539VU",
        "product_other_2": "Jung SL 500 Бронза клавиша 2-я жалюзийная SL595PGB        \n\n\nартикул: SL595PGB",
        "product_img": "https://jung-pro.ru//assets/images/products/1482/sl595pgb.jpeg"
    }
}
{
    "1730DD + SL1540GB": {
        "product_title": "Светорегулятор поворотно-нажимной LED 3-60Вт., 20-210Вт ламп накал. и галог., золотая бронза 1730DD + SL1540GB",
        "product_brand": "Jung",
        "product_series": "SL 500",
        "product_article": "1730DD + SL1540GB",
        "product_material": "золотая бронза",
        "product_color": "Светорегуляторы",
        "product_type": "Jung",
        "product_kind_material": "SL 500",
        "product_type_surface": "1730DD + SL1540GB",
        "product_halogen_free": "золотая бронза",
        "product_mounting_orientation": "Светорегуляторы",
        "product_field_of_inscription": "металл",
        "product_height": "глянцевый",
        "product_width": "да",
        "product_without_baffle": "в сборе с механизмом",
        "product_hinged_lid": "да",
        "product_degree_of_protection": "220-250В",
        "product_number_of_posts": "нет",
        "product_other_1": "Jung SL 500  накладка роторного механизма золото-бронза SL1540GB        \n\n\nартикул: SL1540GB",
        "product_other_2": "Механизм светорегулятора Jung поворотно-нажимного для LED 3-60Вт., 20-210Вт ламп накал. и галог. 1730DD        \n\n\nартикул: 1730DD",
        "product_img": "https://jung-pro.ru//assets/images/products/3173/sl1540gb.jpeg"
    }
}
{
    "1731DD + SL1540GB": {
        "product_title": "Светорегулятор универсальный поворотно-нажимной LED 3-100Вт., 20-420Вт ламп накал. и галог., золотая бронза 1731DD + SL1540GB",
        "product_brand": "Jung",
        "product_series": "SL 500",
        "product_article": "1731DD + SL1540GB",
        "product_material": "золотая бронза",
        "product_color": "Светорегуляторы",
        "product_type": "Jung",
        "product_kind_material": "SL 500",
        "product_type_surface": "1731DD + SL1540GB",
        "product_halogen_free": "золотая бронза",
        "product_mounting_orientation": "Светорегуляторы",
        "product_field_of_inscription": "металл",
        "product_height": "глянцевый",
        "product_width": "да",
        "product_without_baffle": "в сборе с механизмом",
        "product_hinged_lid": "да",
        "product_degree_of_protection": "220-250В",
        "product_number_of_posts": "нет",
        "product_other_1": "Jung SL 500  накладка роторного механизма золото-бронза SL1540GB        \n\n\nартикул: SL1540GB",
        "product_other_2": "JUNG Роторный диммер универсальный LED 3-210 вт, 20-420Вт ламп накал. и галог., 1731DD        \n\n\nартикул: 1731DD",
        "product_img": "https://jung-pro.ru//assets/images/products/3431/sl1540gb.jpeg"
    }
}
{
    "211GDE + SL1540GB": {
        "product_title": "Светорегулятор поворотный 100-1000 Вт. для ламп накаливания и галог.220В 211GDE + SL1540GB",
        "product_brand": "Jung",
        "product_series": "SL 500",
        "product_article": "211GDE + SL1540GB",
        "product_material": "золотая бронза",
        "product_color": "Светорегуляторы",
        "product_type": "Jung",
        "product_kind_material": "SL 500",
        "product_type_surface": "211GDE + SL1540GB",
        "product_halogen_free": "золотая бронза",
        "product_mounting_orientation": "Светорегуляторы",
        "product_field_of_inscription": "металл",
        "product_height": "глянцевый",
        "product_width": "да",
        "product_without_baffle": "в сборе с механизмом",
        "product_hinged_lid": "220-250В",
        "product_degree_of_protection": "нет",
        "product_number_of_posts": "механизм с накладкой",
        "product_other_1": "Jung SL 500  накладка роторного механизма золото-бронза SL1540GB        \n\n\nартикул: SL1540GB",
        "product_other_2": "Jung механизм светорегуляторп поворотно-нажимного 100-1000 Вт для л/н 211GDE        \n\n\nартикул: 211GDE",
        "product_img": "https://jung-pro.ru//assets/images/products/1400/sl540gb.jpeg"
    }
}
{
    "FTR231U + SLFTR231PLgb": {
        "product_title": "Регулятор теплого пола Jung 230В/10А с выносным датчиком FTR231U + SLFTR231PLgb",
        "product_brand": "Jung",
        "product_series": "SL 500",
        "product_article": "FTR231U + SLFTR231PLgb",
        "product_material": "золотая бронза",
        "product_color": "Терморегуляторы теплого пола",
        "product_type": "Jung",
        "product_kind_material": "SL 500",
        "product_type_surface": "FTR231U + SLFTR231PLgb",
        "product_halogen_free": "золотая бронза",
        "product_mounting_orientation": "Терморегуляторы теплого пола",
        "product_field_of_inscription": "нет",
        "product_height": "металл",
        "product_width": "глянцевый",
        "product_without_baffle": "да",
        "product_hinged_lid": "в сборе с механизмом",
        "product_degree_of_protection": "220-250В",
        "product_number_of_posts": "нет",
        "product_other_1": "Jung SL 500 Бронза накладка регулятора теплого пола SLFTR231PLGB        \n\n\nартикул: SLFTR231PLGB",
        "product_other_2": "Механизм терморегулятора пола JUNG с датчиком пола 4 м        \n\n\nартикул: FTR231U",
        "product_img": "https://jung-pro.ru//assets/images/products/1441/slftr231plgb.jpeg"
    }
}
{
    "1201URE + SL1180-1GB": {
        "product_title": "Автоматический выключатель 230 В~ , 40-400Вт, трехпроводное подключение, высота монтажа 1,1м 1201URE + SL1180-1GB",
        "product_brand": "Jung",
        "product_series": "SL 500",
        "product_article": "1201URE + SL1180-1GB",
        "product_material": "золотая бронза",
        "product_color": "Выключатели автоматические",
        "product_type": "Jung",
        "product_kind_material": "SL 500",
        "product_type_surface": "1201URE + SL1180-1GB",
        "product_halogen_free": "золотая бронза",
        "product_mounting_orientation": "Выключатели автоматические",
        "product_field_of_inscription": "металл",
        "product_height": "глянцевый",
        "product_width": "да",
        "product_without_baffle": "в сборе с механизмом",
        "product_hinged_lid": "220-250В",
        "product_degree_of_protection": "нет",
        "product_number_of_posts": "механизм с накладкой",
        "product_other_1": "Jung механизм Электронный выключатель 1-канальный(необходима нейтраль) 1201URE        \n\n\nартикул: 1201URE",
        "product_other_2": "Jung SL 500 Бронза накладка датчика движения Универсал 1,1м SL1180-1GB        \n\n\nартикул: SL1180-1GB",
        "product_img": "https://jung-pro.ru//assets/images/products/984/2e8f80113c7497aa15c39611b7023915.jpg"
    }
}
{
    "sl561bgb": {
        "product_title": "Заглушка с опорной пластиной sl561bgb",
        "product_brand": "Jung",
        "product_series": "SL 500",
        "product_article": "sl561bgb",
        "product_material": "золотая бронза",
        "product_color": "Заглушки",
        "product_type": "Jung",
        "product_kind_material": "SL 500",
        "product_type_surface": "sl561bgb",
        "product_halogen_free": "золотая бронза",
        "product_mounting_orientation": "Заглушки",
        "product_field_of_inscription": "металл",
        "product_height": "глянцевый",
        "product_width": "да",
        "product_without_baffle": "в сборе с механизмом",
        "product_hinged_lid": "нет",
        "product_degree_of_protection": "механизм с накладкой",
        "product_number_of_posts": "встроенный монтаж",
        "product_img": "https://jung-pro.ru//assets/images/products/1012/sl561bgb.jpeg"
    }
}