{
    "551WU + CD5120BFBB + SL590KLGB": {
        "product_title": "Розетка с заземляющими контактами 16 А / 250 В~, с откидной крышкой и уплотнительной мембраной IP44 551WU + CD5120BFBB + SL590KLGB",
        "product_brand": "Jung",
        "product_series": "SL 500",
        "product_article": "551WU + CD5120BFBB + SL590KLGB",
        "product_material": "золотая бронза",
        "product_color": "Розетки электрические",
        "product_type": "одинарная",
        "product_kind_material": "Jung",
        "product_type_surface": "SL 500",
        "product_halogen_free": "551WU + CD5120BFBB + SL590KLGB",
        "product_mounting_orientation": "золотая бронза",
        "product_field_of_inscription": "Розетки электрические",
        "product_height": "металл",
        "product_width": "глянцевый",
        "product_without_baffle": "да",
        "product_hinged_lid": "в сборе с механизмом",
        "product_degree_of_protection": "нет",
        "product_number_of_posts": "220-250В",
        "product_other_1": "Уплотнительная мембрана для влагозащиты 551WU        \n\n\nартикул: 551WU",
        "product_other_2": "Jung CD 500/CD plus Бронза Розетка SCHUKO 16А с пруж зажим для откидной крышки CD5120BFBB        \n\n\nартикул: CD5120BFBB",
        "product_img": "https://jung-pro.ru//assets/images/products/1303/aebc3c8fc18b7da88fd72ac9de1100f5.jpg"
    }
}