{
    "509VU + LS995PSW": {
        "product_title": "Выключатель управления жалюзи клавишный, 10 А / 250 В~ 509VU + LS995PSW",
        "product_brand": "Jung",
        "product_series": "LS 990, LS plus, LS-design",
        "product_article": "509VU + LS995PSW",
        "product_material": "черный глянцевый",
        "product_color": "Управление жалюзи",
        "product_type": "Jung",
        "product_kind_material": "LS 990, LS plus, LS-design",
        "product_type_surface": "509VU + LS995PSW",
        "product_halogen_free": "черный глянцевый",
        "product_mounting_orientation": "Управление жалюзи",
        "product_field_of_inscription": "дуропласт",
        "product_height": "глянцевый",
        "product_width": "да",
        "product_without_baffle": "в сборе с механизмом",
        "product_hinged_lid": "220-250В",
        "product_degree_of_protection": "нет",
        "product_number_of_posts": "клавишный",
        "product_other_1": "Jung LS 990 Черный клавиша 2-я жалюзийная LS995PSW        \n\n\nартикул: LS995PSW",
        "product_other_2": "Jung Выключатель для управления жалюзи с блокировкой одновременного нажатия 509VU        \n\n\nартикул: 509VU",
        "product_img": "https://jung-pro.ru//assets/images/products/1466/be6ec430fc0fc3fda38ae52418e78d84.jpg"
    }
}