{
    "S2900 + LS990TVSW": {
        "product_title": "Розетка телевизионная оконечная TV FM, диапазон частот от 4 до 2400 MГц S2900 + LS990TVSW",
        "product_brand": "Jung",
        "product_series": "LS 990, LS plus, LS-design",
        "product_article": "S2900 + LS990TVSW",
        "product_material": "черный глянцевый",
        "product_color": "Розетки TV",
        "product_type": "Jung",
        "product_kind_material": "LS 990, LS plus, LS-design",
        "product_type_surface": "S2900 + LS990TVSW",
        "product_halogen_free": "черный глянцевый",
        "product_mounting_orientation": "Розетки TV",
        "product_field_of_inscription": "дуропласт",
        "product_height": "глянцевый",
        "product_width": "да",
        "product_without_baffle": "в сборе с механизмом",
        "product_hinged_lid": "220-250В",
        "product_degree_of_protection": "нет",
        "product_number_of_posts": "механизм с накладкой",
        "product_other_1": "TV-FM оконечная розетка S2900        \n\n\nартикул: S2900",
        "product_other_2": "Jung LS 990 Черный накладка TV-FM розетки LS990TVSW        \n\n\nартикул: LS990TVSW",
        "product_img": "https://jung-pro.ru//assets/images/products/1071/f8c9ac96457bb0f462163c654325b629.jpg"
    }
}