{
    "LSP984GCR": {
        "product_title": "Рамка четверная, для горизон./вертик. монтажа Jung LS Plus, хром LSP984GCR",
        "product_brand": "Jung",
        "product_series": "LS plus",
        "product_article": "LSP984GCR",
        "product_material": "хром",
        "product_color": "Рамки",
        "product_type": "Jung",
        "product_kind_material": "LS plus",
        "product_type_surface": "LSP984GCR",
        "product_halogen_free": "хром",
        "product_mounting_orientation": "Рамки",
        "product_field_of_inscription": "металл",
        "product_height": "глянцевый",
        "product_width": "да",
        "product_without_baffle": "горизонтальная,вертикальная",
        "product_hinged_lid": "нет",
        "product_degree_of_protection": "115",
        "product_number_of_posts": "328",
        "product_img": "https://jung-pro.ru//assets/images/products/612/29cd3c5b7b0b6ded96f4219d0caa7e2c.jpg"
    }
}