{
    "LS1520SW": {
        "product_title": "Розетка с заземляющими контактами 16 А / 250 В~ LS1520SW",
        "product_brand": "Jung",
        "product_series": "LS 990, LS plus, LS-design",
        "product_article": "LS1520SW",
        "product_material": "черный глянцевый",
        "product_color": "Розетки электрические",
        "product_type": "одинарная",
        "product_kind_material": "Jung",
        "product_type_surface": "LS 990, LS plus, LS-design",
        "product_halogen_free": "LS1520SW",
        "product_mounting_orientation": "черный глянцевый",
        "product_field_of_inscription": "Розетки электрические",
        "product_height": "дуропласт",
        "product_width": "глянцевый",
        "product_without_baffle": "да",
        "product_hinged_lid": "в сборе с механизмом",
        "product_degree_of_protection": "нет",
        "product_number_of_posts": "220-250В",
        "product_img": "https://jung-pro.ru//assets/images/products/1277/b17dedf2ae6c34e8c9ce79da5baffb79.jpg"
    }
}