{
    "507U + LS990SW": {
        "product_title": "Выключатель одноклавишный перекрестный (вкл/выкл с 3-х мест) 10 А / 250 В~ 507U + LS990SW",
        "product_brand": "Jung",
        "product_series": "LS 990, LS plus, LS-design",
        "product_article": "507U + LS990SW",
        "product_material": "черный глянцевый",
        "product_color": "Выключатели",
        "product_type": "Jung",
        "product_kind_material": "LS 990, LS plus, LS-design",
        "product_type_surface": "507U + LS990SW",
        "product_halogen_free": "черный глянцевый",
        "product_mounting_orientation": "Выключатели",
        "product_field_of_inscription": "дуропласт",
        "product_height": "глянцевый",
        "product_width": "да",
        "product_without_baffle": "в сборе с механизмом",
        "product_hinged_lid": "нет",
        "product_degree_of_protection": "220-250В",
        "product_number_of_posts": "нет",
        "product_other_1": "Jung LS 990 Черный клавиша 1-я LS990SW        \n\n\nартикул: LS990SW",
        "product_other_2": "Jung Мех Переключатель 1-клавишный перекрестный 507U        \n\n\nартикул: 507U",
        "product_img": "https://jung-pro.ru//assets/images/products/799/7437f8a512232e32fc4b0a747c97d900.jpg"
    }
}