{
    "S4110 + LS990SATSW": {
        "product_title": "Розетка телевизионная проходная TV SAT FM, диапазон частот от 4 до 2400 MГц S4110 + LS990SATSW",
        "product_brand": "JUNG",
        "product_series": "LS 990, LS plus, LS-design",
        "product_article": "S4110 + LS990SATSW",
        "product_material": "черный глянцевый",
        "product_color": "Розетки TV",
        "product_type": "JUNG",
        "product_kind_material": "LS 990, LS plus, LS-design",
        "product_type_surface": "S4110 + LS990SATSW",
        "product_halogen_free": "черный глянцевый",
        "product_mounting_orientation": "Розетки TV",
        "product_field_of_inscription": "дуропласт",
        "product_height": "глянцевый",
        "product_width": "да",
        "product_without_baffle": "в сборе с механизмом",
        "product_hinged_lid": "220-250В",
        "product_degree_of_protection": "нет",
        "product_number_of_posts": "механизм с накладкой",
        "product_other_1": "Jung Мех Розетка TV-FM-SAT проходная S4110        \n\n\nартикул: S4110",
        "product_other_2": "Jung LS 990 Черный накладка TV-SAT-FM розетки LS990SATSW        \n\n\nартикул: LS990SATSW",
        "product_img": "https://jung-pro.ru//assets/images/products/2008/ls990satsw.jpg"
    }
}