{
    "FTR231U + LSFTR231PLSW": {
        "product_title": "Регулятор теплого пола Jung 230В/10А с выносным датчиком FTR231U + LSFTR231PLSW",
        "product_brand": "Jung",
        "product_series": "LS 990, LS plus, LS-design",
        "product_article": "FTR231U + LSFTR231PLSW",
        "product_material": "черный глянцевый",
        "product_color": "Терморегуляторы теплого пола",
        "product_type": "Jung",
        "product_kind_material": "LS 990, LS plus, LS-design",
        "product_type_surface": "FTR231U + LSFTR231PLSW",
        "product_halogen_free": "черный глянцевый",
        "product_mounting_orientation": "Терморегуляторы теплого пола",
        "product_field_of_inscription": "нет",
        "product_height": "дуропласт",
        "product_width": "глянцевый",
        "product_without_baffle": "да",
        "product_hinged_lid": "в сборе с механизмом",
        "product_degree_of_protection": "220-250В",
        "product_number_of_posts": "нет",
        "product_other_1": "Jung LS 990 Черный накладка регулятора теплого пола LSFTR231PLSW        \n\n\nартикул: LSFTR231PLSW",
        "product_other_2": "Механизм терморегулятора пола JUNG с датчиком пола 4 м        \n\n\nартикул: FTR231U",
        "product_img": "https://jung-pro.ru//assets/images/products/1433/043a6b928a4e3e307d11c26d544d6e23.jpg"
    }
}