{
    "551WU + LS1520KLSW": {
        "product_title": "Розетка с заземляющими контактами 16 А / 250 В~, с откидной крышкой и уплотнительной мембраной IP44 551WU + LS1520KLSW",
        "product_brand": "Jung",
        "product_series": "LS 990, LS plus, LS-design",
        "product_article": "551WU + LS1520KLSW",
        "product_material": "черный глянцевый",
        "product_color": "Розетки электрические",
        "product_type": "одинарная",
        "product_kind_material": "Jung",
        "product_type_surface": "LS 990, LS plus, LS-design",
        "product_halogen_free": "551WU + LS1520KLSW",
        "product_mounting_orientation": "черный глянцевый",
        "product_field_of_inscription": "Розетки электрические",
        "product_height": "дуропласт",
        "product_width": "глянцевый",
        "product_without_baffle": "да",
        "product_hinged_lid": "в сборе с механизмом",
        "product_degree_of_protection": "нет",
        "product_number_of_posts": "220-250В",
        "product_other_1": "Уплотнительная мембрана для влагозащиты 551WU        \n\n\nартикул: 551WU",
        "product_other_2": "Розетка с заземляющими контактами 16 А / 250 В~, с откидной крышкой LS1520KLSW        \n\n\nартикул: LS1520KLSW                            материал: пластик                            цвет: черный глянцевый",
        "product_img": "https://jung-pro.ru//assets/images/products/1280/73ff3faa46fde9e6ccd6745d96ee1c63.jpg"
    }
}