{
    "LSP985GCR": {
        "product_title": "Рамка пятерная, для горизон./вертик. монтажа Jung LS Plus, хром LSP985GCR",
        "product_brand": "Jung",
        "product_series": "LS plus",
        "product_article": "LSP985GCR",
        "product_material": "хром",
        "product_color": "Рамки",
        "product_type": "Jung",
        "product_kind_material": "LS plus",
        "product_type_surface": "LSP985GCR",
        "product_halogen_free": "хром",
        "product_mounting_orientation": "Рамки",
        "product_field_of_inscription": "металл",
        "product_height": "глянцевый",
        "product_width": "да",
        "product_without_baffle": "горизонтальная,вертикальная",
        "product_hinged_lid": "нет",
        "product_degree_of_protection": "115",
        "product_number_of_posts": "399",
        "product_img": "https://jung-pro.ru//assets/images/products/613/7ff7bfe8b448b034a7b580368ec680a5.jpg"
    }
}