{
    "LS969TSW + USB15CAWW": {
        "product_title": "Розетка USB двойная для зарядки тип А+С, 2x700мA, винтовой зажим, черный глянцевый LS969TSW + USB15CAWW",
        "product_brand": "JUNG",
        "product_series": "LS 990, LS plus, LS-design",
        "product_article": "LS969TSW + USB15CAWW",
        "product_material": "черный глянцевый",
        "product_color": "Розетки USB",
        "product_type": "двойная",
        "product_kind_material": "JUNG",
        "product_type_surface": "LS 990, LS plus, LS-design",
        "product_halogen_free": "LS969TSW + USB15CAWW",
        "product_mounting_orientation": "черный глянцевый",
        "product_field_of_inscription": "Розетки USB",
        "product_height": "дуропласт",
        "product_width": "глянцевый",
        "product_without_baffle": "да",
        "product_hinged_lid": "в сборе с механизмом",
        "product_degree_of_protection": "220-250В",
        "product_number_of_posts": "нет",
        "product_other_1": "Jung LS 990 Черный накладка розетки ТАЕ,моно/стерео-аудиорозетки LS969TSW        \n\n\nартикул: LS969TSW",
        "product_other_2": "Jung механизм USB-розетки тип А+С, 2 гнезда, до 1,4 А/ч USB15CAWW        \n\n\nартикул: USB15CAWW",
        "product_img": "https://jung-pro.ru//assets/images/products/3027/ls969tsw.jpg"
    }
}