{
    "LSP981GCR": {
        "product_title": "Рамка одинарная Jung LS Plus, хром LSP981GCR",
        "product_brand": "Jung",
        "product_series": "LS plus",
        "product_article": "LSP981GCR",
        "product_material": "хром",
        "product_color": "Рамки",
        "product_type": "Jung",
        "product_kind_material": "LS plus",
        "product_type_surface": "LSP981GCR",
        "product_halogen_free": "хром",
        "product_mounting_orientation": "Рамки",
        "product_field_of_inscription": "металл",
        "product_height": "глянцевый",
        "product_width": "да",
        "product_without_baffle": "горизонтальная,вертикальная",
        "product_hinged_lid": "нет",
        "product_degree_of_protection": "115",
        "product_number_of_posts": "115",
        "product_img": "https://jung-pro.ru//assets/images/products/600/a40cf75dd1b545ee17d821b80a8a9082.jpg"
    }
}