{
    "LS1520-18ASW": {
        "product_title": "Розетка с заземлением + USB тип A, Jung 16А/250В черный глянцевый LS1520-18ASW",
        "product_brand": "JUNG",
        "product_series": "LS 990, LS plus, LS-design",
        "product_article": "LS1520-18ASW",
        "product_material": "черный глянцевый",
        "product_color": "Розетки электрические",
        "product_type": "двойная",
        "product_kind_material": "JUNG",
        "product_type_surface": "LS 990, LS plus, LS-design",
        "product_halogen_free": "LS1520-18ASW",
        "product_mounting_orientation": "черный глянцевый",
        "product_field_of_inscription": "Розетки электрические",
        "product_height": "дуропласт",
        "product_width": "глянцевый",
        "product_without_baffle": "да",
        "product_hinged_lid": "лапками и винтами",
        "product_degree_of_protection": "220-250В",
        "product_number_of_posts": "нет",
        "product_img": "https://jung-pro.ru//assets/images/products/3319/jung-ls1520-18aswm.png"
    }
}