{
    "506U + LS990SW": {
        "product_title": "Выключатель одноклавишный, универс. (вкл/выкл с 2-х мест) 10 А / 250 В~ 506U + LS990SW",
        "product_brand": "Jung",
        "product_series": "LS 990, LS plus, LS-design",
        "product_article": "506U + LS990SW",
        "product_material": "черный глянцевый",
        "product_color": "Выключатели",
        "product_type": "Jung",
        "product_kind_material": "LS 990, LS plus, LS-design",
        "product_type_surface": "506U + LS990SW",
        "product_halogen_free": "черный глянцевый",
        "product_mounting_orientation": "Выключатели",
        "product_field_of_inscription": "дуропласт",
        "product_height": "глянцевый",
        "product_width": "да",
        "product_without_baffle": "в сборе с механизмом",
        "product_hinged_lid": "нет",
        "product_degree_of_protection": "220-250В",
        "product_number_of_posts": "нет",
        "product_other_1": "Выключатель 10AX 250V универсальный 506U        \n\n\nартикул: 506U",
        "product_other_2": "Jung LS 990 Черный клавиша 1-я LS990SW        \n\n\nартикул: LS990SW",
        "product_img": "https://jung-pro.ru//assets/images/products/798/d6c3e861877828424d4236dd3fb4f184.jpg"
    }
}