{
    "1201URE + ASLS1280SW": {
        "product_title": "Автоматический выключатель 230 В~ , 40-400Вт, трехпроводное подключение, высота монтажа 2,2м 1201URE + ASLS1280SW",
        "product_brand": "Jung",
        "product_series": "LS 990, LS plus, LS-design",
        "product_article": "1201URE + ASLS1280SW",
        "product_material": "черный глянцевый",
        "product_color": "Выключатели автоматические",
        "product_type": "Jung",
        "product_kind_material": "LS 990, LS plus, LS-design",
        "product_type_surface": "1201URE + ASLS1280SW",
        "product_halogen_free": "черный глянцевый",
        "product_mounting_orientation": "Выключатели автоматические",
        "product_field_of_inscription": "дуропласт",
        "product_height": "глянцевый",
        "product_width": "да",
        "product_without_baffle": "в сборе с механизмом",
        "product_hinged_lid": "220-250В",
        "product_degree_of_protection": "нет",
        "product_number_of_posts": "механизм с накладкой",
        "product_other_1": "Линза датчика движения стандартн. 180°, 2,2 м ASLS1280SW        \n\n\nартикул: ASLS1280SW",
        "product_other_2": "Jung механизм Электронный выключатель 1-канальный(необходима нейтраль) 1201URE        \n\n\nартикул: 1201URE",
        "product_img": "https://jung-pro.ru//assets/images/products/973/394a460ffff0082f1c2ad7077d9e2a74.jpg"
    }
}