{
    "509U + LS995SW": {
        "product_title": "Выключатель двухклавишный, проходной (вкл/выкл с 2-х мест) 10 А / 250 В~ 509U + LS995SW",
        "product_brand": "Jung",
        "product_series": "LS 990, LS plus, LS-design",
        "product_article": "509U + LS995SW",
        "product_material": "черный глянцевый",
        "product_color": "Выключатели",
        "product_type": "Jung",
        "product_kind_material": "LS 990, LS plus, LS-design",
        "product_type_surface": "509U + LS995SW",
        "product_halogen_free": "черный глянцевый",
        "product_mounting_orientation": "Выключатели",
        "product_field_of_inscription": "дуропласт",
        "product_height": "глянцевый",
        "product_width": "да",
        "product_without_baffle": "в сборе с механизмом",
        "product_hinged_lid": "нет",
        "product_degree_of_protection": "220-250В",
        "product_number_of_posts": "нет",
        "product_other_1": "Jung LS 990 Черный клавиша 2-я LS995SW        \n\n\nартикул: LS995SW",
        "product_other_2": "Jung Выключатель 10AХ 250V универсальный сдвоенный 509U        \n\n\nартикул: 509U",
        "product_img": "https://jung-pro.ru//assets/images/products/803/8ff323c152dc2388db6b56a5d71b17de.jpg"
    }
}