{
    "505U5 + LS995KO5SW": {
        "product_title": "Выключатель двухклавишный с подсветкой, 10 А / 250 В~ 505U5 + LS995KO5SW",
        "product_brand": "Jung",
        "product_series": "LS 990, LS plus, LS-design",
        "product_article": "505U5 + LS995KO5SW",
        "product_material": "черный глянцевый",
        "product_color": "Выключатели",
        "product_type": "Jung",
        "product_kind_material": "LS 990, LS plus, LS-design",
        "product_type_surface": "505U5 + LS995KO5SW",
        "product_halogen_free": "черный глянцевый",
        "product_mounting_orientation": "Выключатели",
        "product_field_of_inscription": "дуропласт",
        "product_height": "глянцевый",
        "product_width": "да",
        "product_without_baffle": "в сборе с механизмом",
        "product_hinged_lid": "нет",
        "product_degree_of_protection": "220-250В",
        "product_number_of_posts": "нет",
        "product_other_1": "Jung LS 990 Черный клавиша 2-я с подсветкой LS995KO5SW        \n\n\nартикул: LS995KO5SW",
        "product_other_2": "Jung Выключатель 10AX 250V сдвоенный с двумя лампочками 505U5        \n\n\nартикул: 505U5",
        "product_img": "https://jung-pro.ru//assets/images/products/805/f6474eff457933e573ba330c4e9d08a6.jpg"
    }
}