{
    "EPUAE8-8UPO + LS969-2UASW": {
        "product_title": "Розетка телефонная двойная RJ11 EPUAE8-8UPO + LS969-2UASW",
        "product_brand": "Jung",
        "product_series": "LS 990, LS plus, LS-design",
        "product_article": "EPUAE8-8UPO + LS969-2UASW",
        "product_material": "черный глянцевый",
        "product_color": "Розетки телеф/комп",
        "product_type": "двойная",
        "product_kind_material": "Jung",
        "product_type_surface": "LS 990, LS plus, LS-design",
        "product_halogen_free": "EPUAE8-8UPO + LS969-2UASW",
        "product_mounting_orientation": "черный глянцевый",
        "product_field_of_inscription": "Розетки телеф/комп",
        "product_height": "дуропласт",
        "product_width": "глянцевый",
        "product_without_baffle": "да",
        "product_hinged_lid": "в сборе с механизмом",
        "product_degree_of_protection": "220-250В",
        "product_number_of_posts": "нет",
        "product_other_1": "Jung телефонная UAE розетка, 8-ми полюсная; два терминала EPUAE8-8UPO        \n\n\nартикул: EPUAE8-8UPO",
        "product_other_2": "Jung LS 990 Черный накладка 2-ой наклонной ТЛФ/комп розетки LS969-2UASW        \n\n\nартикул: LS969-2UASW",
        "product_img": "https://jung-pro.ru//assets/images/products/1191/715714fd19a9734bf0b34608db2ae661.jpg"
    }
}