{
    "LSP983GCR": {
        "product_title": "Рамка тройная, для горизон./вертик. монтажа Jung LS Plus, хром LSP983GCR",
        "product_brand": "Jung",
        "product_series": "LS plus",
        "product_article": "LSP983GCR",
        "product_material": "хром",
        "product_color": "Рамки",
        "product_type": "Jung",
        "product_kind_material": "LS plus",
        "product_type_surface": "LSP983GCR",
        "product_halogen_free": "хром",
        "product_mounting_orientation": "Рамки",
        "product_field_of_inscription": "металл",
        "product_height": "глянцевый",
        "product_width": "да",
        "product_without_baffle": "горизонтальная,вертикальная",
        "product_hinged_lid": "нет",
        "product_degree_of_protection": "115",
        "product_number_of_posts": "257",
        "product_img": "https://jung-pro.ru//assets/images/products/611/2324cfc2d47c09fe9eb66cf9042804a7.jpg"
    }
}