{
    "EPUAE8UPOK6 + LS969-1UASW": {
        "product_title": "Розетка компьютерная одинарная RJ45 6-й кат. EPUAE8UPOK6 + LS969-1UASW",
        "product_brand": "Jung",
        "product_series": "LS 990, LS plus, LS-design",
        "product_article": "EPUAE8UPOK6 + LS969-1UASW",
        "product_material": "черный глянцевый",
        "product_color": "Розетки телеф/комп",
        "product_type": "одинарная",
        "product_kind_material": "Jung",
        "product_type_surface": "LS 990, LS plus, LS-design",
        "product_halogen_free": "EPUAE8UPOK6 + LS969-1UASW",
        "product_mounting_orientation": "черный глянцевый",
        "product_field_of_inscription": "Розетки телеф/комп",
        "product_height": "дуропласт",
        "product_width": "глянцевый",
        "product_without_baffle": "да",
        "product_hinged_lid": "в сборе с механизмом",
        "product_degree_of_protection": "220-250В",
        "product_number_of_posts": "нет",
        "product_other_1": "Jung LS 990 Черный накладка 1-ой наклонной ТЛФ/комп розетки LS969-1UASW        \n\n\nартикул: LS969-1UASW",
        "product_other_2": "Компьютерная UAE розетка 6-й категории, 8-ми полюсная, экранированная, один терминал EPUAE8UPOK6        \n\n\nартикул: EPUAE8UPOK6",
        "product_img": "https://jung-pro.ru//assets/images/products/1190/20bddc7740421091dc4d2e2bba17423d.jpg"
    }
}