{
    "EPUAE8UPO + LS969-1UASW": {
        "product_title": "Розетка телефонная одинарная RJ11 EPUAE8UPO + LS969-1UASW",
        "product_brand": "Jung",
        "product_series": "LS 990, LS plus, LS-design",
        "product_article": "EPUAE8UPO + LS969-1UASW",
        "product_material": "черный глянцевый",
        "product_color": "Розетки телеф/комп",
        "product_type": "одинарная",
        "product_kind_material": "Jung",
        "product_type_surface": "LS 990, LS plus, LS-design",
        "product_halogen_free": "EPUAE8UPO + LS969-1UASW",
        "product_mounting_orientation": "черный глянцевый",
        "product_field_of_inscription": "Розетки телеф/комп",
        "product_height": "дуропласт",
        "product_width": "глянцевый",
        "product_without_baffle": "да",
        "product_hinged_lid": "в сборе с механизмом",
        "product_degree_of_protection": "220-250В",
        "product_number_of_posts": "нет",
        "product_other_1": "Jung Телефонная UAE розетка, 8-ми полюсная; один терминал EPUAE8UPO        \n\n\nартикул: EPUAE8UPO",
        "product_other_2": "Jung LS 990 Черный накладка 1-ой наклонной ТЛФ/комп розетки LS969-1UASW        \n\n\nартикул: LS969-1UASW",
        "product_img": "https://jung-pro.ru//assets/images/products/1194/3b3a25f4ef709a36848269f7febc88e1.jpg"
    }
}