{
    "LS990ASW": {
        "product_title": "Вывод кабеля с суппортом LS990ASW",
        "product_brand": "JUNG",
        "product_series": "LS 990, LS plus, LS-design",
        "product_article": "LS990ASW",
        "product_material": "черный глянцевый",
        "product_color": "Вывод кабеля",
        "product_type": "JUNG",
        "product_kind_material": "LS 990, LS plus, LS-design",
        "product_type_surface": "LS990ASW",
        "product_halogen_free": "черный глянцевый",
        "product_mounting_orientation": "Вывод кабеля",
        "product_field_of_inscription": "дуропласт",
        "product_height": "глянцевый",
        "product_width": "да",
        "product_without_baffle": "в сборе с механизмом",
        "product_hinged_lid": "нет",
        "product_degree_of_protection": "механизм с накладкой",
        "product_number_of_posts": "встроенный монтаж",
        "product_img": "https://jung-pro.ru//assets/images/products/2009/jung-ls990asw.png"
    }
}