{
    "SLA2WW + LS969TSW": {
        "product_title": "Розетка для стерео-громкоговорителя SLA2WW + LS969TSW",
        "product_brand": "Jung",
        "product_series": "LS 990, LS plus, LS-design",
        "product_article": "SLA2WW + LS969TSW",
        "product_material": "черный глянцевый",
        "product_color": "Розетки акустические",
        "product_type": "двойная",
        "product_kind_material": "Jung",
        "product_type_surface": "LS 990, LS plus, LS-design",
        "product_halogen_free": "SLA2WW + LS969TSW",
        "product_mounting_orientation": "черный глянцевый",
        "product_field_of_inscription": "Розетки акустические",
        "product_height": "дуропласт",
        "product_width": "глянцевый",
        "product_without_baffle": "да",
        "product_hinged_lid": "в сборе с механизмом",
        "product_degree_of_protection": "220-250В",
        "product_number_of_posts": "нет",
        "product_other_1": "Jung LS 990 Черный накладка розетки ТАЕ,моно/стерео-аудиорозетки LS969TSW        \n\n\nартикул: LS969TSW",
        "product_other_2": "Jung Мех Аудиорозетка (стерео) белый SLA2WW        \n\n\nартикул: SLA2WW",
        "product_img": "https://jung-pro.ru//assets/images/products/1520/ls969tsw.jpeg"
    }
}