{
    "LSP981GCR": {
        "product_title": "Рамка одинарная Jung LS Plus, хром LSP981GCR",
        "product_brand": "Jung",
        "product_series": "LS plus",
        "product_article": "LSP981GCR",
        "product_material": "хром",
        "product_color": "Рамки",
        "product_type": "Jung",
        "product_kind_material": "LS plus",
        "product_type_surface": "LSP981GCR",
        "product_halogen_free": "хром",
        "product_mounting_orientation": "Рамки",
        "product_field_of_inscription": "металл",
        "product_height": "глянцевый",
        "product_width": "да",
        "product_without_baffle": "горизонтальная,вертикальная",
        "product_hinged_lid": "нет",
        "product_degree_of_protection": "115",
        "product_number_of_posts": "115",
        "product_img": "https://jung-pro.ru//assets/images/products/600/a40cf75dd1b545ee17d821b80a8a9082.jpg"
    },
    "LSP982GCR": {
        "product_title": "Рамка двойная, для горизон./вертик. монтажа Jung LS Plus, хром LSP982GCR",
        "product_brand": "Jung",
        "product_series": "LS plus",
        "product_article": "LSP982GCR",
        "product_material": "хром",
        "product_color": "Рамки",
        "product_type": "Jung",
        "product_kind_material": "LS plus",
        "product_type_surface": "LSP982GCR",
        "product_halogen_free": "хром",
        "product_mounting_orientation": "Рамки",
        "product_field_of_inscription": "металл",
        "product_height": "глянцевый",
        "product_width": "да",
        "product_without_baffle": "горизонтальная,вертикальная",
        "product_hinged_lid": "нет",
        "product_degree_of_protection": "115",
        "product_number_of_posts": "186",
        "product_img": "https://jung-pro.ru//assets/images/products/607/d8b5a5e2f0cd4995d92b10f0e53a740d.jpg"
    },
    "LSP983GCR": {
        "product_title": "Рамка тройная, для горизон./вертик. монтажа Jung LS Plus, хром LSP983GCR",
        "product_brand": "Jung",
        "product_series": "LS plus",
        "product_article": "LSP983GCR",
        "product_material": "хром",
        "product_color": "Рамки",
        "product_type": "Jung",
        "product_kind_material": "LS plus",
        "product_type_surface": "LSP983GCR",
        "product_halogen_free": "хром",
        "product_mounting_orientation": "Рамки",
        "product_field_of_inscription": "металл",
        "product_height": "глянцевый",
        "product_width": "да",
        "product_without_baffle": "горизонтальная,вертикальная",
        "product_hinged_lid": "нет",
        "product_degree_of_protection": "115",
        "product_number_of_posts": "257",
        "product_img": "https://jung-pro.ru//assets/images/products/611/2324cfc2d47c09fe9eb66cf9042804a7.jpg"
    },
    "LSP984GCR": {
        "product_title": "Рамка четверная, для горизон./вертик. монтажа Jung LS Plus, хром LSP984GCR",
        "product_brand": "Jung",
        "product_series": "LS plus",
        "product_article": "LSP984GCR",
        "product_material": "хром",
        "product_color": "Рамки",
        "product_type": "Jung",
        "product_kind_material": "LS plus",
        "product_type_surface": "LSP984GCR",
        "product_halogen_free": "хром",
        "product_mounting_orientation": "Рамки",
        "product_field_of_inscription": "металл",
        "product_height": "глянцевый",
        "product_width": "да",
        "product_without_baffle": "горизонтальная,вертикальная",
        "product_hinged_lid": "нет",
        "product_degree_of_protection": "115",
        "product_number_of_posts": "328",
        "product_img": "https://jung-pro.ru//assets/images/products/612/29cd3c5b7b0b6ded96f4219d0caa7e2c.jpg"
    },
    "LSP985GCR": {
        "product_title": "Рамка пятерная, для горизон./вертик. монтажа Jung LS Plus, хром LSP985GCR",
        "product_brand": "Jung",
        "product_series": "LS plus",
        "product_article": "LSP985GCR",
        "product_material": "хром",
        "product_color": "Рамки",
        "product_type": "Jung",
        "product_kind_material": "LS plus",
        "product_type_surface": "LSP985GCR",
        "product_halogen_free": "хром",
        "product_mounting_orientation": "Рамки",
        "product_field_of_inscription": "металл",
        "product_height": "глянцевый",
        "product_width": "да",
        "product_without_baffle": "горизонтальная,вертикальная",
        "product_hinged_lid": "нет",
        "product_degree_of_protection": "115",
        "product_number_of_posts": "399",
        "product_img": "https://jung-pro.ru//assets/images/products/613/7ff7bfe8b448b034a7b580368ec680a5.jpg"
    },
    "501U + LS990SW": {
        "product_title": "Выключатель одноклавишный, 10 А / 250 В~ 501U + LS990SW",
        "product_brand": "Jung",
        "product_series": "LS 990, LS plus, LS-design",
        "product_article": "501U + LS990SW",
        "product_material": "черный глянцевый",
        "product_color": "Выключатели",
        "product_type": "Jung",
        "product_kind_material": "LS 990, LS plus, LS-design",
        "product_type_surface": "501U + LS990SW",
        "product_halogen_free": "черный глянцевый",
        "product_mounting_orientation": "Выключатели",
        "product_field_of_inscription": "дуропласт",
        "product_height": "глянцевый",
        "product_width": "да",
        "product_without_baffle": "в сборе с механизмом",
        "product_hinged_lid": "нет",
        "product_degree_of_protection": "220-250В",
        "product_number_of_posts": "нет",
        "product_other_1": "Jung Механизм Выключатель 1-клавишный 10AX 250V 501U        \n\n\nартикул: 501U",
        "product_other_2": "Jung LS 990 Черный клавиша 1-я LS990SW        \n\n\nартикул: LS990SW",
        "product_img": "https://jung-pro.ru//assets/images/products/795/6f4467b631d9ebe77db08153da215657.jpg"
    },
    "506U + LS990SW": {
        "product_title": "Выключатель одноклавишный, универс. (вкл/выкл с 2-х мест) 10 А / 250 В~ 506U + LS990SW",
        "product_brand": "Jung",
        "product_series": "LS 990, LS plus, LS-design",
        "product_article": "506U + LS990SW",
        "product_material": "черный глянцевый",
        "product_color": "Выключатели",
        "product_type": "Jung",
        "product_kind_material": "LS 990, LS plus, LS-design",
        "product_type_surface": "506U + LS990SW",
        "product_halogen_free": "черный глянцевый",
        "product_mounting_orientation": "Выключатели",
        "product_field_of_inscription": "дуропласт",
        "product_height": "глянцевый",
        "product_width": "да",
        "product_without_baffle": "в сборе с механизмом",
        "product_hinged_lid": "нет",
        "product_degree_of_protection": "220-250В",
        "product_number_of_posts": "нет",
        "product_other_1": "Выключатель 10AX 250V универсальный 506U        \n\n\nартикул: 506U",
        "product_other_2": "Jung LS 990 Черный клавиша 1-я LS990SW        \n\n\nартикул: LS990SW",
        "product_img": "https://jung-pro.ru//assets/images/products/798/d6c3e861877828424d4236dd3fb4f184.jpg"
    },
    "505U + LS995SW": {
        "product_title": "Выключатель двухклавишный, 10 А / 250 В~ 505U + LS995SW",
        "product_brand": "Jung",
        "product_series": "LS 990, LS plus, LS-design",
        "product_article": "505U + LS995SW",
        "product_material": "черный глянцевый",
        "product_color": "Выключатели",
        "product_type": "Jung",
        "product_kind_material": "LS 990, LS plus, LS-design",
        "product_type_surface": "505U + LS995SW",
        "product_halogen_free": "черный глянцевый",
        "product_mounting_orientation": "Выключатели",
        "product_field_of_inscription": "дуропласт",
        "product_height": "глянцевый",
        "product_width": "да",
        "product_without_baffle": "в сборе с механизмом",
        "product_hinged_lid": "нет",
        "product_degree_of_protection": "220-250В",
        "product_number_of_posts": "нет",
        "product_other_1": "Выключатель 10AX 250V сдвоенный 505U        \n\n\nартикул: 505U",
        "product_other_2": "Jung LS 990 Черный клавиша 2-я LS995SW        \n\n\nартикул: LS995SW",
        "product_img": "https://jung-pro.ru//assets/images/products/800/891f05557e4aebf416bc80806941ca78.jpg"
    },
    "507U + LS990SW": {
        "product_title": "Выключатель одноклавишный перекрестный (вкл/выкл с 3-х мест) 10 А / 250 В~ 507U + LS990SW",
        "product_brand": "Jung",
        "product_series": "LS 990, LS plus, LS-design",
        "product_article": "507U + LS990SW",
        "product_material": "черный глянцевый",
        "product_color": "Выключатели",
        "product_type": "Jung",
        "product_kind_material": "LS 990, LS plus, LS-design",
        "product_type_surface": "507U + LS990SW",
        "product_halogen_free": "черный глянцевый",
        "product_mounting_orientation": "Выключатели",
        "product_field_of_inscription": "дуропласт",
        "product_height": "глянцевый",
        "product_width": "да",
        "product_without_baffle": "в сборе с механизмом",
        "product_hinged_lid": "нет",
        "product_degree_of_protection": "220-250В",
        "product_number_of_posts": "нет",
        "product_other_1": "Jung LS 990 Черный клавиша 1-я LS990SW        \n\n\nартикул: LS990SW",
        "product_other_2": "Jung Мех Переключатель 1-клавишный перекрестный 507U        \n\n\nартикул: 507U",
        "product_img": "https://jung-pro.ru//assets/images/products/799/7437f8a512232e32fc4b0a747c97d900.jpg"
    },
    "509U + LS995SW": {
        "product_title": "Выключатель двухклавишный, проходной (вкл/выкл с 2-х мест) 10 А / 250 В~ 509U + LS995SW",
        "product_brand": "Jung",
        "product_series": "LS 990, LS plus, LS-design",
        "product_article": "509U + LS995SW",
        "product_material": "черный глянцевый",
        "product_color": "Выключатели",
        "product_type": "Jung",
        "product_kind_material": "LS 990, LS plus, LS-design",
        "product_type_surface": "509U + LS995SW",
        "product_halogen_free": "черный глянцевый",
        "product_mounting_orientation": "Выключатели",
        "product_field_of_inscription": "дуропласт",
        "product_height": "глянцевый",
        "product_width": "да",
        "product_without_baffle": "в сборе с механизмом",
        "product_hinged_lid": "нет",
        "product_degree_of_protection": "220-250В",
        "product_number_of_posts": "нет",
        "product_other_1": "Jung LS 990 Черный клавиша 2-я LS995SW        \n\n\nартикул: LS995SW",
        "product_other_2": "Jung Выключатель 10AХ 250V универсальный сдвоенный 509U        \n\n\nартикул: 509U",
        "product_img": "https://jung-pro.ru//assets/images/products/803/8ff323c152dc2388db6b56a5d71b17de.jpg"
    },
    "505U5 + LS995KO5SW": {
        "product_title": "Выключатель двухклавишный с подсветкой, 10 А / 250 В~ 505U5 + LS995KO5SW",
        "product_brand": "Jung",
        "product_series": "LS 990, LS plus, LS-design",
        "product_article": "505U5 + LS995KO5SW",
        "product_material": "черный глянцевый",
        "product_color": "Выключатели",
        "product_type": "Jung",
        "product_kind_material": "LS 990, LS plus, LS-design",
        "product_type_surface": "505U5 + LS995KO5SW",
        "product_halogen_free": "черный глянцевый",
        "product_mounting_orientation": "Выключатели",
        "product_field_of_inscription": "дуропласт",
        "product_height": "глянцевый",
        "product_width": "да",
        "product_without_baffle": "в сборе с механизмом",
        "product_hinged_lid": "нет",
        "product_degree_of_protection": "220-250В",
        "product_number_of_posts": "нет",
        "product_other_1": "Jung LS 990 Черный клавиша 2-я с подсветкой LS995KO5SW        \n\n\nартикул: LS995KO5SW",
        "product_other_2": "Jung Выключатель 10AX 250V сдвоенный с двумя лампочками 505U5        \n\n\nартикул: 505U5",
        "product_img": "https://jung-pro.ru//assets/images/products/805/f6474eff457933e573ba330c4e9d08a6.jpg"
    },
    "LS1520SW": {
        "product_title": "Розетка с заземляющими контактами 16 А / 250 В~ LS1520SW",
        "product_brand": "Jung",
        "product_series": "LS 990, LS plus, LS-design",
        "product_article": "LS1520SW",
        "product_material": "черный глянцевый",
        "product_color": "Розетки электрические",
        "product_type": "одинарная",
        "product_kind_material": "Jung",
        "product_type_surface": "LS 990, LS plus, LS-design",
        "product_halogen_free": "LS1520SW",
        "product_mounting_orientation": "черный глянцевый",
        "product_field_of_inscription": "Розетки электрические",
        "product_height": "дуропласт",
        "product_width": "глянцевый",
        "product_without_baffle": "да",
        "product_hinged_lid": "в сборе с механизмом",
        "product_degree_of_protection": "нет",
        "product_number_of_posts": "220-250В",
        "product_img": "https://jung-pro.ru//assets/images/products/1277/b17dedf2ae6c34e8c9ce79da5baffb79.jpg"
    },
    "LS1520KISW": {
        "product_title": "Розетка с заземляющими контактами 16 А / 250 В~ с защитой от детей LS1520KISW",
        "product_brand": "Jung",
        "product_series": "LS 990, LS plus, LS-design",
        "product_article": "LS1520KISW",
        "product_material": "черный глянцевый",
        "product_color": "Розетки электрические",
        "product_type": "одинарная",
        "product_kind_material": "Jung",
        "product_type_surface": "LS 990, LS plus, LS-design",
        "product_halogen_free": "LS1520KISW",
        "product_mounting_orientation": "черный глянцевый",
        "product_field_of_inscription": "Розетки электрические",
        "product_height": "дуропласт",
        "product_width": "глянцевый",
        "product_without_baffle": "да",
        "product_hinged_lid": "в сборе с механизмом",
        "product_degree_of_protection": "нет",
        "product_number_of_posts": "220-250В",
        "product_img": "https://jung-pro.ru//assets/images/products/1279/d6895c5ef2d9e360adf96c98dcf445f2.jpg"
    },
    "LS1520KLSW": {
        "product_title": "Розетка с заземляющими контактами 16 А / 250 В~, с откидной крышкой LS1520KLSW",
        "product_brand": "JUNG",
        "product_series": "LS 990, LS plus, LS-design",
        "product_article": "LS1520KLSW",
        "product_material": "черный глянцевый",
        "product_color": "Розетки электрические",
        "product_type": "одинарная",
        "product_kind_material": "JUNG",
        "product_type_surface": "LS 990, LS plus, LS-design",
        "product_halogen_free": "LS1520KLSW",
        "product_mounting_orientation": "черный глянцевый",
        "product_field_of_inscription": "Розетки электрические",
        "product_height": "дуропласт",
        "product_width": "глянцевый",
        "product_without_baffle": "да",
        "product_hinged_lid": "в сборе с механизмом",
        "product_degree_of_protection": "нет",
        "product_number_of_posts": "220-250В",
        "product_img": "https://jung-pro.ru//assets/images/products/117/ls520klsw.jpg"
    },
    "551WU + LS1520KLSW": {
        "product_title": "Розетка с заземляющими контактами 16 А / 250 В~, с откидной крышкой и уплотнительной мембраной IP44 551WU + LS1520KLSW",
        "product_brand": "Jung",
        "product_series": "LS 990, LS plus, LS-design",
        "product_article": "551WU + LS1520KLSW",
        "product_material": "черный глянцевый",
        "product_color": "Розетки электрические",
        "product_type": "одинарная",
        "product_kind_material": "Jung",
        "product_type_surface": "LS 990, LS plus, LS-design",
        "product_halogen_free": "551WU + LS1520KLSW",
        "product_mounting_orientation": "черный глянцевый",
        "product_field_of_inscription": "Розетки электрические",
        "product_height": "дуропласт",
        "product_width": "глянцевый",
        "product_without_baffle": "да",
        "product_hinged_lid": "в сборе с механизмом",
        "product_degree_of_protection": "нет",
        "product_number_of_posts": "220-250В",
        "product_other_1": "Уплотнительная мембрана для влагозащиты 551WU        \n\n\nартикул: 551WU",
        "product_other_2": "Розетка с заземляющими контактами 16 А / 250 В~, с откидной крышкой LS1520KLSW        \n\n\nартикул: LS1520KLSW                            материал: пластик                            цвет: черный глянцевый",
        "product_img": "https://jung-pro.ru//assets/images/products/1280/73ff3faa46fde9e6ccd6745d96ee1c63.jpg"
    },
    "LS1520-18CSW": {
        "product_title": "Розетка с заземлением + USB тип C, Jung 16А/250В черный глянцевый LS1520-18CSW",
        "product_brand": "JUNG",
        "product_series": "LS 990, LS plus, LS-design",
        "product_article": "LS1520-18CSW",
        "product_material": "черный глянцевый",
        "product_color": "Розетки электрические",
        "product_type": "двойная",
        "product_kind_material": "JUNG",
        "product_type_surface": "LS 990, LS plus, LS-design",
        "product_halogen_free": "LS1520-18CSW",
        "product_mounting_orientation": "черный глянцевый",
        "product_field_of_inscription": "Розетки электрические",
        "product_height": "дуропласт",
        "product_width": "глянцевый",
        "product_without_baffle": "да",
        "product_hinged_lid": "лапками и винтами",
        "product_degree_of_protection": "220-250В",
        "product_number_of_posts": "нет",
        "product_img": "https://jung-pro.ru//assets/images/products/3329/jung-ls1520-18cswm.png"
    },
    "LS1520-18ASW": {
        "product_title": "Розетка с заземлением + USB тип A, Jung 16А/250В черный глянцевый LS1520-18ASW",
        "product_brand": "JUNG",
        "product_series": "LS 990, LS plus, LS-design",
        "product_article": "LS1520-18ASW",
        "product_material": "черный глянцевый",
        "product_color": "Розетки электрические",
        "product_type": "двойная",
        "product_kind_material": "JUNG",
        "product_type_surface": "LS 990, LS plus, LS-design",
        "product_halogen_free": "LS1520-18ASW",
        "product_mounting_orientation": "черный глянцевый",
        "product_field_of_inscription": "Розетки электрические",
        "product_height": "дуропласт",
        "product_width": "глянцевый",
        "product_without_baffle": "да",
        "product_hinged_lid": "лапками и винтами",
        "product_degree_of_protection": "220-250В",
        "product_number_of_posts": "нет",
        "product_img": "https://jung-pro.ru//assets/images/products/3319/jung-ls1520-18aswm.png"
    },
    "LS1520-15CASW": {
        "product_title": "Розетка с заземлением + USB тип A+C, Jung 16А/250В черный глянцевый LS1520-15CASW",
        "product_brand": "JUNG",
        "product_series": "LS 990, LS plus, LS-design",
        "product_article": "LS1520-15CASW",
        "product_material": "черный глянцевый",
        "product_color": "Розетки электрические",
        "product_type": "тройная",
        "product_kind_material": "JUNG",
        "product_type_surface": "LS 990, LS plus, LS-design",
        "product_halogen_free": "LS1520-15CASW",
        "product_mounting_orientation": "черный глянцевый",
        "product_field_of_inscription": "Розетки электрические",
        "product_height": "дуропласт",
        "product_width": "глянцевый",
        "product_without_baffle": "да",
        "product_hinged_lid": "лапками и винтами",
        "product_degree_of_protection": "220-250В",
        "product_number_of_posts": "нет",
        "product_img": "https://jung-pro.ru//assets/images/products/3339/jung-ls1520-15casw.png"
    },
    "LS969TSW + USB15CAWW": {
        "product_title": "Розетка USB двойная для зарядки тип А+С, 2x700мA, винтовой зажим, черный глянцевый LS969TSW + USB15CAWW",
        "product_brand": "JUNG",
        "product_series": "LS 990, LS plus, LS-design",
        "product_article": "LS969TSW + USB15CAWW",
        "product_material": "черный глянцевый",
        "product_color": "Розетки USB",
        "product_type": "двойная",
        "product_kind_material": "JUNG",
        "product_type_surface": "LS 990, LS plus, LS-design",
        "product_halogen_free": "LS969TSW + USB15CAWW",
        "product_mounting_orientation": "черный глянцевый",
        "product_field_of_inscription": "Розетки USB",
        "product_height": "дуропласт",
        "product_width": "глянцевый",
        "product_without_baffle": "да",
        "product_hinged_lid": "в сборе с механизмом",
        "product_degree_of_protection": "220-250В",
        "product_number_of_posts": "нет",
        "product_other_1": "Jung LS 990 Черный накладка розетки ТАЕ,моно/стерео-аудиорозетки LS969TSW        \n\n\nартикул: LS969TSW",
        "product_other_2": "Jung механизм USB-розетки тип А+С, 2 гнезда, до 1,4 А/ч USB15CAWW        \n\n\nартикул: USB15CAWW",
        "product_img": "https://jung-pro.ru//assets/images/products/3027/ls969tsw.jpg"
    },
    "S2900 + LS990TVSW": {
        "product_title": "Розетка телевизионная оконечная TV FM, диапазон частот от 4 до 2400 MГц S2900 + LS990TVSW",
        "product_brand": "Jung",
        "product_series": "LS 990, LS plus, LS-design",
        "product_article": "S2900 + LS990TVSW",
        "product_material": "черный глянцевый",
        "product_color": "Розетки TV",
        "product_type": "Jung",
        "product_kind_material": "LS 990, LS plus, LS-design",
        "product_type_surface": "S2900 + LS990TVSW",
        "product_halogen_free": "черный глянцевый",
        "product_mounting_orientation": "Розетки TV",
        "product_field_of_inscription": "дуропласт",
        "product_height": "глянцевый",
        "product_width": "да",
        "product_without_baffle": "в сборе с механизмом",
        "product_hinged_lid": "220-250В",
        "product_degree_of_protection": "нет",
        "product_number_of_posts": "механизм с накладкой",
        "product_other_1": "TV-FM оконечная розетка S2900        \n\n\nартикул: S2900",
        "product_other_2": "Jung LS 990 Черный накладка TV-FM розетки LS990TVSW        \n\n\nартикул: LS990TVSW",
        "product_img": "https://jung-pro.ru//assets/images/products/1071/f8c9ac96457bb0f462163c654325b629.jpg"
    },
    "S2900-10 + LS990TvSW": {
        "product_title": "Розетка телевизионная проходная TV FM, диапазон частот от 4 до 2400 MГц S2900-10 + LS990TvSW",
        "product_brand": "Jung",
        "product_series": "LS 990, LS plus, LS-design",
        "product_article": "S2900-10 + LS990TvSW",
        "product_material": "черный глянцевый",
        "product_color": "Розетки TV",
        "product_type": "Jung",
        "product_kind_material": "LS 990, LS plus, LS-design",
        "product_type_surface": "S2900-10 + LS990TvSW",
        "product_halogen_free": "черный глянцевый",
        "product_mounting_orientation": "Розетки TV",
        "product_field_of_inscription": "дуропласт",
        "product_height": "глянцевый",
        "product_width": "да",
        "product_without_baffle": "в сборе с механизмом",
        "product_hinged_lid": "220-250В",
        "product_degree_of_protection": "нет",
        "product_number_of_posts": "механизм с накладкой",
        "product_other_1": "TV-FM оконечная розетка, проходная S2900-10        \n\n\nартикул: S2900-10",
        "product_other_2": "Jung LS 990 Черный накладка TV-FM розетки LS990TVSW        \n\n\nартикул: LS990TVSW",
        "product_img": "https://jung-pro.ru//assets/images/products/1070/186af14541435eb8539f9849363c12f0.jpg"
    },
    "S4100 + LS990SATSW": {
        "product_title": "Розетка телевизионная оконечная TV SAT FM, диапазон частот от 4 до 2400 MГц S4100 + LS990SATSW",
        "product_brand": "Jung",
        "product_series": "LS 990, LS plus, LS-design",
        "product_article": "S4100 + LS990SATSW",
        "product_material": "черный глянцевый",
        "product_color": "Розетки TV",
        "product_type": "Jung",
        "product_kind_material": "LS 990, LS plus, LS-design",
        "product_type_surface": "S4100 + LS990SATSW",
        "product_halogen_free": "черный глянцевый",
        "product_mounting_orientation": "Розетки TV",
        "product_field_of_inscription": "дуропласт",
        "product_height": "глянцевый",
        "product_width": "да",
        "product_without_baffle": "в сборе с механизмом",
        "product_hinged_lid": "220-250В",
        "product_degree_of_protection": "нет",
        "product_number_of_posts": "механизм с накладкой",
        "product_other_1": "Розетка универсальная для систем приема спутникового, эфирного и кабельного вещания, оконечная S4100        \n\n\nартикул: S4100",
        "product_other_2": "Jung LS 990 Черный накладка TV-SAT-FM розетки LS990SATSW        \n\n\nартикул: LS990SATSW",
        "product_img": "https://jung-pro.ru//assets/images/products/1073/8ec3e5344ee65f36d57f5f8625303eb8.jpg"
    },
    "S4110 + LS990SATSW": {
        "product_title": "Розетка телевизионная проходная TV SAT FM, диапазон частот от 4 до 2400 MГц S4110 + LS990SATSW",
        "product_brand": "JUNG",
        "product_series": "LS 990, LS plus, LS-design",
        "product_article": "S4110 + LS990SATSW",
        "product_material": "черный глянцевый",
        "product_color": "Розетки TV",
        "product_type": "JUNG",
        "product_kind_material": "LS 990, LS plus, LS-design",
        "product_type_surface": "S4110 + LS990SATSW",
        "product_halogen_free": "черный глянцевый",
        "product_mounting_orientation": "Розетки TV",
        "product_field_of_inscription": "дуропласт",
        "product_height": "глянцевый",
        "product_width": "да",
        "product_without_baffle": "в сборе с механизмом",
        "product_hinged_lid": "220-250В",
        "product_degree_of_protection": "нет",
        "product_number_of_posts": "механизм с накладкой",
        "product_other_1": "Jung Мех Розетка TV-FM-SAT проходная S4110        \n\n\nартикул: S4110",
        "product_other_2": "Jung LS 990 Черный накладка TV-SAT-FM розетки LS990SATSW        \n\n\nартикул: LS990SATSW",
        "product_img": "https://jung-pro.ru//assets/images/products/2008/ls990satsw.jpg"
    },
    "EPUAE8UPO + LS969-1UASW": {
        "product_title": "Розетка телефонная одинарная RJ11 EPUAE8UPO + LS969-1UASW",
        "product_brand": "Jung",
        "product_series": "LS 990, LS plus, LS-design",
        "product_article": "EPUAE8UPO + LS969-1UASW",
        "product_material": "черный глянцевый",
        "product_color": "Розетки телеф/комп",
        "product_type": "одинарная",
        "product_kind_material": "Jung",
        "product_type_surface": "LS 990, LS plus, LS-design",
        "product_halogen_free": "EPUAE8UPO + LS969-1UASW",
        "product_mounting_orientation": "черный глянцевый",
        "product_field_of_inscription": "Розетки телеф/комп",
        "product_height": "дуропласт",
        "product_width": "глянцевый",
        "product_without_baffle": "да",
        "product_hinged_lid": "в сборе с механизмом",
        "product_degree_of_protection": "220-250В",
        "product_number_of_posts": "нет",
        "product_other_1": "Jung Телефонная UAE розетка, 8-ми полюсная; один терминал EPUAE8UPO        \n\n\nартикул: EPUAE8UPO",
        "product_other_2": "Jung LS 990 Черный накладка 1-ой наклонной ТЛФ/комп розетки LS969-1UASW        \n\n\nартикул: LS969-1UASW",
        "product_img": "https://jung-pro.ru//assets/images/products/1194/3b3a25f4ef709a36848269f7febc88e1.jpg"
    },
    "EPUAE8-8UPO + LS969-2UASW": {
        "product_title": "Розетка телефонная двойная RJ11 EPUAE8-8UPO + LS969-2UASW",
        "product_brand": "Jung",
        "product_series": "LS 990, LS plus, LS-design",
        "product_article": "EPUAE8-8UPO + LS969-2UASW",
        "product_material": "черный глянцевый",
        "product_color": "Розетки телеф/комп",
        "product_type": "двойная",
        "product_kind_material": "Jung",
        "product_type_surface": "LS 990, LS plus, LS-design",
        "product_halogen_free": "EPUAE8-8UPO + LS969-2UASW",
        "product_mounting_orientation": "черный глянцевый",
        "product_field_of_inscription": "Розетки телеф/комп",
        "product_height": "дуропласт",
        "product_width": "глянцевый",
        "product_without_baffle": "да",
        "product_hinged_lid": "в сборе с механизмом",
        "product_degree_of_protection": "220-250В",
        "product_number_of_posts": "нет",
        "product_other_1": "Jung телефонная UAE розетка, 8-ми полюсная; два терминала EPUAE8-8UPO        \n\n\nартикул: EPUAE8-8UPO",
        "product_other_2": "Jung LS 990 Черный накладка 2-ой наклонной ТЛФ/комп розетки LS969-2UASW        \n\n\nартикул: LS969-2UASW",
        "product_img": "https://jung-pro.ru//assets/images/products/1191/715714fd19a9734bf0b34608db2ae661.jpg"
    },
    "EPUAE8UPOK6 + LS969-1UASW": {
        "product_title": "Розетка компьютерная одинарная RJ45 6-й кат. EPUAE8UPOK6 + LS969-1UASW",
        "product_brand": "Jung",
        "product_series": "LS 990, LS plus, LS-design",
        "product_article": "EPUAE8UPOK6 + LS969-1UASW",
        "product_material": "черный глянцевый",
        "product_color": "Розетки телеф/комп",
        "product_type": "одинарная",
        "product_kind_material": "Jung",
        "product_type_surface": "LS 990, LS plus, LS-design",
        "product_halogen_free": "EPUAE8UPOK6 + LS969-1UASW",
        "product_mounting_orientation": "черный глянцевый",
        "product_field_of_inscription": "Розетки телеф/комп",
        "product_height": "дуропласт",
        "product_width": "глянцевый",
        "product_without_baffle": "да",
        "product_hinged_lid": "в сборе с механизмом",
        "product_degree_of_protection": "220-250В",
        "product_number_of_posts": "нет",
        "product_other_1": "Jung LS 990 Черный накладка 1-ой наклонной ТЛФ/комп розетки LS969-1UASW        \n\n\nартикул: LS969-1UASW",
        "product_other_2": "Компьютерная UAE розетка 6-й категории, 8-ми полюсная, экранированная, один терминал EPUAE8UPOK6        \n\n\nартикул: EPUAE8UPOK6",
        "product_img": "https://jung-pro.ru//assets/images/products/1190/20bddc7740421091dc4d2e2bba17423d.jpg"
    },
    "EPUAE8-8UPOK6 + LS969-2UASW": {
        "product_title": "Розетка компьютерная двойная RJ45 6-й кат. EPUAE8-8UPOK6 + LS969-2UASW",
        "product_brand": "Jung",
        "product_series": "LS 990, LS plus, LS-design",
        "product_article": "EPUAE8-8UPOK6 + LS969-2UASW",
        "product_material": "черный глянцевый",
        "product_color": "Розетки телеф/комп",
        "product_type": "двойная",
        "product_kind_material": "Jung",
        "product_type_surface": "LS 990, LS plus, LS-design",
        "product_halogen_free": "EPUAE8-8UPOK6 + LS969-2UASW",
        "product_mounting_orientation": "черный глянцевый",
        "product_field_of_inscription": "Розетки телеф/комп",
        "product_height": "дуропласт",
        "product_width": "глянцевый",
        "product_without_baffle": "да",
        "product_hinged_lid": "в сборе с механизмом",
        "product_degree_of_protection": "220-250В",
        "product_number_of_posts": "нет",
        "product_other_1": "Jung LS 990 Черный накладка 2-ой наклонной ТЛФ/комп розетки LS969-2UASW        \n\n\nартикул: LS969-2UASW",
        "product_other_2": "Jung Компьютерная UAE розетка 6-й категории, 8-ми полюсная, экранированная; два терминала EPUAE8-8UPOK6        \n\n\nартикул: EPUAE8-8UPOK6",
        "product_img": "https://jung-pro.ru//assets/images/products/1188/6589e21fbd4956db0c13c39a27a47246.jpg"
    },
    "SLA2WW + LS969TSW": {
        "product_title": "Розетка для стерео-громкоговорителя SLA2WW + LS969TSW",
        "product_brand": "Jung",
        "product_series": "LS 990, LS plus, LS-design",
        "product_article": "SLA2WW + LS969TSW",
        "product_material": "черный глянцевый",
        "product_color": "Розетки акустические",
        "product_type": "двойная",
        "product_kind_material": "Jung",
        "product_type_surface": "LS 990, LS plus, LS-design",
        "product_halogen_free": "SLA2WW + LS969TSW",
        "product_mounting_orientation": "черный глянцевый",
        "product_field_of_inscription": "Розетки акустические",
        "product_height": "дуропласт",
        "product_width": "глянцевый",
        "product_without_baffle": "да",
        "product_hinged_lid": "в сборе с механизмом",
        "product_degree_of_protection": "220-250В",
        "product_number_of_posts": "нет",
        "product_other_1": "Jung LS 990 Черный накладка розетки ТАЕ,моно/стерео-аудиорозетки LS969TSW        \n\n\nартикул: LS969TSW",
        "product_other_2": "Jung Мех Аудиорозетка (стерео) белый SLA2WW        \n\n\nартикул: SLA2WW",
        "product_img": "https://jung-pro.ru//assets/images/products/1520/ls969tsw.jpeg"
    },
    "539VU + LS995PSW": {
        "product_title": "Выключатель управления жалюзи кнопочный, 10 А / 250 В~ 539VU + LS995PSW",
        "product_brand": "Jung",
        "product_series": "LS 990, LS plus, LS-design",
        "product_article": "539VU + LS995PSW",
        "product_material": "черный глянцевый",
        "product_color": "Управление жалюзи",
        "product_type": "Jung",
        "product_kind_material": "LS 990, LS plus, LS-design",
        "product_type_surface": "539VU + LS995PSW",
        "product_halogen_free": "черный глянцевый",
        "product_mounting_orientation": "Управление жалюзи",
        "product_field_of_inscription": "дуропласт",
        "product_height": "глянцевый",
        "product_width": "да",
        "product_without_baffle": "в сборе с механизмом",
        "product_hinged_lid": "220-250В",
        "product_degree_of_protection": "нет",
        "product_number_of_posts": "кнопочный",
        "product_other_1": "Jung LS 990 Черный клавиша 2-я жалюзийная LS995PSW        \n\n\nартикул: LS995PSW",
        "product_other_2": "Jung Мех Выключатель жалюзийный кнопочный с мех блокировкой одновременного нажатия 539VU        \n\n\nартикул: 539VU",
        "product_img": "https://jung-pro.ru//assets/images/products/1465/bd693770d5b5b33a5b30c7c239049518.jpg"
    },
    "509VU + LS995PSW": {
        "product_title": "Выключатель управления жалюзи клавишный, 10 А / 250 В~ 509VU + LS995PSW",
        "product_brand": "Jung",
        "product_series": "LS 990, LS plus, LS-design",
        "product_article": "509VU + LS995PSW",
        "product_material": "черный глянцевый",
        "product_color": "Управление жалюзи",
        "product_type": "Jung",
        "product_kind_material": "LS 990, LS plus, LS-design",
        "product_type_surface": "509VU + LS995PSW",
        "product_halogen_free": "черный глянцевый",
        "product_mounting_orientation": "Управление жалюзи",
        "product_field_of_inscription": "дуропласт",
        "product_height": "глянцевый",
        "product_width": "да",
        "product_without_baffle": "в сборе с механизмом",
        "product_hinged_lid": "220-250В",
        "product_degree_of_protection": "нет",
        "product_number_of_posts": "клавишный",
        "product_other_1": "Jung LS 990 Черный клавиша 2-я жалюзийная LS995PSW        \n\n\nартикул: LS995PSW",
        "product_other_2": "Jung Выключатель для управления жалюзи с блокировкой одновременного нажатия 509VU        \n\n\nартикул: 509VU",
        "product_img": "https://jung-pro.ru//assets/images/products/1466/be6ec430fc0fc3fda38ae52418e78d84.jpg"
    },
    "1730DD + LS1940SW": {
        "product_title": "Светорегулятор поворотно-нажимной LED 3-60Вт., 20-210Вт ламп накал. и галог., черный глянцевый 1730DD + LS1940SW",
        "product_brand": "Jung",
        "product_series": "LS 990, LS plus, LS-design",
        "product_article": "1730DD + LS1940SW",
        "product_material": "черный глянцевый",
        "product_color": "Светорегуляторы",
        "product_type": "Jung",
        "product_kind_material": "LS 990, LS plus, LS-design",
        "product_type_surface": "1730DD + LS1940SW",
        "product_halogen_free": "черный глянцевый",
        "product_mounting_orientation": "Светорегуляторы",
        "product_field_of_inscription": "дуропласт",
        "product_height": "глянцевый",
        "product_width": "да",
        "product_without_baffle": "в сборе с механизмом",
        "product_hinged_lid": "да",
        "product_degree_of_protection": "220-250В",
        "product_number_of_posts": "нет",
        "product_other_1": "Jung Черный накладка роторного механизма LS1940SW        \n\n\nартикул: LS1940SW",
        "product_other_2": "Механизм светорегулятора Jung поворотно-нажимного для LED 3-60Вт., 20-210Вт ламп накал. и галог. 1730DD        \n\n\nартикул: 1730DD",
        "product_img": "https://jung-pro.ru//assets/images/products/3182/ls1940sw.jpg"
    },
    "1731DD + LS1940SW": {
        "product_title": "Светорегулятор универсальный поворотно-нажимной LED 3-100Вт., 20-420Вт ламп накал. и галог., черный глянцевый 1731DD + LS1940SW",
        "product_brand": "Jung",
        "product_series": "LS 990, LS plus, LS-design",
        "product_article": "1731DD + LS1940SW",
        "product_material": "черный глянцевый",
        "product_color": "Светорегуляторы",
        "product_type": "Jung",
        "product_kind_material": "LS 990, LS plus, LS-design",
        "product_type_surface": "1731DD + LS1940SW",
        "product_halogen_free": "черный глянцевый",
        "product_mounting_orientation": "Светорегуляторы",
        "product_field_of_inscription": "дуропласт",
        "product_height": "глянцевый",
        "product_width": "да",
        "product_without_baffle": "в сборе с механизмом",
        "product_hinged_lid": "да",
        "product_degree_of_protection": "220-250В",
        "product_number_of_posts": "нет",
        "product_other_1": "Jung Черный накладка роторного механизма LS1940SW        \n\n\nартикул: LS1940SW",
        "product_other_2": "JUNG Роторный диммер универсальный LED 3-210 вт, 20-420Вт ламп накал. и галог., 1731DD        \n\n\nартикул: 1731DD",
        "product_img": "https://jung-pro.ru//assets/images/products/3428/ls1940sw.jpg"
    },
    "211GDE + LS1940SW": {
        "product_title": "Светорегулятор поворотный 100-1000 Вт. для ламп накаливания и галог.220В 211GDE + LS1940SW",
        "product_brand": "Jung",
        "product_series": "LS 990, LS plus, LS-design",
        "product_article": "211GDE + LS1940SW",
        "product_material": "черный глянцевый",
        "product_color": "Светорегуляторы",
        "product_type": "Jung",
        "product_kind_material": "LS 990, LS plus, LS-design",
        "product_type_surface": "211GDE + LS1940SW",
        "product_halogen_free": "черный глянцевый",
        "product_mounting_orientation": "Светорегуляторы",
        "product_field_of_inscription": "дуропласт",
        "product_height": "глянцевый",
        "product_width": "да",
        "product_without_baffle": "в сборе с механизмом",
        "product_hinged_lid": "220-250В",
        "product_degree_of_protection": "нет",
        "product_number_of_posts": "механизм с накладкой",
        "product_other_1": "Jung Черный накладка роторного механизма LS1940SW        \n\n\nартикул: LS1940SW",
        "product_other_2": "Jung механизм светорегуляторп поворотно-нажимного 100-1000 Вт для л/н 211GDE        \n\n\nартикул: 211GDE",
        "product_img": "https://jung-pro.ru//assets/images/products/1371/598dd0f4ee0e83a626035a8d8ed6cc60.jpg"
    },
    "FTR231U + LSFTR231PLSW": {
        "product_title": "Регулятор теплого пола Jung 230В/10А с выносным датчиком FTR231U + LSFTR231PLSW",
        "product_brand": "Jung",
        "product_series": "LS 990, LS plus, LS-design",
        "product_article": "FTR231U + LSFTR231PLSW",
        "product_material": "черный глянцевый",
        "product_color": "Терморегуляторы теплого пола",
        "product_type": "Jung",
        "product_kind_material": "LS 990, LS plus, LS-design",
        "product_type_surface": "FTR231U + LSFTR231PLSW",
        "product_halogen_free": "черный глянцевый",
        "product_mounting_orientation": "Терморегуляторы теплого пола",
        "product_field_of_inscription": "нет",
        "product_height": "дуропласт",
        "product_width": "глянцевый",
        "product_without_baffle": "да",
        "product_hinged_lid": "в сборе с механизмом",
        "product_degree_of_protection": "220-250В",
        "product_number_of_posts": "нет",
        "product_other_1": "Jung LS 990 Черный накладка регулятора теплого пола LSFTR231PLSW        \n\n\nартикул: LSFTR231PLSW",
        "product_other_2": "Механизм терморегулятора пола JUNG с датчиком пола 4 м        \n\n\nартикул: FTR231U",
        "product_img": "https://jung-pro.ru//assets/images/products/1433/043a6b928a4e3e307d11c26d544d6e23.jpg"
    },
    "1201URE + ASLS1280SW": {
        "product_title": "Автоматический выключатель 230 В~ , 40-400Вт, трехпроводное подключение, высота монтажа 2,2м 1201URE + ASLS1280SW",
        "product_brand": "Jung",
        "product_series": "LS 990, LS plus, LS-design",
        "product_article": "1201URE + ASLS1280SW",
        "product_material": "черный глянцевый",
        "product_color": "Выключатели автоматические",
        "product_type": "Jung",
        "product_kind_material": "LS 990, LS plus, LS-design",
        "product_type_surface": "1201URE + ASLS1280SW",
        "product_halogen_free": "черный глянцевый",
        "product_mounting_orientation": "Выключатели автоматические",
        "product_field_of_inscription": "дуропласт",
        "product_height": "глянцевый",
        "product_width": "да",
        "product_without_baffle": "в сборе с механизмом",
        "product_hinged_lid": "220-250В",
        "product_degree_of_protection": "нет",
        "product_number_of_posts": "механизм с накладкой",
        "product_other_1": "Линза датчика движения стандартн. 180°, 2,2 м ASLS1280SW        \n\n\nартикул: ASLS1280SW",
        "product_other_2": "Jung механизм Электронный выключатель 1-канальный(необходима нейтраль) 1201URE        \n\n\nартикул: 1201URE",
        "product_img": "https://jung-pro.ru//assets/images/products/973/394a460ffff0082f1c2ad7077d9e2a74.jpg"
    },
    "1201URE + LS1180SW": {
        "product_title": "Автоматический выключатель 230 В~ , 40-400Вт, трехпроводное подключение, высота монтажа 1,1м 1201URE + LS1180SW",
        "product_brand": "Jung",
        "product_series": "LS 990, LS plus, LS-design",
        "product_article": "1201URE + LS1180SW",
        "product_material": "черный глянцевый",
        "product_color": "Выключатели автоматические",
        "product_type": "Jung",
        "product_kind_material": "LS 990, LS plus, LS-design",
        "product_type_surface": "1201URE + LS1180SW",
        "product_halogen_free": "черный глянцевый",
        "product_mounting_orientation": "Выключатели автоматические",
        "product_field_of_inscription": "дуропласт",
        "product_height": "глянцевый",
        "product_width": "да",
        "product_without_baffle": "в сборе с механизмом",
        "product_hinged_lid": "220-250В",
        "product_degree_of_protection": "нет",
        "product_number_of_posts": "механизм с накладкой",
        "product_other_1": "Jung LS 990 Черный накладка датчика движения Стандарт 1,1м LS1180SW        \n\n\nартикул: LS1180SW",
        "product_other_2": "Jung механизм Электронный выключатель 1-канальный(необходима нейтраль) 1201URE        \n\n\nартикул: 1201URE",
        "product_img": "https://jung-pro.ru//assets/images/products/974/217b1dc0f3df230eca79cd89a65eccb7.jpg"
    },
    "LS990ASW": {
        "product_title": "Вывод кабеля с суппортом LS990ASW",
        "product_brand": "JUNG",
        "product_series": "LS 990, LS plus, LS-design",
        "product_article": "LS990ASW",
        "product_material": "черный глянцевый",
        "product_color": "Вывод кабеля",
        "product_type": "JUNG",
        "product_kind_material": "LS 990, LS plus, LS-design",
        "product_type_surface": "LS990ASW",
        "product_halogen_free": "черный глянцевый",
        "product_mounting_orientation": "Вывод кабеля",
        "product_field_of_inscription": "дуропласт",
        "product_height": "глянцевый",
        "product_width": "да",
        "product_without_baffle": "в сборе с механизмом",
        "product_hinged_lid": "нет",
        "product_degree_of_protection": "механизм с накладкой",
        "product_number_of_posts": "встроенный монтаж",
        "product_img": "https://jung-pro.ru//assets/images/products/2009/jung-ls990asw.png"
    }
}