{
    "EPUAE8UPOK6 + CD569-1UAWW": {
        "product_title": "Розетка компьютерная одинарная RJ45 6-й кат. EPUAE8UPOK6 + CD569-1UAWW",
        "product_brand": "Jung",
        "product_series": "CD 500",
        "product_article": "EPUAE8UPOK6 + CD569-1UAWW",
        "product_material": "белый глянцевый",
        "product_color": "Розетки телеф/комп",
        "product_type": "одинарная",
        "product_kind_material": "Jung",
        "product_type_surface": "CD 500",
        "product_halogen_free": "EPUAE8UPOK6 + CD569-1UAWW",
        "product_mounting_orientation": "белый глянцевый",
        "product_field_of_inscription": "Розетки телеф/комп",
        "product_height": "дуропласт",
        "product_width": "глянцевый",
        "product_without_baffle": "да",
        "product_hinged_lid": "в сборе с механизмом",
        "product_degree_of_protection": "220-250В",
        "product_number_of_posts": "нет",
        "product_other_1": "Jung CD 500/CD plus крышка для ординарной телефонной и компютерной розетки  UAE; белая CD569-1UAWW        \n\n\nартикул: CD569-1UAWW",
        "product_other_2": "Компьютерная UAE розетка 6-й категории, 8-ми полюсная, экранированная, один терминал EPUAE8UPOK6        \n\n\nартикул: EPUAE8UPOK6",
        "product_img": "https://jung-pro.ru//assets/images/products/1264/jung-epuae8upok5brcd569-1uaww.jpeg"
    }
}