{
    "RANCDM514WW": {
        "product_title": "Радиоприемник CD 500 c рамкой, белый RANCDM514WW",
        "product_brand": "Jung",
        "product_series": "CD 500",
        "product_article": "RANCDM514WW",
        "product_material": "белый глянцевый",
        "product_color": "Радио",
        "product_type": "Jung",
        "product_kind_material": "CD 500",
        "product_type_surface": "RANCDM514WW",
        "product_halogen_free": "белый глянцевый",
        "product_mounting_orientation": "Радио",
        "product_field_of_inscription": "дуропласт",
        "product_height": "глянцевый",
        "product_width": "да",
        "product_without_baffle": "в сборе с механизмом",
        "product_hinged_lid": "220-250В",
        "product_degree_of_protection": "нет",
        "product_number_of_posts": "механизм с накладкой",
        "product_img": "https://jung-pro.ru//assets/images/products/1034/6d39f5d5d761e6b5ca6c837cca8f8c35.jpg"
    }
}