{
    "CD569TWW + USB15CAWW": {
        "product_title": "Розетка USB двойная для зарядки тип А+С, 2x700мA, винтовой зажим, белый CD569TWW + USB15CAWW",
        "product_brand": "JUNG",
        "product_series": "CD 500",
        "product_article": "CD569TWW + USB15CAWW",
        "product_material": "белый глянцевый",
        "product_color": "Розетки USB",
        "product_type": "двойная",
        "product_kind_material": "JUNG",
        "product_type_surface": "CD 500",
        "product_halogen_free": "CD569TWW + USB15CAWW",
        "product_mounting_orientation": "белый глянцевый",
        "product_field_of_inscription": "Розетки USB",
        "product_height": "дуропласт",
        "product_width": "глянцевый",
        "product_without_baffle": "да",
        "product_hinged_lid": "в сборе с механизмом",
        "product_degree_of_protection": "220-250В",
        "product_number_of_posts": "нет",
        "product_other_1": "Jung CD 500/CD plus крышка для ТАЕ розетки; белая CD569TWW        \n\n\nартикул: CD569TWW",
        "product_other_2": "Jung механизм USB-розетки тип А+С, 2 гнезда, до 1,4 А/ч USB15CAWW        \n\n\nартикул: USB15CAWW",
        "product_img": "https://jung-pro.ru//assets/images/products/3011/cd569tww.jpg"
    }
}