{
    "CD1520WW": {
        "product_title": "Розетка с заземляющими контактами 16 А / 250 В~ CD1520WW",
        "product_brand": "Jung",
        "product_series": "CD 500",
        "product_article": "CD1520WW",
        "product_material": "белый глянцевый",
        "product_color": "Розетки электрические",
        "product_type": "одинарная",
        "product_kind_material": "Jung",
        "product_type_surface": "CD 500",
        "product_halogen_free": "CD1520WW",
        "product_mounting_orientation": "белый глянцевый",
        "product_field_of_inscription": "Розетки электрические",
        "product_height": "дуропласт",
        "product_width": "глянцевый",
        "product_without_baffle": "да",
        "product_hinged_lid": "в сборе с механизмом",
        "product_degree_of_protection": "нет",
        "product_number_of_posts": "220-250В",
        "product_img": "https://jung-pro.ru//assets/images/products/1341/jung-cd520ww.jpeg"
    }
}