{
    "CD1520BFKLWW": {
        "product_title": "Розетка с заземляющими контактами 16 А / 250 В~, с откидной крышкой CD1520BFKLWW",
        "product_brand": "JUNG",
        "product_series": "CD 500",
        "product_article": "CD1520BFKLWW",
        "product_material": "белый глянцевый",
        "product_color": "Розетки электрические",
        "product_type": "одинарная",
        "product_kind_material": "JUNG",
        "product_type_surface": "CD 500",
        "product_halogen_free": "CD1520BFKLWW",
        "product_mounting_orientation": "белый глянцевый",
        "product_field_of_inscription": "Розетки электрические",
        "product_height": "дуропласт",
        "product_width": "глянцевый",
        "product_without_baffle": "да",
        "product_hinged_lid": "в сборе с механизмом",
        "product_degree_of_protection": "нет",
        "product_number_of_posts": "220-250В",
        "product_img": "https://jung-pro.ru//assets/images/products/1340/jung-cd520wuww.jpeg"
    }
}