{
    "CD585WW": {
        "product_title": "Рамка пятерная, горизонтальная/вертикальная Jung CD 500, белый CD585WW",
        "product_brand": "Jung",
        "product_series": "CD 500",
        "product_article": "CD585WW",
        "product_material": "белый глянцевый",
        "product_color": "Рамки",
        "product_type": "Jung",
        "product_kind_material": "CD 500",
        "product_type_surface": "CD585WW",
        "product_halogen_free": "белый глянцевый",
        "product_mounting_orientation": "Рамки",
        "product_field_of_inscription": "дуропласт",
        "product_height": "глянцевый",
        "product_width": "да",
        "product_without_baffle": "горизонтальная,вертикальная",
        "product_hinged_lid": "нет",
        "product_degree_of_protection": "81",
        "product_number_of_posts": "365",
        "product_img": "https://jung-pro.ru//assets/images/products/711/jung-cd585ww.jpeg"
    }
}