{
    "506u + 90 + CD590KO5WW": {
        "product_title": "Выключатель одноклавишный с подсветкой, универс. (вкл/выкл с 2-х мест) 10 А / 250 В~ 506u + 90 + CD590KO5WW",
        "product_brand": "Jung",
        "product_series": "CD 500",
        "product_article": "506u + 90 + CD590KO5WW",
        "product_material": "белый глянцевый",
        "product_color": "Выключатели",
        "product_type": "Jung",
        "product_kind_material": "CD 500",
        "product_type_surface": "506u + 90 + CD590KO5WW",
        "product_halogen_free": "белый глянцевый",
        "product_mounting_orientation": "Выключатели",
        "product_field_of_inscription": "дуропласт",
        "product_height": "глянцевый",
        "product_width": "да",
        "product_without_baffle": "в сборе с механизмом",
        "product_hinged_lid": "нет",
        "product_degree_of_protection": "220-250В",
        "product_number_of_posts": "нет",
        "product_other_1": "Jung Мех Лампа неоновая для 1-клавишных механизмов 230V, 1,1mA 90        \n\n\nартикул: 90",
        "product_other_2": "Jung CD 500/CD plus клавиша с окошком для выключателя с подсветкой; белая CD590KO5WW        \n\n\nартикул: CD590KO5WW",
        "product_other_3": "Выключатель 10AX 250V универсальный 506U        \n\n\nартикул: 506U",
        "product_img": "https://jung-pro.ru//assets/images/products/935/jung-506ubr90brcd590ko5ww.jpeg"
    }
}