{
    "509u + CD595WW": {
        "product_title": "Выключатель двухклавишный, проходной (вкл/выкл с 2-х мест) 10 А / 250 В~ 509u + CD595WW",
        "product_brand": "Jung",
        "product_series": "CD 500",
        "product_article": "509u + CD595WW",
        "product_material": "белый глянцевый",
        "product_color": "Выключатели",
        "product_type": "Jung",
        "product_kind_material": "CD 500",
        "product_type_surface": "509u + CD595WW",
        "product_halogen_free": "белый глянцевый",
        "product_mounting_orientation": "Выключатели",
        "product_field_of_inscription": "дуропласт",
        "product_height": "глянцевый",
        "product_width": "да",
        "product_without_baffle": "в сборе с механизмом",
        "product_hinged_lid": "нет",
        "product_degree_of_protection": "220-250В",
        "product_number_of_posts": "нет",
        "product_other_1": "Jung CD 500/CD plus Клавиши для сдвоенных выключателей и кнопок; белые CD595WW        \n\n\nартикул: CD595WW",
        "product_other_2": "Jung Выключатель 10AХ 250V универсальный сдвоенный 509U        \n\n\nартикул: 509U",
        "product_img": "https://jung-pro.ru//assets/images/products/959/jung-509ubrcd595ww.jpeg"
    }
}