{
    "1201URE + CD1180WW": {
        "product_title": "Автоматический выключатель 230 В~ , 40-400Вт, трехпроводное подключение, высота монтажа 1,1м 1201URE + CD1180WW",
        "product_brand": "Jung",
        "product_series": "CD 500",
        "product_article": "1201URE + CD1180WW",
        "product_material": "белый глянцевый",
        "product_color": "Выключатели автоматические",
        "product_type": "Jung",
        "product_kind_material": "CD 500",
        "product_type_surface": "1201URE + CD1180WW",
        "product_halogen_free": "белый глянцевый",
        "product_mounting_orientation": "Выключатели автоматические",
        "product_field_of_inscription": "дуропласт",
        "product_height": "глянцевый",
        "product_width": "да",
        "product_without_baffle": "в сборе с механизмом",
        "product_hinged_lid": "220-250В",
        "product_degree_of_protection": "нет",
        "product_number_of_posts": "механизм с накладкой",
        "product_other_1": "Jung CD 500/CD plus  датчик движения ″Стандарт″ с линзой для установки на высоте 1,1 м; белый CD1180WW        \n\n\nартикул: CD1180WW",
        "product_other_2": "Jung механизм Электронный выключатель 1-канальный(необходима нейтраль) 1201URE        \n\n\nартикул: 1201URE",
        "product_img": "https://jung-pro.ru//assets/images/products/999/jung-1201urebrcd1180ww.jpeg"
    }
}