{
    "505u5 + CD595KO5WW": {
        "product_title": "Выключатель двухклавишный с подсветкой, 10 А / 250 В~ 505u5 + CD595KO5WW",
        "product_brand": "Jung",
        "product_series": "CD 500",
        "product_article": "505u5 + CD595KO5WW",
        "product_material": "белый глянцевый",
        "product_color": "Выключатели",
        "product_type": "Jung",
        "product_kind_material": "CD 500",
        "product_type_surface": "505u5 + CD595KO5WW",
        "product_halogen_free": "белый глянцевый",
        "product_mounting_orientation": "Выключатели",
        "product_field_of_inscription": "дуропласт",
        "product_height": "глянцевый",
        "product_width": "да",
        "product_without_baffle": "в сборе с механизмом",
        "product_hinged_lid": "нет",
        "product_degree_of_protection": "220-250В",
        "product_number_of_posts": "нет",
        "product_other_1": "Jung CD 500/CD plus клавиши для сдвоенных выключателей с подсветкой; белые CD595KO5WW        \n\n\nартикул: CD595KO5WW",
        "product_other_2": "Jung Выключатель 10AX 250V сдвоенный с двумя лампочками 505U5        \n\n\nартикул: 505U5",
        "product_img": "https://jung-pro.ru//assets/images/products/927/jung-505u5brcd595ko5ww.jpeg"
    }
}