{
    "501u + CD590WW": {
        "product_title": "Выключатель одноклавишный, 10 А / 250 В~ 501u + CD590WW",
        "product_brand": "Jung",
        "product_series": "CD 500",
        "product_article": "501u + CD590WW",
        "product_material": "белый глянцевый",
        "product_color": "Выключатели",
        "product_type": "Jung",
        "product_kind_material": "CD 500",
        "product_type_surface": "501u + CD590WW",
        "product_halogen_free": "белый глянцевый",
        "product_mounting_orientation": "Выключатели",
        "product_field_of_inscription": "дуропласт",
        "product_height": "глянцевый",
        "product_width": "да",
        "product_without_baffle": "в сборе с механизмом",
        "product_hinged_lid": "нет",
        "product_degree_of_protection": "220-250В",
        "product_number_of_posts": "нет",
        "product_other_1": "Jung CD 500/CD plus клавиша для выключателя и кнопки; белая CD590WW        \n\n\nартикул: CD590WW",
        "product_other_2": "Jung Механизм Выключатель 1-клавишный 10AX 250V 501U        \n\n\nартикул: 501U",
        "product_img": "https://jung-pro.ru//assets/images/products/911/jung-501ubrcd590ww.jpeg"
    }
}