{
    "S4100 + CD561SATWW": {
        "product_title": "Розетка телевизионная оконечная TV SAT FM, диапазон частот от 4 до 2400 MГц S4100 + CD561SATWW",
        "product_brand": "Jung",
        "product_series": "CD 500",
        "product_article": "S4100 + CD561SATWW",
        "product_material": "белый глянцевый",
        "product_color": "Розетки TV",
        "product_type": "Jung",
        "product_kind_material": "CD 500",
        "product_type_surface": "S4100 + CD561SATWW",
        "product_halogen_free": "белый глянцевый",
        "product_mounting_orientation": "Розетки TV",
        "product_field_of_inscription": "дуропласт",
        "product_height": "глянцевый",
        "product_width": "да",
        "product_without_baffle": "в сборе с механизмом",
        "product_hinged_lid": "220-250В",
        "product_degree_of_protection": "нет",
        "product_number_of_posts": "механизм с накладкой",
        "product_other_1": "Jung CD 500/CD plus крышка для SAT-TV-розетки; белая CD561SATWW        \n\n\nартикул: CD561SATWW",
        "product_other_2": "Розетка универсальная для систем приема спутникового, эфирного и кабельного вещания, оконечная S4100        \n\n\nартикул: S4100",
        "product_img": "https://jung-pro.ru//assets/images/products/1126/jung-s4100brcd561satww.jpeg"
    }
}