{
    "CDFTR231PLWW + FTR231U": {
        "product_title": "Регулятор теплого пола Jung 230В/10А с выносным датчиком CDFTR231PLWW + FTR231U",
        "product_brand": "Jung",
        "product_series": "CD 500",
        "product_article": "CDFTR231PLWW + FTR231U",
        "product_material": "белый глянцевый",
        "product_color": "Терморегуляторы теплого пола",
        "product_type": "Jung",
        "product_kind_material": "CD 500",
        "product_type_surface": "CDFTR231PLWW + FTR231U",
        "product_halogen_free": "белый глянцевый",
        "product_mounting_orientation": "Терморегуляторы теплого пола",
        "product_field_of_inscription": "нет",
        "product_height": "дуропласт",
        "product_width": "глянцевый",
        "product_without_baffle": "да",
        "product_hinged_lid": "в сборе с механизмом",
        "product_degree_of_protection": "220-250В",
        "product_number_of_posts": "нет",
        "product_other_1": "Jung CD 500/CD plus крышка для регулятора подогрева пола  белая CDFTR231PLWW        \n\n\nартикул: CDFTR231PLWW",
        "product_other_2": "Механизм терморегулятора пола JUNG с датчиком пола 4 м        \n\n\nартикул: FTR231U",
        "product_img": "https://jung-pro.ru//assets/images/products/1455/jung-cdftr231plwwbrfre-525-22.jpeg"
    }
}