{
    "CD594-0WW": {
        "product_title": "Заглушка с опорной пластиной CD594-0WW",
        "product_brand": "Jung",
        "product_series": "CD 500",
        "product_article": "CD594-0WW",
        "product_material": "белый глянцевый",
        "product_color": "Заглушки",
        "product_type": "Jung",
        "product_kind_material": "CD 500",
        "product_type_surface": "CD594-0WW",
        "product_halogen_free": "белый глянцевый",
        "product_mounting_orientation": "Заглушки",
        "product_field_of_inscription": "дуропласт",
        "product_height": "глянцевый",
        "product_width": "да",
        "product_without_baffle": "в сборе с механизмом",
        "product_hinged_lid": "нет",
        "product_degree_of_protection": "механизм с накладкой",
        "product_number_of_posts": "встроенный монтаж",
        "product_img": "https://jung-pro.ru//assets/images/products/1027/jung-cd594-0ww.png"
    }
}