{
    "SLA2WW + CD569TWW": {
        "product_title": "Розетка для стерео-громкоговорителя SLA2WW + CD569TWW",
        "product_brand": "Jung",
        "product_series": "CD 500",
        "product_article": "SLA2WW + CD569TWW",
        "product_material": "белый глянцевый",
        "product_color": "Розетки акустические",
        "product_type": "двойная",
        "product_kind_material": "Jung",
        "product_type_surface": "CD 500",
        "product_halogen_free": "SLA2WW + CD569TWW",
        "product_mounting_orientation": "белый глянцевый",
        "product_field_of_inscription": "Розетки акустические",
        "product_height": "дуропласт",
        "product_width": "глянцевый",
        "product_without_baffle": "да",
        "product_hinged_lid": "в сборе с механизмом",
        "product_degree_of_protection": "220-250В",
        "product_number_of_posts": "нет",
        "product_other_1": "Jung CD 500/CD plus крышка для ТАЕ розетки; белая CD569TWW        \n\n\nартикул: CD569TWW",
        "product_other_2": "Jung Мех Аудиорозетка (стерео) белый SLA2WW        \n\n\nартикул: SLA2WW",
        "product_img": "https://jung-pro.ru//assets/images/products/1155/jung-sla2wwbrcd569tww.jpeg"
    }
}