{
    "CD581WW": {
        "product_title": "Рамка одинарная Jung CD 500, белый CD581WW",
        "product_brand": "Jung",
        "product_series": "CD 500",
        "product_article": "CD581WW",
        "product_material": "белый глянцевый",
        "product_color": "Рамки",
        "product_type": "Jung",
        "product_kind_material": "CD 500",
        "product_type_surface": "CD581WW",
        "product_halogen_free": "белый глянцевый",
        "product_mounting_orientation": "Рамки",
        "product_field_of_inscription": "дуропласт",
        "product_height": "глянцевый",
        "product_width": "да",
        "product_without_baffle": "горизонтальная,вертикальная",
        "product_hinged_lid": "нет",
        "product_degree_of_protection": "81",
        "product_number_of_posts": "81",
        "product_img": "https://jung-pro.ru//assets/images/products/707/jung-cd581ww.jpeg"
    },
    "CD582WW": {
        "product_title": "Рамка двойная, горизонтальная/вертикальная Jung CD 500, белый CD582WW",
        "product_brand": "Jung",
        "product_series": "CD 500",
        "product_article": "CD582WW",
        "product_material": "белый глянцевый",
        "product_color": "Рамки",
        "product_type": "Jung",
        "product_kind_material": "CD 500",
        "product_type_surface": "CD582WW",
        "product_halogen_free": "белый глянцевый",
        "product_mounting_orientation": "Рамки",
        "product_field_of_inscription": "дуропласт",
        "product_height": "глянцевый",
        "product_width": "да",
        "product_without_baffle": "горизонтальная,вертикальная",
        "product_hinged_lid": "нет",
        "product_degree_of_protection": "81",
        "product_number_of_posts": "152",
        "product_img": "https://jung-pro.ru//assets/images/products/708/jung-cd582ww.jpeg"
    },
    "CD583WW": {
        "product_title": "Рамка тройная, горизонтальная/вертикальная Jung CD 500, белый CD583WW",
        "product_brand": "Jung",
        "product_series": "CD 500",
        "product_article": "CD583WW",
        "product_material": "белый глянцевый",
        "product_color": "Рамки",
        "product_type": "Jung",
        "product_kind_material": "CD 500",
        "product_type_surface": "CD583WW",
        "product_halogen_free": "белый глянцевый",
        "product_mounting_orientation": "Рамки",
        "product_field_of_inscription": "дуропласт",
        "product_height": "глянцевый",
        "product_width": "да",
        "product_without_baffle": "горизонтальная,вертикальная",
        "product_hinged_lid": "нет",
        "product_degree_of_protection": "81",
        "product_number_of_posts": "223",
        "product_img": "https://jung-pro.ru//assets/images/products/709/jung-cd583ww.jpeg"
    },
    "CD584WW": {
        "product_title": "Рамка четверная, горизонтальная/вертикальная Jung CD 500, белый CD584WW",
        "product_brand": "Jung",
        "product_series": "CD 500",
        "product_article": "CD584WW",
        "product_material": "белый глянцевый",
        "product_color": "Рамки",
        "product_type": "Jung",
        "product_kind_material": "CD 500",
        "product_type_surface": "CD584WW",
        "product_halogen_free": "белый глянцевый",
        "product_mounting_orientation": "Рамки",
        "product_field_of_inscription": "дуропласт",
        "product_height": "глянцевый",
        "product_width": "да",
        "product_without_baffle": "горизонтальная,вертикальная",
        "product_hinged_lid": "нет",
        "product_degree_of_protection": "81",
        "product_number_of_posts": "294",
        "product_img": "https://jung-pro.ru//assets/images/products/710/jung-cd584ww.jpeg"
    },
    "CD585WW": {
        "product_title": "Рамка пятерная, горизонтальная/вертикальная Jung CD 500, белый CD585WW",
        "product_brand": "Jung",
        "product_series": "CD 500",
        "product_article": "CD585WW",
        "product_material": "белый глянцевый",
        "product_color": "Рамки",
        "product_type": "Jung",
        "product_kind_material": "CD 500",
        "product_type_surface": "CD585WW",
        "product_halogen_free": "белый глянцевый",
        "product_mounting_orientation": "Рамки",
        "product_field_of_inscription": "дуропласт",
        "product_height": "глянцевый",
        "product_width": "да",
        "product_without_baffle": "горизонтальная,вертикальная",
        "product_hinged_lid": "нет",
        "product_degree_of_protection": "81",
        "product_number_of_posts": "365",
        "product_img": "https://jung-pro.ru//assets/images/products/711/jung-cd585ww.jpeg"
    },
    "501u + CD590WW": {
        "product_title": "Выключатель одноклавишный, 10 А / 250 В~ 501u + CD590WW",
        "product_brand": "Jung",
        "product_series": "CD 500",
        "product_article": "501u + CD590WW",
        "product_material": "белый глянцевый",
        "product_color": "Выключатели",
        "product_type": "Jung",
        "product_kind_material": "CD 500",
        "product_type_surface": "501u + CD590WW",
        "product_halogen_free": "белый глянцевый",
        "product_mounting_orientation": "Выключатели",
        "product_field_of_inscription": "дуропласт",
        "product_height": "глянцевый",
        "product_width": "да",
        "product_without_baffle": "в сборе с механизмом",
        "product_hinged_lid": "нет",
        "product_degree_of_protection": "220-250В",
        "product_number_of_posts": "нет",
        "product_other_1": "Jung CD 500/CD plus клавиша для выключателя и кнопки; белая CD590WW        \n\n\nартикул: CD590WW",
        "product_other_2": "Jung Механизм Выключатель 1-клавишный 10AX 250V 501U        \n\n\nартикул: 501U",
        "product_img": "https://jung-pro.ru//assets/images/products/911/jung-501ubrcd590ww.jpeg"
    },
    "506u + CD590WW": {
        "product_title": "Выключатель одноклавишный, универс. (вкл/выкл с 2-х мест) 10 А / 250 В~ 506u + CD590WW",
        "product_brand": "Jung",
        "product_series": "CD 500",
        "product_article": "506u + CD590WW",
        "product_material": "белый глянцевый",
        "product_color": "Выключатели",
        "product_type": "Jung",
        "product_kind_material": "CD 500",
        "product_type_surface": "506u + CD590WW",
        "product_halogen_free": "белый глянцевый",
        "product_mounting_orientation": "Выключатели",
        "product_field_of_inscription": "дуропласт",
        "product_height": "глянцевый",
        "product_width": "да",
        "product_without_baffle": "в сборе с механизмом",
        "product_hinged_lid": "нет",
        "product_degree_of_protection": "220-250В",
        "product_number_of_posts": "нет",
        "product_other_1": "Jung CD 500/CD plus клавиша для выключателя и кнопки; белая CD590WW        \n\n\nартикул: CD590WW",
        "product_other_2": "Выключатель 10AX 250V универсальный 506U        \n\n\nартикул: 506U",
        "product_img": "https://jung-pro.ru//assets/images/products/943/jung-506ubrcd590ww.jpeg"
    },
    "506u + 90 + CD590KO5WW": {
        "product_title": "Выключатель одноклавишный с подсветкой, универс. (вкл/выкл с 2-х мест) 10 А / 250 В~ 506u + 90 + CD590KO5WW",
        "product_brand": "Jung",
        "product_series": "CD 500",
        "product_article": "506u + 90 + CD590KO5WW",
        "product_material": "белый глянцевый",
        "product_color": "Выключатели",
        "product_type": "Jung",
        "product_kind_material": "CD 500",
        "product_type_surface": "506u + 90 + CD590KO5WW",
        "product_halogen_free": "белый глянцевый",
        "product_mounting_orientation": "Выключатели",
        "product_field_of_inscription": "дуропласт",
        "product_height": "глянцевый",
        "product_width": "да",
        "product_without_baffle": "в сборе с механизмом",
        "product_hinged_lid": "нет",
        "product_degree_of_protection": "220-250В",
        "product_number_of_posts": "нет",
        "product_other_1": "Jung Мех Лампа неоновая для 1-клавишных механизмов 230V, 1,1mA 90        \n\n\nартикул: 90",
        "product_other_2": "Jung CD 500/CD plus клавиша с окошком для выключателя с подсветкой; белая CD590KO5WW        \n\n\nартикул: CD590KO5WW",
        "product_other_3": "Выключатель 10AX 250V универсальный 506U        \n\n\nартикул: 506U",
        "product_img": "https://jung-pro.ru//assets/images/products/935/jung-506ubr90brcd590ko5ww.jpeg"
    },
    "507u + CD590WW": {
        "product_title": "Выключатель одноклавишный перекрестный (вкл/выкл с 3-х мест) 10 А / 250 В~ 507u + CD590WW",
        "product_brand": "Jung",
        "product_series": "CD 500",
        "product_article": "507u + CD590WW",
        "product_material": "белый глянцевый",
        "product_color": "Выключатели",
        "product_type": "Jung",
        "product_kind_material": "CD 500",
        "product_type_surface": "507u + CD590WW",
        "product_halogen_free": "белый глянцевый",
        "product_mounting_orientation": "Выключатели",
        "product_field_of_inscription": "дуропласт",
        "product_height": "глянцевый",
        "product_width": "да",
        "product_without_baffle": "в сборе с механизмом",
        "product_hinged_lid": "нет",
        "product_degree_of_protection": "220-250В",
        "product_number_of_posts": "нет",
        "product_other_1": "Jung CD 500/CD plus клавиша для выключателя и кнопки; белая CD590WW        \n\n\nартикул: CD590WW",
        "product_other_2": "Jung Мех Переключатель 1-клавишный перекрестный 507U        \n\n\nартикул: 507U",
        "product_img": "https://jung-pro.ru//assets/images/products/951/jung-507ubrcd590ww.jpeg"
    },
    "509u + CD595WW": {
        "product_title": "Выключатель двухклавишный, проходной (вкл/выкл с 2-х мест) 10 А / 250 В~ 509u + CD595WW",
        "product_brand": "Jung",
        "product_series": "CD 500",
        "product_article": "509u + CD595WW",
        "product_material": "белый глянцевый",
        "product_color": "Выключатели",
        "product_type": "Jung",
        "product_kind_material": "CD 500",
        "product_type_surface": "509u + CD595WW",
        "product_halogen_free": "белый глянцевый",
        "product_mounting_orientation": "Выключатели",
        "product_field_of_inscription": "дуропласт",
        "product_height": "глянцевый",
        "product_width": "да",
        "product_without_baffle": "в сборе с механизмом",
        "product_hinged_lid": "нет",
        "product_degree_of_protection": "220-250В",
        "product_number_of_posts": "нет",
        "product_other_1": "Jung CD 500/CD plus Клавиши для сдвоенных выключателей и кнопок; белые CD595WW        \n\n\nартикул: CD595WW",
        "product_other_2": "Jung Выключатель 10AХ 250V универсальный сдвоенный 509U        \n\n\nартикул: 509U",
        "product_img": "https://jung-pro.ru//assets/images/products/959/jung-509ubrcd595ww.jpeg"
    },
    "505u5 + CD595KO5WW": {
        "product_title": "Выключатель двухклавишный с подсветкой, 10 А / 250 В~ 505u5 + CD595KO5WW",
        "product_brand": "Jung",
        "product_series": "CD 500",
        "product_article": "505u5 + CD595KO5WW",
        "product_material": "белый глянцевый",
        "product_color": "Выключатели",
        "product_type": "Jung",
        "product_kind_material": "CD 500",
        "product_type_surface": "505u5 + CD595KO5WW",
        "product_halogen_free": "белый глянцевый",
        "product_mounting_orientation": "Выключатели",
        "product_field_of_inscription": "дуропласт",
        "product_height": "глянцевый",
        "product_width": "да",
        "product_without_baffle": "в сборе с механизмом",
        "product_hinged_lid": "нет",
        "product_degree_of_protection": "220-250В",
        "product_number_of_posts": "нет",
        "product_other_1": "Jung CD 500/CD plus клавиши для сдвоенных выключателей с подсветкой; белые CD595KO5WW        \n\n\nартикул: CD595KO5WW",
        "product_other_2": "Jung Выключатель 10AX 250V сдвоенный с двумя лампочками 505U5        \n\n\nартикул: 505U5",
        "product_img": "https://jung-pro.ru//assets/images/products/927/jung-505u5brcd595ko5ww.jpeg"
    },
    "CD1520WW": {
        "product_title": "Розетка с заземляющими контактами 16 А / 250 В~ CD1520WW",
        "product_brand": "Jung",
        "product_series": "CD 500",
        "product_article": "CD1520WW",
        "product_material": "белый глянцевый",
        "product_color": "Розетки электрические",
        "product_type": "одинарная",
        "product_kind_material": "Jung",
        "product_type_surface": "CD 500",
        "product_halogen_free": "CD1520WW",
        "product_mounting_orientation": "белый глянцевый",
        "product_field_of_inscription": "Розетки электрические",
        "product_height": "дуропласт",
        "product_width": "глянцевый",
        "product_without_baffle": "да",
        "product_hinged_lid": "в сборе с механизмом",
        "product_degree_of_protection": "нет",
        "product_number_of_posts": "220-250В",
        "product_img": "https://jung-pro.ru//assets/images/products/1341/jung-cd520ww.jpeg"
    },
    "CD1520BFKLWW": {
        "product_title": "Розетка с заземляющими контактами 16 А / 250 В~, с откидной крышкой CD1520BFKLWW",
        "product_brand": "JUNG",
        "product_series": "CD 500",
        "product_article": "CD1520BFKLWW",
        "product_material": "белый глянцевый",
        "product_color": "Розетки электрические",
        "product_type": "одинарная",
        "product_kind_material": "JUNG",
        "product_type_surface": "CD 500",
        "product_halogen_free": "CD1520BFKLWW",
        "product_mounting_orientation": "белый глянцевый",
        "product_field_of_inscription": "Розетки электрические",
        "product_height": "дуропласт",
        "product_width": "глянцевый",
        "product_without_baffle": "да",
        "product_hinged_lid": "в сборе с механизмом",
        "product_degree_of_protection": "нет",
        "product_number_of_posts": "220-250В",
        "product_img": "https://jung-pro.ru//assets/images/products/1340/jung-cd520wuww.jpeg"
    },
    "551WU + CD1520BFKLWW": {
        "product_title": "Розетка с заземляющими контактами 16 А / 250 В~, с откидной крышкой и уплотнительной мембраной IP44 551WU + CD1520BFKLWW",
        "product_brand": "Jung",
        "product_series": "CD 500",
        "product_article": "551WU + CD1520BFKLWW",
        "product_material": "белый глянцевый",
        "product_color": "Розетки электрические",
        "product_type": "одинарная",
        "product_kind_material": "Jung",
        "product_type_surface": "CD 500",
        "product_halogen_free": "551WU + CD1520BFKLWW",
        "product_mounting_orientation": "белый глянцевый",
        "product_field_of_inscription": "Розетки электрические",
        "product_height": "дуропласт",
        "product_width": "глянцевый",
        "product_without_baffle": "да",
        "product_hinged_lid": "в сборе с механизмом",
        "product_degree_of_protection": "нет",
        "product_number_of_posts": "220-250В",
        "product_other_1": "Уплотнительная мембрана для влагозащиты 551WU        \n\n\nартикул: 551WU",
        "product_other_2": "Розетка с заземляющими контактами 16 А / 250 В~, с откидной крышкой CD1520BFKLWW        \n\n\nартикул: CD1520BFKLWW                            материал: пластик                            цвет: белый глянцевый",
        "product_img": "https://jung-pro.ru//assets/images/products/1350/jung-551wubrcd520wuww.jpeg"
    },
    "CD569TWW + USB15CAWW": {
        "product_title": "Розетка USB двойная для зарядки тип А+С, 2x700мA, винтовой зажим, белый CD569TWW + USB15CAWW",
        "product_brand": "JUNG",
        "product_series": "CD 500",
        "product_article": "CD569TWW + USB15CAWW",
        "product_material": "белый глянцевый",
        "product_color": "Розетки USB",
        "product_type": "двойная",
        "product_kind_material": "JUNG",
        "product_type_surface": "CD 500",
        "product_halogen_free": "CD569TWW + USB15CAWW",
        "product_mounting_orientation": "белый глянцевый",
        "product_field_of_inscription": "Розетки USB",
        "product_height": "дуропласт",
        "product_width": "глянцевый",
        "product_without_baffle": "да",
        "product_hinged_lid": "в сборе с механизмом",
        "product_degree_of_protection": "220-250В",
        "product_number_of_posts": "нет",
        "product_other_1": "Jung CD 500/CD plus крышка для ТАЕ розетки; белая CD569TWW        \n\n\nартикул: CD569TWW",
        "product_other_2": "Jung механизм USB-розетки тип А+С, 2 гнезда, до 1,4 А/ч USB15CAWW        \n\n\nартикул: USB15CAWW",
        "product_img": "https://jung-pro.ru//assets/images/products/3011/cd569tww.jpg"
    },
    "S2900 + CD561SATWW": {
        "product_title": "Розетка телевизионная оконечная TV FM, диапазон частот от 4 до 2400 MГц S2900 + CD561SATWW",
        "product_brand": "Jung",
        "product_series": "CD 500",
        "product_article": "S2900 + CD561SATWW",
        "product_material": "белый глянцевый",
        "product_color": "Розетки TV",
        "product_type": "Jung",
        "product_kind_material": "CD 500",
        "product_type_surface": "S2900 + CD561SATWW",
        "product_halogen_free": "белый глянцевый",
        "product_mounting_orientation": "Розетки TV",
        "product_field_of_inscription": "дуропласт",
        "product_height": "глянцевый",
        "product_width": "да",
        "product_without_baffle": "в сборе с механизмом",
        "product_hinged_lid": "220-250В",
        "product_degree_of_protection": "нет",
        "product_number_of_posts": "механизм с накладкой",
        "product_other_1": "Jung CD 500/CD plus крышка для SAT-TV-розетки; белая CD561SATWW        \n\n\nартикул: CD561SATWW",
        "product_other_2": "TV-FM оконечная розетка S2900        \n\n\nартикул: S2900",
        "product_img": "https://jung-pro.ru//assets/images/products/1110/jung-s2900brcd561satww.jpeg"
    },
    "S2900-10 + CD561SATWW": {
        "product_title": "Розетка телевизионная проходная TV FM, диапазон частот от 4 до 2400 MГц S2900-10 + CD561SATWW",
        "product_brand": "Jung",
        "product_series": "CD 500",
        "product_article": "S2900-10 + CD561SATWW",
        "product_material": "белый глянцевый",
        "product_color": "Розетки TV",
        "product_type": "Jung",
        "product_kind_material": "CD 500",
        "product_type_surface": "S2900-10 + CD561SATWW",
        "product_halogen_free": "белый глянцевый",
        "product_mounting_orientation": "Розетки TV",
        "product_field_of_inscription": "дуропласт",
        "product_height": "глянцевый",
        "product_width": "да",
        "product_without_baffle": "в сборе с механизмом",
        "product_hinged_lid": "220-250В",
        "product_degree_of_protection": "нет",
        "product_number_of_posts": "механизм с накладкой",
        "product_other_1": "Jung CD 500/CD plus крышка для SAT-TV-розетки; белая CD561SATWW        \n\n\nартикул: CD561SATWW",
        "product_other_2": "TV-FM оконечная розетка, проходная S2900-10        \n\n\nартикул: S2900-10",
        "product_img": "https://jung-pro.ru//assets/images/products/1118/jung-s2900-10brcd561satww.jpeg"
    },
    "S4100 + CD561SATWW": {
        "product_title": "Розетка телевизионная оконечная TV SAT FM, диапазон частот от 4 до 2400 MГц S4100 + CD561SATWW",
        "product_brand": "Jung",
        "product_series": "CD 500",
        "product_article": "S4100 + CD561SATWW",
        "product_material": "белый глянцевый",
        "product_color": "Розетки TV",
        "product_type": "Jung",
        "product_kind_material": "CD 500",
        "product_type_surface": "S4100 + CD561SATWW",
        "product_halogen_free": "белый глянцевый",
        "product_mounting_orientation": "Розетки TV",
        "product_field_of_inscription": "дуропласт",
        "product_height": "глянцевый",
        "product_width": "да",
        "product_without_baffle": "в сборе с механизмом",
        "product_hinged_lid": "220-250В",
        "product_degree_of_protection": "нет",
        "product_number_of_posts": "механизм с накладкой",
        "product_other_1": "Jung CD 500/CD plus крышка для SAT-TV-розетки; белая CD561SATWW        \n\n\nартикул: CD561SATWW",
        "product_other_2": "Розетка универсальная для систем приема спутникового, эфирного и кабельного вещания, оконечная S4100        \n\n\nартикул: S4100",
        "product_img": "https://jung-pro.ru//assets/images/products/1126/jung-s4100brcd561satww.jpeg"
    },
    "S4110 + CD561SATWW": {
        "product_title": "Розетка телевизионная проходная TV SAT FM, диапазон частот от 4 до 2400 MГц S4110 + CD561SATWW",
        "product_brand": "JUNG",
        "product_series": "CD 500",
        "product_article": "S4110 + CD561SATWW",
        "product_material": "белый глянцевый",
        "product_color": "Розетки TV",
        "product_type": "JUNG",
        "product_kind_material": "CD 500",
        "product_type_surface": "S4110 + CD561SATWW",
        "product_halogen_free": "белый глянцевый",
        "product_mounting_orientation": "Розетки TV",
        "product_field_of_inscription": "дуропласт",
        "product_height": "глянцевый",
        "product_width": "да",
        "product_without_baffle": "в сборе с механизмом",
        "product_hinged_lid": "220-250В",
        "product_degree_of_protection": "нет",
        "product_number_of_posts": "механизм с накладкой",
        "product_other_1": "Jung CD 500/CD plus крышка для SAT-TV-розетки; белая CD561SATWW        \n\n\nартикул: CD561SATWW",
        "product_other_2": "Jung Мех Розетка TV-FM-SAT проходная S4110        \n\n\nартикул: S4110",
        "product_img": "https://jung-pro.ru//assets/images/products/1997/cd561satww.jpg"
    },
    "EPUAE8UPO + CD569-1UAWW": {
        "product_title": "Розетка телефонная одинарная RJ11 EPUAE8UPO + CD569-1UAWW",
        "product_brand": "Jung",
        "product_series": "CD 500",
        "product_article": "EPUAE8UPO + CD569-1UAWW",
        "product_material": "белый глянцевый",
        "product_color": "Розетки телеф/комп",
        "product_type": "одинарная",
        "product_kind_material": "Jung",
        "product_type_surface": "CD 500",
        "product_halogen_free": "EPUAE8UPO + CD569-1UAWW",
        "product_mounting_orientation": "белый глянцевый",
        "product_field_of_inscription": "Розетки телеф/комп",
        "product_height": "дуропласт",
        "product_width": "глянцевый",
        "product_without_baffle": "да",
        "product_hinged_lid": "в сборе с механизмом",
        "product_degree_of_protection": "220-250В",
        "product_number_of_posts": "нет",
        "product_other_1": "Jung CD 500/CD plus крышка для ординарной телефонной и компютерной розетки  UAE; белая CD569-1UAWW        \n\n\nартикул: CD569-1UAWW",
        "product_other_2": "Jung Телефонная UAE розетка, 8-ми полюсная; один терминал EPUAE8UPO        \n\n\nартикул: EPUAE8UPO",
        "product_img": "https://jung-pro.ru//assets/images/products/1256/jung-epuae8upobrcd569-1uaww.jpeg"
    },
    "EPUAE8-8UPO + CD569-2UAWW": {
        "product_title": "Розетка телефонная двойная RJ11 EPUAE8-8UPO + CD569-2UAWW",
        "product_brand": "Jung",
        "product_series": "CD 500",
        "product_article": "EPUAE8-8UPO + CD569-2UAWW",
        "product_material": "белый глянцевый",
        "product_color": "Розетки телеф/комп",
        "product_type": "двойная",
        "product_kind_material": "Jung",
        "product_type_surface": "CD 500",
        "product_halogen_free": "EPUAE8-8UPO + CD569-2UAWW",
        "product_mounting_orientation": "белый глянцевый",
        "product_field_of_inscription": "Розетки телеф/комп",
        "product_height": "дуропласт",
        "product_width": "глянцевый",
        "product_without_baffle": "да",
        "product_hinged_lid": "в сборе с механизмом",
        "product_degree_of_protection": "220-250В",
        "product_number_of_posts": "нет",
        "product_other_1": "Jung CD 500/CD plus крышка для сдвоенной телефонной и компьютерной розетки UAE; белая CD569-2UAWW        \n\n\nартикул: CD569-2UAWW",
        "product_other_2": "Jung телефонная UAE розетка, 8-ми полюсная; два терминала EPUAE8-8UPO        \n\n\nартикул: EPUAE8-8UPO",
        "product_img": "https://jung-pro.ru//assets/images/products/1240/jung-epuae8-8upobrcd569-2uaww.jpeg"
    },
    "EPUAE8UPOK6 + CD569-1UAWW": {
        "product_title": "Розетка компьютерная одинарная RJ45 6-й кат. EPUAE8UPOK6 + CD569-1UAWW",
        "product_brand": "Jung",
        "product_series": "CD 500",
        "product_article": "EPUAE8UPOK6 + CD569-1UAWW",
        "product_material": "белый глянцевый",
        "product_color": "Розетки телеф/комп",
        "product_type": "одинарная",
        "product_kind_material": "Jung",
        "product_type_surface": "CD 500",
        "product_halogen_free": "EPUAE8UPOK6 + CD569-1UAWW",
        "product_mounting_orientation": "белый глянцевый",
        "product_field_of_inscription": "Розетки телеф/комп",
        "product_height": "дуропласт",
        "product_width": "глянцевый",
        "product_without_baffle": "да",
        "product_hinged_lid": "в сборе с механизмом",
        "product_degree_of_protection": "220-250В",
        "product_number_of_posts": "нет",
        "product_other_1": "Jung CD 500/CD plus крышка для ординарной телефонной и компютерной розетки  UAE; белая CD569-1UAWW        \n\n\nартикул: CD569-1UAWW",
        "product_other_2": "Компьютерная UAE розетка 6-й категории, 8-ми полюсная, экранированная, один терминал EPUAE8UPOK6        \n\n\nартикул: EPUAE8UPOK6",
        "product_img": "https://jung-pro.ru//assets/images/products/1264/jung-epuae8upok5brcd569-1uaww.jpeg"
    },
    "EPUAE8-8UPOK6 + CD569-2UAWW": {
        "product_title": "Розетка компьютерная двойная RJ45 6-й кат. EPUAE8-8UPOK6 + CD569-2UAWW",
        "product_brand": "Jung",
        "product_series": "CD 500",
        "product_article": "EPUAE8-8UPOK6 + CD569-2UAWW",
        "product_material": "белый глянцевый",
        "product_color": "Розетки телеф/комп",
        "product_type": "двойная",
        "product_kind_material": "Jung",
        "product_type_surface": "CD 500",
        "product_halogen_free": "EPUAE8-8UPOK6 + CD569-2UAWW",
        "product_mounting_orientation": "белый глянцевый",
        "product_field_of_inscription": "Розетки телеф/комп",
        "product_height": "дуропласт",
        "product_width": "глянцевый",
        "product_without_baffle": "да",
        "product_hinged_lid": "в сборе с механизмом",
        "product_degree_of_protection": "220-250В",
        "product_number_of_posts": "нет",
        "product_other_1": "Jung CD 500/CD plus крышка для сдвоенной телефонной и компьютерной розетки UAE; белая CD569-2UAWW        \n\n\nартикул: CD569-2UAWW",
        "product_other_2": "Jung Компьютерная UAE розетка 6-й категории, 8-ми полюсная, экранированная; два терминала EPUAE8-8UPOK6        \n\n\nартикул: EPUAE8-8UPOK6",
        "product_img": "https://jung-pro.ru//assets/images/products/1248/jung-epuae8-8upok5brcd569-2uaww.jpeg"
    },
    "SLA2WW + CD569TWW": {
        "product_title": "Розетка для стерео-громкоговорителя SLA2WW + CD569TWW",
        "product_brand": "Jung",
        "product_series": "CD 500",
        "product_article": "SLA2WW + CD569TWW",
        "product_material": "белый глянцевый",
        "product_color": "Розетки акустические",
        "product_type": "двойная",
        "product_kind_material": "Jung",
        "product_type_surface": "CD 500",
        "product_halogen_free": "SLA2WW + CD569TWW",
        "product_mounting_orientation": "белый глянцевый",
        "product_field_of_inscription": "Розетки акустические",
        "product_height": "дуропласт",
        "product_width": "глянцевый",
        "product_without_baffle": "да",
        "product_hinged_lid": "в сборе с механизмом",
        "product_degree_of_protection": "220-250В",
        "product_number_of_posts": "нет",
        "product_other_1": "Jung CD 500/CD plus крышка для ТАЕ розетки; белая CD569TWW        \n\n\nартикул: CD569TWW",
        "product_other_2": "Jung Мех Аудиорозетка (стерео) белый SLA2WW        \n\n\nартикул: SLA2WW",
        "product_img": "https://jung-pro.ru//assets/images/products/1155/jung-sla2wwbrcd569tww.jpeg"
    },
    "509VU + CD595PWW": {
        "product_title": "Выключатель управления жалюзи клавишный, 10 А / 250 В~ 509VU + CD595PWW",
        "product_brand": "Jung",
        "product_series": "CD 500",
        "product_article": "509VU + CD595PWW",
        "product_material": "белый глянцевый",
        "product_color": "Управление жалюзи",
        "product_type": "Jung",
        "product_kind_material": "CD 500",
        "product_type_surface": "509VU + CD595PWW",
        "product_halogen_free": "белый глянцевый",
        "product_mounting_orientation": "Управление жалюзи",
        "product_field_of_inscription": "дуропласт",
        "product_height": "глянцевый",
        "product_width": "да",
        "product_without_baffle": "в сборе с механизмом",
        "product_hinged_lid": "220-250В",
        "product_degree_of_protection": "нет",
        "product_number_of_posts": "клавишный",
        "product_other_1": "Jung CD 500/CD plus клавиши для выключателя управления жалюзи 509VU и кнопки 539VU; белые CD595PWW        \n\n\nартикул: CD595PWW",
        "product_other_2": "Jung Выключатель для управления жалюзи с блокировкой одновременного нажатия 509VU        \n\n\nартикул: 509VU",
        "product_img": "https://jung-pro.ru//assets/images/products/1502/jung-509vubrcd595pww.jpeg"
    },
    "539VU + CD595PWW": {
        "product_title": "Выключатель управления жалюзи кнопочный, 10 А / 250 В~ 539VU + CD595PWW",
        "product_brand": "Jung",
        "product_series": "CD 500",
        "product_article": "539VU + CD595PWW",
        "product_material": "белый глянцевый",
        "product_color": "Управление жалюзи",
        "product_type": "Jung",
        "product_kind_material": "CD 500",
        "product_type_surface": "539VU + CD595PWW",
        "product_halogen_free": "белый глянцевый",
        "product_mounting_orientation": "Управление жалюзи",
        "product_field_of_inscription": "дуропласт",
        "product_height": "глянцевый",
        "product_width": "да",
        "product_without_baffle": "в сборе с механизмом",
        "product_hinged_lid": "220-250В",
        "product_degree_of_protection": "нет",
        "product_number_of_posts": "кнопочный",
        "product_other_1": "Jung CD 500/CD plus клавиши для выключателя управления жалюзи 509VU и кнопки 539VU; белые CD595PWW        \n\n\nартикул: CD595PWW",
        "product_other_2": "Jung Мех Выключатель жалюзийный кнопочный с мех блокировкой одновременного нажатия 539VU        \n\n\nартикул: 539VU",
        "product_img": "https://jung-pro.ru//assets/images/products/1510/jung-539vubrcd595pww.jpeg"
    },
    "1730DD + CD1540WW": {
        "product_title": "Светорегулятор поворотно-нажимной LED 3-60Вт., 20-210Вт ламп накал. и галог., белый глянцевый 1730DD + CD1540WW",
        "product_brand": "Jung",
        "product_series": "CD 500",
        "product_article": "1730DD + CD1540WW",
        "product_material": "белый глянцевый",
        "product_color": "Светорегуляторы",
        "product_type": "Jung",
        "product_kind_material": "CD 500",
        "product_type_surface": "1730DD + CD1540WW",
        "product_halogen_free": "белый глянцевый",
        "product_mounting_orientation": "Светорегуляторы",
        "product_field_of_inscription": "дуропласт",
        "product_height": "глянцевый",
        "product_width": "да",
        "product_without_baffle": "в сборе с механизмом",
        "product_hinged_lid": "да",
        "product_degree_of_protection": "220-250В",
        "product_number_of_posts": "нет",
        "product_other_1": "Jung CD 500/CD plus накладка роторного механизма белая CD1540WW        \n\n\nартикул: CD1540WW",
        "product_other_2": "Механизм светорегулятора Jung поворотно-нажимного для LED 3-60Вт., 20-210Вт ламп накал. и галог. 1730DD        \n\n\nартикул: 1730DD",
        "product_img": "https://jung-pro.ru//assets/images/products/3172/cd1540ww.jpg"
    },
    "1731DD + CD1540WW": {
        "product_title": "Светорегулятор универсальный поворотно-нажимной LED 3-100Вт., 20-420Вт ламп накал. и галог., белый глянцевый 1731DD + CD1540WW",
        "product_brand": "Jung",
        "product_series": "CD 500",
        "product_article": "1731DD + CD1540WW",
        "product_material": "белый глянцевый",
        "product_color": "Светорегуляторы",
        "product_type": "Jung",
        "product_kind_material": "CD 500",
        "product_type_surface": "1731DD + CD1540WW",
        "product_halogen_free": "белый глянцевый",
        "product_mounting_orientation": "Светорегуляторы",
        "product_field_of_inscription": "дуропласт",
        "product_height": "глянцевый",
        "product_width": "да",
        "product_without_baffle": "в сборе с механизмом",
        "product_hinged_lid": "да",
        "product_degree_of_protection": "220-250В",
        "product_number_of_posts": "нет",
        "product_other_1": "Jung CD 500/CD plus накладка роторного механизма белая CD1540WW        \n\n\nартикул: CD1540WW",
        "product_other_2": "JUNG Роторный диммер универсальный LED 3-210 вт, 20-420Вт ламп накал. и галог., 1731DD        \n\n\nартикул: 1731DD",
        "product_img": "https://jung-pro.ru//assets/images/products/3417/cd1540ww.jpg"
    },
    "211GDE + CD1540WW": {
        "product_title": "Светорегулятор поворотный 100-1000 Вт. для ламп накаливания и галог.220В 211GDE + CD1540WW",
        "product_brand": "Jung",
        "product_series": "CD 500",
        "product_article": "211GDE + CD1540WW",
        "product_material": "белый глянцевый",
        "product_color": "Светорегуляторы",
        "product_type": "Jung",
        "product_kind_material": "CD 500",
        "product_type_surface": "211GDE + CD1540WW",
        "product_halogen_free": "белый глянцевый",
        "product_mounting_orientation": "Светорегуляторы",
        "product_field_of_inscription": "дуропласт",
        "product_height": "глянцевый",
        "product_width": "да",
        "product_without_baffle": "в сборе с механизмом",
        "product_hinged_lid": "220-250В",
        "product_degree_of_protection": "нет",
        "product_number_of_posts": "механизм с накладкой",
        "product_other_1": "Jung CD 500/CD plus накладка роторного механизма белая CD1540WW        \n\n\nартикул: CD1540WW",
        "product_other_2": "Jung механизм светорегуляторп поворотно-нажимного 100-1000 Вт для л/н 211GDE        \n\n\nартикул: 211GDE",
        "product_img": "https://jung-pro.ru//assets/images/products/1420/jung-211gdebrcd1540ww.jpeg"
    },
    "CDFTR231PLWW + FTR231U": {
        "product_title": "Регулятор теплого пола Jung 230В/10А с выносным датчиком CDFTR231PLWW + FTR231U",
        "product_brand": "Jung",
        "product_series": "CD 500",
        "product_article": "CDFTR231PLWW + FTR231U",
        "product_material": "белый глянцевый",
        "product_color": "Терморегуляторы теплого пола",
        "product_type": "Jung",
        "product_kind_material": "CD 500",
        "product_type_surface": "CDFTR231PLWW + FTR231U",
        "product_halogen_free": "белый глянцевый",
        "product_mounting_orientation": "Терморегуляторы теплого пола",
        "product_field_of_inscription": "нет",
        "product_height": "дуропласт",
        "product_width": "глянцевый",
        "product_without_baffle": "да",
        "product_hinged_lid": "в сборе с механизмом",
        "product_degree_of_protection": "220-250В",
        "product_number_of_posts": "нет",
        "product_other_1": "Jung CD 500/CD plus крышка для регулятора подогрева пола  белая CDFTR231PLWW        \n\n\nартикул: CDFTR231PLWW",
        "product_other_2": "Механизм терморегулятора пола JUNG с датчиком пола 4 м        \n\n\nартикул: FTR231U",
        "product_img": "https://jung-pro.ru//assets/images/products/1455/jung-cdftr231plwwbrfre-525-22.jpeg"
    },
    "1201URE + CD1180WW": {
        "product_title": "Автоматический выключатель 230 В~ , 40-400Вт, трехпроводное подключение, высота монтажа 1,1м 1201URE + CD1180WW",
        "product_brand": "Jung",
        "product_series": "CD 500",
        "product_article": "1201URE + CD1180WW",
        "product_material": "белый глянцевый",
        "product_color": "Выключатели автоматические",
        "product_type": "Jung",
        "product_kind_material": "CD 500",
        "product_type_surface": "1201URE + CD1180WW",
        "product_halogen_free": "белый глянцевый",
        "product_mounting_orientation": "Выключатели автоматические",
        "product_field_of_inscription": "дуропласт",
        "product_height": "глянцевый",
        "product_width": "да",
        "product_without_baffle": "в сборе с механизмом",
        "product_hinged_lid": "220-250В",
        "product_degree_of_protection": "нет",
        "product_number_of_posts": "механизм с накладкой",
        "product_other_1": "Jung CD 500/CD plus  датчик движения ″Стандарт″ с линзой для установки на высоте 1,1 м; белый CD1180WW        \n\n\nартикул: CD1180WW",
        "product_other_2": "Jung механизм Электронный выключатель 1-канальный(необходима нейтраль) 1201URE        \n\n\nартикул: 1201URE",
        "product_img": "https://jung-pro.ru//assets/images/products/999/jung-1201urebrcd1180ww.jpeg"
    },
    "CD590AWW": {
        "product_title": "Кабельный вывод с суппортом, Jung, светло-cерый CD590AWW",
        "product_brand": "Jung",
        "product_series": "CD 500",
        "product_article": "CD590AWW",
        "product_material": "белый глянцевый",
        "product_color": "Вывод кабеля",
        "product_type": "Jung",
        "product_kind_material": "CD 500",
        "product_type_surface": "CD590AWW",
        "product_halogen_free": "белый глянцевый",
        "product_mounting_orientation": "Вывод кабеля",
        "product_field_of_inscription": "дуропласт",
        "product_height": "глянцевый",
        "product_width": "да",
        "product_without_baffle": "в сборе с механизмом",
        "product_hinged_lid": "нет",
        "product_degree_of_protection": "механизм с накладкой",
        "product_number_of_posts": "встроенный монтаж",
        "product_img": "https://jung-pro.ru//assets/images/products/765/jung-cd590aww.jpeg"
    },
    "CD594-0WW": {
        "product_title": "Заглушка с опорной пластиной CD594-0WW",
        "product_brand": "Jung",
        "product_series": "CD 500",
        "product_article": "CD594-0WW",
        "product_material": "белый глянцевый",
        "product_color": "Заглушки",
        "product_type": "Jung",
        "product_kind_material": "CD 500",
        "product_type_surface": "CD594-0WW",
        "product_halogen_free": "белый глянцевый",
        "product_mounting_orientation": "Заглушки",
        "product_field_of_inscription": "дуропласт",
        "product_height": "глянцевый",
        "product_width": "да",
        "product_without_baffle": "в сборе с механизмом",
        "product_hinged_lid": "нет",
        "product_degree_of_protection": "механизм с накладкой",
        "product_number_of_posts": "встроенный монтаж",
        "product_img": "https://jung-pro.ru//assets/images/products/1027/jung-cd594-0ww.png"
    },
    "RANCDM514WW": {
        "product_title": "Радиоприемник CD 500 c рамкой, белый RANCDM514WW",
        "product_brand": "Jung",
        "product_series": "CD 500",
        "product_article": "RANCDM514WW",
        "product_material": "белый глянцевый",
        "product_color": "Радио",
        "product_type": "Jung",
        "product_kind_material": "CD 500",
        "product_type_surface": "RANCDM514WW",
        "product_halogen_free": "белый глянцевый",
        "product_mounting_orientation": "Радио",
        "product_field_of_inscription": "дуропласт",
        "product_height": "глянцевый",
        "product_width": "да",
        "product_without_baffle": "в сборе с механизмом",
        "product_hinged_lid": "220-250В",
        "product_degree_of_protection": "нет",
        "product_number_of_posts": "механизм с накладкой",
        "product_img": "https://jung-pro.ru//assets/images/products/1034/6d39f5d5d761e6b5ca6c837cca8f8c35.jpg"
    }
}