{
    "EPUAE8-8UPO + CD569-2UAWW": {
        "product_title": "Розетка телефонная двойная RJ11 EPUAE8-8UPO + CD569-2UAWW",
        "product_brand": "Jung",
        "product_series": "CD 500",
        "product_article": "EPUAE8-8UPO + CD569-2UAWW",
        "product_material": "белый глянцевый",
        "product_color": "Розетки телеф/комп",
        "product_type": "двойная",
        "product_kind_material": "Jung",
        "product_type_surface": "CD 500",
        "product_halogen_free": "EPUAE8-8UPO + CD569-2UAWW",
        "product_mounting_orientation": "белый глянцевый",
        "product_field_of_inscription": "Розетки телеф/комп",
        "product_height": "дуропласт",
        "product_width": "глянцевый",
        "product_without_baffle": "да",
        "product_hinged_lid": "в сборе с механизмом",
        "product_degree_of_protection": "220-250В",
        "product_number_of_posts": "нет",
        "product_other_1": "Jung CD 500/CD plus крышка для сдвоенной телефонной и компьютерной розетки UAE; белая CD569-2UAWW        \n\n\nартикул: CD569-2UAWW",
        "product_other_2": "Jung телефонная UAE розетка, 8-ми полюсная; два терминала EPUAE8-8UPO        \n\n\nартикул: EPUAE8-8UPO",
        "product_img": "https://jung-pro.ru//assets/images/products/1240/jung-epuae8-8upobrcd569-2uaww.jpeg"
    }
}