{
    "1730DD + CD1540WW": {
        "product_title": "Светорегулятор поворотно-нажимной LED 3-60Вт., 20-210Вт ламп накал. и галог., белый глянцевый 1730DD + CD1540WW",
        "product_brand": "Jung",
        "product_series": "CD 500",
        "product_article": "1730DD + CD1540WW",
        "product_material": "белый глянцевый",
        "product_color": "Светорегуляторы",
        "product_type": "Jung",
        "product_kind_material": "CD 500",
        "product_type_surface": "1730DD + CD1540WW",
        "product_halogen_free": "белый глянцевый",
        "product_mounting_orientation": "Светорегуляторы",
        "product_field_of_inscription": "дуропласт",
        "product_height": "глянцевый",
        "product_width": "да",
        "product_without_baffle": "в сборе с механизмом",
        "product_hinged_lid": "да",
        "product_degree_of_protection": "220-250В",
        "product_number_of_posts": "нет",
        "product_other_1": "Jung CD 500/CD plus накладка роторного механизма белая CD1540WW        \n\n\nартикул: CD1540WW",
        "product_other_2": "Механизм светорегулятора Jung поворотно-нажимного для LED 3-60Вт., 20-210Вт ламп накал. и галог. 1730DD        \n\n\nартикул: 1730DD",
        "product_img": "https://jung-pro.ru//assets/images/products/3172/cd1540ww.jpg"
    }
}