{
    "509VU + CD595PWW": {
        "product_title": "Выключатель управления жалюзи клавишный, 10 А / 250 В~ 509VU + CD595PWW",
        "product_brand": "Jung",
        "product_series": "CD 500",
        "product_article": "509VU + CD595PWW",
        "product_material": "белый глянцевый",
        "product_color": "Управление жалюзи",
        "product_type": "Jung",
        "product_kind_material": "CD 500",
        "product_type_surface": "509VU + CD595PWW",
        "product_halogen_free": "белый глянцевый",
        "product_mounting_orientation": "Управление жалюзи",
        "product_field_of_inscription": "дуропласт",
        "product_height": "глянцевый",
        "product_width": "да",
        "product_without_baffle": "в сборе с механизмом",
        "product_hinged_lid": "220-250В",
        "product_degree_of_protection": "нет",
        "product_number_of_posts": "клавишный",
        "product_other_1": "Jung CD 500/CD plus клавиши для выключателя управления жалюзи 509VU и кнопки 539VU; белые CD595PWW        \n\n\nартикул: CD595PWW",
        "product_other_2": "Jung Выключатель для управления жалюзи с блокировкой одновременного нажатия 509VU        \n\n\nартикул: 509VU",
        "product_img": "https://jung-pro.ru//assets/images/products/1502/jung-509vubrcd595pww.jpeg"
    }
}