{
    "211GDE + CD1540WW": {
        "product_title": "Светорегулятор поворотный 100-1000 Вт. для ламп накаливания и галог.220В 211GDE + CD1540WW",
        "product_brand": "Jung",
        "product_series": "CD 500",
        "product_article": "211GDE + CD1540WW",
        "product_material": "белый глянцевый",
        "product_color": "Светорегуляторы",
        "product_type": "Jung",
        "product_kind_material": "CD 500",
        "product_type_surface": "211GDE + CD1540WW",
        "product_halogen_free": "белый глянцевый",
        "product_mounting_orientation": "Светорегуляторы",
        "product_field_of_inscription": "дуропласт",
        "product_height": "глянцевый",
        "product_width": "да",
        "product_without_baffle": "в сборе с механизмом",
        "product_hinged_lid": "220-250В",
        "product_degree_of_protection": "нет",
        "product_number_of_posts": "механизм с накладкой",
        "product_other_1": "Jung CD 500/CD plus накладка роторного механизма белая CD1540WW        \n\n\nартикул: CD1540WW",
        "product_other_2": "Jung механизм светорегуляторп поворотно-нажимного 100-1000 Вт для л/н 211GDE        \n\n\nартикул: 211GDE",
        "product_img": "https://jung-pro.ru//assets/images/products/1420/jung-211gdebrcd1540ww.jpeg"
    }
}