{
    "AC581CH": {
        "product_title": "Рамка одинарная Jung A Creation, шампань AC581CH",
        "product_brand": "Jung",
        "product_series": "A creation",
        "product_article": "AC581CH",
        "product_material": "шампань",
        "product_color": "Рамки",
        "product_type": "Jung",
        "product_kind_material": "A creation",
        "product_type_surface": "AC581CH",
        "product_halogen_free": "шампань",
        "product_mounting_orientation": "Рамки",
        "product_field_of_inscription": "дуропласт",
        "product_height": "глянцевый",
        "product_width": "да",
        "product_without_baffle": "горизонтальная,вертикальная",
        "product_hinged_lid": "нет",
        "product_degree_of_protection": "84",
        "product_number_of_posts": "84",
        "product_img": "https://jung-pro.ru//assets/images/products/666/7b0aeea57ae8fd40cff2caaeef41a5bf.jpeg"
    },
    "AC582CH": {
        "product_title": "Рамка двойная, для горизон./вертик. монтажа Jung A Creation, шампань AC582CH",
        "product_brand": "Jung",
        "product_series": "A creation",
        "product_article": "AC582CH",
        "product_material": "шампань",
        "product_color": "Рамки",
        "product_type": "Jung",
        "product_kind_material": "A creation",
        "product_type_surface": "AC582CH",
        "product_halogen_free": "шампань",
        "product_mounting_orientation": "Рамки",
        "product_field_of_inscription": "дуропласт",
        "product_height": "глянцевый",
        "product_width": "да",
        "product_without_baffle": "горизонтальная,вертикальная",
        "product_hinged_lid": "нет",
        "product_degree_of_protection": "84",
        "product_number_of_posts": "155",
        "product_img": "https://jung-pro.ru//assets/images/products/670/b8fe0714e441e92d791a8f1020979d5d.jpeg"
    },
    "AC583CH": {
        "product_title": "Рамка тройная, для горизон./вертик. монтажа Jung A Creation, шампань AC583CH",
        "product_brand": "Jung",
        "product_series": "A creation",
        "product_article": "AC583CH",
        "product_material": "шампань",
        "product_color": "Рамки",
        "product_type": "Jung",
        "product_kind_material": "A creation",
        "product_type_surface": "AC583CH",
        "product_halogen_free": "шампань",
        "product_mounting_orientation": "Рамки",
        "product_field_of_inscription": "дуропласт",
        "product_height": "глянцевый",
        "product_width": "да",
        "product_without_baffle": "горизонтальная,вертикальная",
        "product_hinged_lid": "нет",
        "product_degree_of_protection": "84",
        "product_number_of_posts": "226",
        "product_img": "https://jung-pro.ru//assets/images/products/674/7a4362219af4816a9c0bfa472005c119.jpeg"
    },
    "AC584CH": {
        "product_title": "Рамка четверная, для горизон./вертик. монтажа Jung A Creation, шампань AC584CH",
        "product_brand": "Jung",
        "product_series": "A creation",
        "product_article": "AC584CH",
        "product_material": "шампань",
        "product_color": "Рамки",
        "product_type": "Jung",
        "product_kind_material": "A creation",
        "product_type_surface": "AC584CH",
        "product_halogen_free": "шампань",
        "product_mounting_orientation": "Рамки",
        "product_field_of_inscription": "дуропласт",
        "product_height": "глянцевый",
        "product_width": "да",
        "product_without_baffle": "горизонтальная,вертикальная",
        "product_hinged_lid": "нет",
        "product_degree_of_protection": "84",
        "product_number_of_posts": "297",
        "product_img": "https://jung-pro.ru//assets/images/products/678/e1ea82a74a037e59f3ce1bed3ddd390e.jpeg"
    },
    "AC585CH": {
        "product_title": "Рамка пятерная, для горизон./вертик. монтажа Jung A Creation, шампань AC585CH",
        "product_brand": "Jung",
        "product_series": "A creation",
        "product_article": "AC585CH",
        "product_material": "шампань",
        "product_color": "Рамки",
        "product_type": "Jung",
        "product_kind_material": "A creation",
        "product_type_surface": "AC585CH",
        "product_halogen_free": "шампань",
        "product_mounting_orientation": "Рамки",
        "product_field_of_inscription": "дуропласт",
        "product_height": "глянцевый",
        "product_width": "да",
        "product_without_baffle": "горизонтальная,вертикальная",
        "product_hinged_lid": "нет",
        "product_degree_of_protection": "84",
        "product_number_of_posts": "368",
        "product_img": "https://jung-pro.ru//assets/images/products/682/ec10769306ac5eb915a2372c45f15871.jpeg"
    },
    "501u + A590CH": {
        "product_title": "Выключатель одноклавишный, 10 А / 250 В~ 501u + A590CH",
        "product_brand": "Jung",
        "product_series": "A creation, A Flow, A 550",
        "product_article": "501u + A590CH",
        "product_material": "шампань",
        "product_color": "Выключатели",
        "product_type": "Jung",
        "product_kind_material": "A creation, A Flow, A 550",
        "product_type_surface": "501u + A590CH",
        "product_halogen_free": "шампань",
        "product_mounting_orientation": "Выключатели",
        "product_field_of_inscription": "дуропласт",
        "product_height": "глянцевый",
        "product_width": "да",
        "product_without_baffle": "в сборе с механизмом",
        "product_hinged_lid": "нет",
        "product_degree_of_protection": "220-250В",
        "product_number_of_posts": "нет",
        "product_other_1": "Jung Механизм Выключатель 1-клавишный 10AX 250V 501U        \n\n\nартикул: 501U",
        "product_other_2": "Jung A 500 Шампань клавиша 1-я A590CH        \n\n\nартикул: A590CH",
        "product_img": "https://jung-pro.ru//assets/images/products/862/43c7157191a7d8b8e96e03c2049ac9ba.jpg"
    },
    "506u + A590CH": {
        "product_title": "Выключатель одноклавишный, универс. (вкл/выкл с 2-х мест) 10 А / 250 В~ 506u + A590CH",
        "product_brand": "Jung",
        "product_series": "A creation, A Flow, A 550",
        "product_article": "506u + A590CH",
        "product_material": "шампань",
        "product_color": "Выключатели",
        "product_type": "Jung",
        "product_kind_material": "A creation, A Flow, A 550",
        "product_type_surface": "506u + A590CH",
        "product_halogen_free": "шампань",
        "product_mounting_orientation": "Выключатели",
        "product_field_of_inscription": "дуропласт",
        "product_height": "глянцевый",
        "product_width": "да",
        "product_without_baffle": "в сборе с механизмом",
        "product_hinged_lid": "нет",
        "product_degree_of_protection": "220-250В",
        "product_number_of_posts": "нет",
        "product_other_1": "Выключатель 10AX 250V универсальный 506U        \n\n\nартикул: 506U",
        "product_other_2": "Jung A 500 Шампань клавиша 1-я A590CH        \n\n\nартикул: A590CH",
        "product_img": "https://jung-pro.ru//assets/images/products/870/efe5f83c2572c6f7661db07bbf7ad069.jpg"
    },
    "507u + A590CH": {
        "product_title": "Выключатель одноклавишный перекрестный (вкл/выкл с 3-х мест) 10 А / 250 В~ 507u + A590CH",
        "product_brand": "Jung",
        "product_series": "A creation, A Flow, A 550",
        "product_article": "507u + A590CH",
        "product_material": "шампань",
        "product_color": "Выключатели",
        "product_type": "Jung",
        "product_kind_material": "A creation, A Flow, A 550",
        "product_type_surface": "507u + A590CH",
        "product_halogen_free": "шампань",
        "product_mounting_orientation": "Выключатели",
        "product_field_of_inscription": "дуропласт",
        "product_height": "глянцевый",
        "product_width": "да",
        "product_without_baffle": "в сборе с механизмом",
        "product_hinged_lid": "нет",
        "product_degree_of_protection": "220-250В",
        "product_number_of_posts": "нет",
        "product_other_1": "Jung Мех Переключатель 1-клавишный перекрестный 507U        \n\n\nартикул: 507U",
        "product_other_2": "Jung A 500 Шампань клавиша 1-я A590CH        \n\n\nартикул: A590CH",
        "product_img": "https://jung-pro.ru//assets/images/products/872/7b4b1a2a1686de4b729dbf73bd748b7f.jpg"
    },
    "505u + A595CH": {
        "product_title": "Выключатель двухклавишный, 10 А / 250 В~ 505u + A595CH",
        "product_brand": "Jung",
        "product_series": "A creation, A Flow, A 550",
        "product_article": "505u + A595CH",
        "product_material": "шампань",
        "product_color": "Выключатели",
        "product_type": "Jung",
        "product_kind_material": "A creation, A Flow, A 550",
        "product_type_surface": "505u + A595CH",
        "product_halogen_free": "шампань",
        "product_mounting_orientation": "Выключатели",
        "product_field_of_inscription": "дуропласт",
        "product_height": "глянцевый",
        "product_width": "да",
        "product_without_baffle": "в сборе с механизмом",
        "product_hinged_lid": "нет",
        "product_degree_of_protection": "220-250В",
        "product_number_of_posts": "нет",
        "product_other_1": "Выключатель 10AX 250V сдвоенный 505U        \n\n\nартикул: 505U",
        "product_other_2": "Jung A 500 Шампань клавиша 2-я A595CH        \n\n\nартикул: A595CH",
        "product_img": "https://jung-pro.ru//assets/images/products/864/398bf30b4c72988b78af3cf10e2d2375.jpg"
    },
    "509u + A595CH": {
        "product_title": "Выключатель двухклавишный, проходной (вкл/выкл с 2-х мест) 10 А / 250 В~ 509u + A595CH",
        "product_brand": "Jung",
        "product_series": "A creation, A Flow, A 550",
        "product_article": "509u + A595CH",
        "product_material": "шампань",
        "product_color": "Выключатели",
        "product_type": "Jung",
        "product_kind_material": "A creation, A Flow, A 550",
        "product_type_surface": "509u + A595CH",
        "product_halogen_free": "шампань",
        "product_mounting_orientation": "Выключатели",
        "product_field_of_inscription": "дуропласт",
        "product_height": "глянцевый",
        "product_width": "да",
        "product_without_baffle": "в сборе с механизмом",
        "product_hinged_lid": "нет",
        "product_degree_of_protection": "220-250В",
        "product_number_of_posts": "нет",
        "product_other_1": "Jung A 500 Шампань клавиша 2-я A595CH        \n\n\nартикул: A595CH",
        "product_other_2": "Jung Выключатель 10AХ 250V универсальный сдвоенный 509U        \n\n\nартикул: 509U",
        "product_img": "https://jung-pro.ru//assets/images/products/874/b6ca273cb41470e81957f3ec404be147.jpg"
    },
    "505u5 + A595KO5CH": {
        "product_title": "Выключатель двухклавишный с подсветкой, 10 А / 250 В~ 505u5 + A595KO5CH",
        "product_brand": "Jung",
        "product_series": "A creation, A Flow, A 550",
        "product_article": "505u5 + A595KO5CH",
        "product_material": "шампань",
        "product_color": "Выключатели",
        "product_type": "Jung",
        "product_kind_material": "A creation, A Flow, A 550",
        "product_type_surface": "505u5 + A595KO5CH",
        "product_halogen_free": "шампань",
        "product_mounting_orientation": "Выключатели",
        "product_field_of_inscription": "дуропласт",
        "product_height": "глянцевый",
        "product_width": "да",
        "product_without_baffle": "в сборе с механизмом",
        "product_hinged_lid": "нет",
        "product_degree_of_protection": "220-250В",
        "product_number_of_posts": "нет",
        "product_other_1": "Jung Выключатель 10AX 250V сдвоенный с двумя лампочками 505U5        \n\n\nартикул: 505U5",
        "product_other_2": "Jung A 500 Шампань клавиша 2-я с подсветкой A595KO5CH        \n\n\nартикул: A595KO5CH",
        "product_img": "https://jung-pro.ru//assets/images/products/866/7190e00446417e85ef14c1c0d175bc23.jpg"
    },
    "A1520CH": {
        "product_title": "Розетка с заземляющими контактами 16 А / 250 В~ A1520CH",
        "product_brand": "Jung",
        "product_series": "A creation, A Flow, A 550",
        "product_article": "A1520CH",
        "product_material": "шампань",
        "product_color": "Розетки электрические",
        "product_type": "одинарная",
        "product_kind_material": "Jung",
        "product_type_surface": "A creation, A Flow, A 550",
        "product_halogen_free": "A1520CH",
        "product_mounting_orientation": "шампань",
        "product_field_of_inscription": "Розетки электрические",
        "product_height": "дуропласт",
        "product_width": "глянцевый",
        "product_without_baffle": "да",
        "product_hinged_lid": "в сборе с механизмом",
        "product_degree_of_protection": "нет",
        "product_number_of_posts": "220-250В",
        "product_img": "https://jung-pro.ru//assets/images/products/1304/94d0ca0226011cfe6255eec268e10d1e.jpg"
    },
    "A1520KICH": {
        "product_title": "Розетка с заземляющими контактами 16 А / 250 В~ с защитой от детей A1520KICH",
        "product_brand": "Jung",
        "product_series": "A creation, A Flow, A 550",
        "product_article": "A1520KICH",
        "product_material": "шампань",
        "product_color": "Розетки электрические",
        "product_type": "одинарная",
        "product_kind_material": "Jung",
        "product_type_surface": "A creation, A Flow, A 550",
        "product_halogen_free": "A1520KICH",
        "product_mounting_orientation": "шампань",
        "product_field_of_inscription": "Розетки электрические",
        "product_height": "дуропласт",
        "product_width": "глянцевый",
        "product_without_baffle": "да",
        "product_hinged_lid": "в сборе с механизмом",
        "product_degree_of_protection": "нет",
        "product_number_of_posts": "220-250В",
        "product_img": "https://jung-pro.ru//assets/images/products/1305/22e79bdda6528a73a06de95aa392edf5.jpg"
    },
    "A1520BFKLCH": {
        "product_title": "Розетка с заземляющими контактами 16 А / 250 В~, с откидной крышкой A1520BFKLCH",
        "product_brand": "Jung",
        "product_series": "A creation, A Flow, A 550",
        "product_article": "A1520BFKLCH",
        "product_material": "шампань",
        "product_color": "Розетки электрические",
        "product_type": "одинарная",
        "product_kind_material": "Jung",
        "product_type_surface": "A creation, A Flow, A 550",
        "product_halogen_free": "A1520BFKLCH",
        "product_mounting_orientation": "шампань",
        "product_field_of_inscription": "Розетки электрические",
        "product_height": "дуропласт",
        "product_width": "глянцевый",
        "product_without_baffle": "да",
        "product_hinged_lid": "в сборе с механизмом",
        "product_degree_of_protection": "нет",
        "product_number_of_posts": "220-250В",
        "product_img": "https://jung-pro.ru//assets/images/products/1307/433913a464bb16e13024ac8364acfa54.jpeg"
    },
    "551WU + A1520BFKLCH": {
        "product_title": "Розетка с заземляющими контактами 16 А / 250 В~, с откидной крышкой и уплотнительной мембраной IP44 551WU + A1520BFKLCH",
        "product_brand": "Jung",
        "product_series": "A creation, A Flow, A 550",
        "product_article": "551WU + A1520BFKLCH",
        "product_material": "шампань",
        "product_color": "Розетки электрические",
        "product_type": "одинарная",
        "product_kind_material": "Jung",
        "product_type_surface": "A creation, A Flow, A 550",
        "product_halogen_free": "551WU + A1520BFKLCH",
        "product_mounting_orientation": "шампань",
        "product_field_of_inscription": "Розетки электрические",
        "product_height": "дуропласт",
        "product_width": "глянцевый",
        "product_without_baffle": "да",
        "product_hinged_lid": "в сборе с механизмом",
        "product_degree_of_protection": "нет",
        "product_number_of_posts": "220-250В",
        "product_other_1": "Уплотнительная мембрана для влагозащиты 551WU        \n\n\nартикул: 551WU",
        "product_other_2": "Розетка с заземляющими контактами 16 А / 250 В~, с откидной крышкой A1520BFKLCH        \n\n\nартикул: A1520BFKLCH                            материал: пластик                            цвет: шампань",
        "product_img": "https://jung-pro.ru//assets/images/products/1310/8470899c07e91d8ef07cc0bb29ce60ed.jpeg"
    },
    "A1520-18ACH": {
        "product_title": "Розетка с заземлением + USB тип A, Jung 16А/250В шампань A1520-18ACH",
        "product_brand": "JUNG",
        "product_series": "A creation, A Flow, A 550",
        "product_article": "A1520-18ACH",
        "product_material": "шампань",
        "product_color": "Розетки электрические",
        "product_type": "двойная",
        "product_kind_material": "JUNG",
        "product_type_surface": "A creation, A Flow, A 550",
        "product_halogen_free": "A1520-18ACH",
        "product_mounting_orientation": "шампань",
        "product_field_of_inscription": "Розетки электрические",
        "product_height": "дуропласт",
        "product_width": "матовый",
        "product_without_baffle": "да",
        "product_hinged_lid": "лапками и винтами",
        "product_degree_of_protection": "220-250В",
        "product_number_of_posts": "нет",
        "product_img": "https://jung-pro.ru//assets/images/products/3350/jung-a1520-18ach.png"
    },
    "A1520-18CCH": {
        "product_title": "Розетка с заземлением + USB тип C, Jung 16А/250В шампань A1520-18CCH",
        "product_brand": "JUNG",
        "product_series": "A creation, A Flow, A 550",
        "product_article": "A1520-18CCH",
        "product_material": "шампань",
        "product_color": "Розетки электрические",
        "product_type": "двойная",
        "product_kind_material": "JUNG",
        "product_type_surface": "A creation, A Flow, A 550",
        "product_halogen_free": "A1520-18CCH",
        "product_mounting_orientation": "шампань",
        "product_field_of_inscription": "Розетки электрические",
        "product_height": "дуропласт",
        "product_width": "матовый",
        "product_without_baffle": "да",
        "product_hinged_lid": "лапками и винтами",
        "product_degree_of_protection": "220-250В",
        "product_number_of_posts": "нет",
        "product_img": "https://jung-pro.ru//assets/images/products/3357/jung-a1520-18cch.png"
    },
    "A1520-15CACH": {
        "product_title": "Розетка с заземлением + USB тип A+C, Jung 16А/250В шампань A1520-15CACH",
        "product_brand": "JUNG",
        "product_series": "A creation, A Flow, A 550",
        "product_article": "A1520-15CACH",
        "product_material": "шампань",
        "product_color": "Розетки электрические",
        "product_type": "тройная",
        "product_kind_material": "JUNG",
        "product_type_surface": "A creation, A Flow, A 550",
        "product_halogen_free": "A1520-15CACH",
        "product_mounting_orientation": "шампань",
        "product_field_of_inscription": "Розетки электрические",
        "product_height": "дуропласт",
        "product_width": "матовый",
        "product_without_baffle": "да",
        "product_hinged_lid": "лапками и винтами",
        "product_degree_of_protection": "220-250В",
        "product_number_of_posts": "нет",
        "product_img": "https://jung-pro.ru//assets/images/products/3364/jung-a1520-15cach.png"
    },
    "A569PLTCH + USB15CAWW": {
        "product_title": "Розетка USB двойная для зарядки тип А+С, 2x700мA, винтовой зажим, шампань A569PLTCH + USB15CAWW",
        "product_brand": "JUNG",
        "product_series": "A creation, A Flow, A 550",
        "product_article": "A569PLTCH + USB15CAWW",
        "product_material": "шампань",
        "product_color": "Розетки USB",
        "product_type": "двойная",
        "product_kind_material": "JUNG",
        "product_type_surface": "A creation, A Flow, A 550",
        "product_halogen_free": "A569PLTCH + USB15CAWW",
        "product_mounting_orientation": "шампань",
        "product_field_of_inscription": "Розетки USB",
        "product_height": "дуропласт",
        "product_width": "глянцевый",
        "product_without_baffle": "да",
        "product_hinged_lid": "в сборе с механизмом",
        "product_degree_of_protection": "220-250В",
        "product_number_of_posts": "нет",
        "product_other_1": "Jung A 500 Шампань накладка розетки TAE, моно-/стерео аудио розетки A569PLTCH        \n\n\nартикул: A569PLTCH",
        "product_other_2": "Jung механизм USB-розетки тип А+С, 2 гнезда, до 1,4 А/ч USB15CAWW        \n\n\nартикул: USB15CAWW",
        "product_img": "https://jung-pro.ru//assets/images/products/3024/a569pltch.jpg"
    },
    "S2900 + A561PLTVCH": {
        "product_title": "Розетка телевизионная оконечная TV FM, диапазон частот от 4 до 2400 MГц S2900 + A561PLTVCH",
        "product_brand": "Jung",
        "product_series": "A creation, A Flow, A 550",
        "product_article": "S2900 + A561PLTVCH",
        "product_material": "шампань",
        "product_color": "Розетки TV",
        "product_type": "Jung",
        "product_kind_material": "A creation, A Flow, A 550",
        "product_type_surface": "S2900 + A561PLTVCH",
        "product_halogen_free": "шампань",
        "product_mounting_orientation": "Розетки TV",
        "product_field_of_inscription": "дуропласт",
        "product_height": "глянцевый",
        "product_width": "да",
        "product_without_baffle": "в сборе с механизмом",
        "product_hinged_lid": "220-250В",
        "product_degree_of_protection": "нет",
        "product_number_of_posts": "механизм с накладкой",
        "product_other_1": "TV-FM оконечная розетка S2900        \n\n\nартикул: S2900",
        "product_other_2": "Jung A 500 Шампань накладка TV-FM розетки A561PLTVCH        \n\n\nартикул: A561PLTVCH",
        "product_img": "https://jung-pro.ru//assets/images/products/1085/a561pltvch.jpeg"
    },
    "S2900-10 + A561PLTVCH": {
        "product_title": "Розетка телевизионная проходная TV FM, диапазон частот от 4 до 2400 MГц S2900-10 + A561PLTVCH",
        "product_brand": "Jung",
        "product_series": "A creation, A Flow, A 550",
        "product_article": "S2900-10 + A561PLTVCH",
        "product_material": "шампань",
        "product_color": "Розетки TV",
        "product_type": "Jung",
        "product_kind_material": "A creation, A Flow, A 550",
        "product_type_surface": "S2900-10 + A561PLTVCH",
        "product_halogen_free": "шампань",
        "product_mounting_orientation": "Розетки TV",
        "product_field_of_inscription": "дуропласт",
        "product_height": "глянцевый",
        "product_width": "да",
        "product_without_baffle": "в сборе с механизмом",
        "product_hinged_lid": "220-250В",
        "product_degree_of_protection": "нет",
        "product_number_of_posts": "механизм с накладкой",
        "product_other_1": "TV-FM оконечная розетка, проходная S2900-10        \n\n\nартикул: S2900-10",
        "product_other_2": "Jung A 500 Шампань накладка TV-FM розетки A561PLTVCH        \n\n\nартикул: A561PLTVCH",
        "product_img": "https://jung-pro.ru//assets/images/products/1087/a561pltvch.jpeg"
    },
    "S4100 + A561PLSATCH": {
        "product_title": "Розетка телевизионная оконечная TV SAT FM, диапазон частот от 4 до 2400 MГц S4100 + A561PLSATCH",
        "product_brand": "Jung",
        "product_series": "A creation, A Flow, A 550",
        "product_article": "S4100 + A561PLSATCH",
        "product_material": "шампань",
        "product_color": "Розетки TV",
        "product_type": "Jung",
        "product_kind_material": "A creation, A Flow, A 550",
        "product_type_surface": "S4100 + A561PLSATCH",
        "product_halogen_free": "шампань",
        "product_mounting_orientation": "Розетки TV",
        "product_field_of_inscription": "дуропласт",
        "product_height": "глянцевый",
        "product_width": "да",
        "product_without_baffle": "в сборе с механизмом",
        "product_hinged_lid": "220-250В",
        "product_degree_of_protection": "нет",
        "product_number_of_posts": "механизм с накладкой",
        "product_other_1": "Розетка универсальная для систем приема спутникового, эфирного и кабельного вещания, оконечная S4100        \n\n\nартикул: S4100",
        "product_other_2": "Jung A 500 Шампань накладка TV-SAT-FM розетки A561PLSATCH        \n\n\nартикул: A561PLSATCH",
        "product_img": "https://jung-pro.ru//assets/images/products/1089/a561plsatch.jpeg"
    },
    "S4110 + A561PLSATCH": {
        "product_title": "Розетка телевизионная проходная TV SAT FM, диапазон частот от 4 до 2400 MГц S4110 + A561PLSATCH",
        "product_brand": "JUNG",
        "product_series": "A creation, A Flow, A 550",
        "product_article": "S4110 + A561PLSATCH",
        "product_material": "шампань",
        "product_color": "Розетки TV",
        "product_type": "JUNG",
        "product_kind_material": "A creation, A Flow, A 550",
        "product_type_surface": "S4110 + A561PLSATCH",
        "product_halogen_free": "шампань",
        "product_mounting_orientation": "Розетки TV",
        "product_field_of_inscription": "дуропласт",
        "product_height": "глянцевый",
        "product_width": "да",
        "product_without_baffle": "в сборе с механизмом",
        "product_hinged_lid": "220-250В",
        "product_degree_of_protection": "нет",
        "product_number_of_posts": "механизм с накладкой",
        "product_other_1": "Jung Мех Розетка TV-FM-SAT проходная S4110        \n\n\nартикул: S4110",
        "product_other_2": "Jung A 500 Шампань накладка TV-SAT-FM розетки A561PLSATCH        \n\n\nартикул: A561PLSATCH",
        "product_img": "https://jung-pro.ru//assets/images/products/1985/a561plsatch.jpg"
    },
    "EPUAE8UPO + A569-1PLUACH": {
        "product_title": "Розетка телефонная одинарная RJ11 EPUAE8UPO + A569-1PLUACH",
        "product_brand": "Jung",
        "product_series": "A creation, A Flow, A 550",
        "product_article": "EPUAE8UPO + A569-1PLUACH",
        "product_material": "шампань",
        "product_color": "Розетки телеф/комп",
        "product_type": "одинарная",
        "product_kind_material": "Jung",
        "product_type_surface": "A creation, A Flow, A 550",
        "product_halogen_free": "EPUAE8UPO + A569-1PLUACH",
        "product_mounting_orientation": "шампань",
        "product_field_of_inscription": "Розетки телеф/комп",
        "product_height": "дуропласт",
        "product_width": "глянцевый",
        "product_without_baffle": "да",
        "product_hinged_lid": "в сборе с механизмом",
        "product_degree_of_protection": "220-250В",
        "product_number_of_posts": "нет",
        "product_other_1": "Jung Телефонная UAE розетка, 8-ми полюсная; один терминал EPUAE8UPO        \n\n\nартикул: EPUAE8UPO",
        "product_other_2": "Jung A 500 Шампань накладка 1-ой наклонной ТЛФ/комп розетки A569-1PLUACH        \n\n\nартикул: A569-1PLUACH",
        "product_img": "https://jung-pro.ru//assets/images/products/1213/502754a36b9a59e77cab4188f3243a5b.jpeg"
    },
    "EPUAE8-8UPO + A569-2BFPLUACH": {
        "product_title": "Розетка телефонная двойная RJ11 EPUAE8-8UPO + A569-2BFPLUACH",
        "product_brand": "Jung",
        "product_series": "A creation, A Flow, A 550",
        "product_article": "EPUAE8-8UPO + A569-2BFPLUACH",
        "product_material": "шампань",
        "product_color": "Розетки телеф/комп",
        "product_type": "двойная",
        "product_kind_material": "Jung",
        "product_type_surface": "A creation, A Flow, A 550",
        "product_halogen_free": "EPUAE8-8UPO + A569-2BFPLUACH",
        "product_mounting_orientation": "шампань",
        "product_field_of_inscription": "Розетки телеф/комп",
        "product_height": "дуропласт",
        "product_width": "глянцевый",
        "product_without_baffle": "да",
        "product_hinged_lid": "в сборе с механизмом",
        "product_degree_of_protection": "220-250В",
        "product_number_of_posts": "нет",
        "product_other_1": "Jung телефонная UAE розетка, 8-ми полюсная; два терминала EPUAE8-8UPO        \n\n\nартикул: EPUAE8-8UPO",
        "product_other_2": "Jung A 500 Шампань накладка для модульных гнезд A569-2BFPLUACH        \n\n\nартикул: A569-2BFPLUACH",
        "product_img": "https://jung-pro.ru//assets/images/products/1209/10b78a874097cc06a815671068cb0fce.jpeg"
    },
    "EPUAE8UPOK6 + A569-1PLUACH": {
        "product_title": "Розетка компьютерная одинарная RJ45 6-й кат. EPUAE8UPOK6 + A569-1PLUACH",
        "product_brand": "Jung",
        "product_series": "A creation, A Flow, A 550",
        "product_article": "EPUAE8UPOK6 + A569-1PLUACH",
        "product_material": "шампань",
        "product_color": "Розетки телеф/комп",
        "product_type": "одинарная",
        "product_kind_material": "Jung",
        "product_type_surface": "A creation, A Flow, A 550",
        "product_halogen_free": "EPUAE8UPOK6 + A569-1PLUACH",
        "product_mounting_orientation": "шампань",
        "product_field_of_inscription": "Розетки телеф/комп",
        "product_height": "дуропласт",
        "product_width": "глянцевый",
        "product_without_baffle": "да",
        "product_hinged_lid": "в сборе с механизмом",
        "product_degree_of_protection": "220-250В",
        "product_number_of_posts": "нет",
        "product_other_1": "Компьютерная UAE розетка 6-й категории, 8-ми полюсная, экранированная, один терминал EPUAE8UPOK6        \n\n\nартикул: EPUAE8UPOK6",
        "product_other_2": "Jung A 500 Шампань накладка 1-ой наклонной ТЛФ/комп розетки A569-1PLUACH        \n\n\nартикул: A569-1PLUACH",
        "product_img": "https://jung-pro.ru//assets/images/products/1215/bc758c30bef3f584b2a4fb0a7fe73221.jpeg"
    },
    "EPUAE8-8UPOK6 + A569-2BFPLUACH": {
        "product_title": "Розетка компьютерная двойная RJ45 6-й кат. EPUAE8-8UPOK6 + A569-2BFPLUACH",
        "product_brand": "Jung",
        "product_series": "A creation, A Flow, A 550",
        "product_article": "EPUAE8-8UPOK6 + A569-2BFPLUACH",
        "product_material": "шампань",
        "product_color": "Розетки телеф/комп",
        "product_type": "двойная",
        "product_kind_material": "Jung",
        "product_type_surface": "A creation, A Flow, A 550",
        "product_halogen_free": "EPUAE8-8UPOK6 + A569-2BFPLUACH",
        "product_mounting_orientation": "шампань",
        "product_field_of_inscription": "Розетки телеф/комп",
        "product_height": "дуропласт",
        "product_width": "глянцевый",
        "product_without_baffle": "да",
        "product_hinged_lid": "в сборе с механизмом",
        "product_degree_of_protection": "220-250В",
        "product_number_of_posts": "нет",
        "product_other_1": "Jung Компьютерная UAE розетка 6-й категории, 8-ми полюсная, экранированная; два терминала EPUAE8-8UPOK6        \n\n\nартикул: EPUAE8-8UPOK6",
        "product_other_2": "Jung A 500 Шампань накладка для модульных гнезд A569-2BFPLUACH        \n\n\nартикул: A569-2BFPLUACH",
        "product_img": "https://jung-pro.ru//assets/images/products/1211/acedb407551ce46f152eb83ffaafe94f.jpeg"
    },
    "SLA2WW + a569pltCH": {
        "product_title": "Розетка для стерео-громкоговорителя SLA2WW + a569pltCH",
        "product_brand": "Jung",
        "product_series": "A creation, A Flow, A 550",
        "product_article": "SLA2WW + a569pltCH",
        "product_material": "шампань",
        "product_color": "Розетки акустические",
        "product_type": "двойная",
        "product_kind_material": "Jung",
        "product_type_surface": "A creation, A Flow, A 550",
        "product_halogen_free": "SLA2WW + a569pltCH",
        "product_mounting_orientation": "шампань",
        "product_field_of_inscription": "Розетки акустические",
        "product_height": "дуропласт",
        "product_width": "глянцевый",
        "product_without_baffle": "да",
        "product_hinged_lid": "в сборе с механизмом",
        "product_degree_of_protection": "220-250В",
        "product_number_of_posts": "нет",
        "product_other_1": "Jung A 500 Шампань накладка розетки TAE, моно-/стерео аудио розетки A569PLTCH        \n\n\nартикул: A569PLTCH",
        "product_other_2": "Jung Мех Аудиорозетка (стерео) белый SLA2WW        \n\n\nартикул: SLA2WW",
        "product_img": "https://jung-pro.ru//assets/images/products/1528/a569pltch.jpeg"
    },
    "509VU + A595PCH": {
        "product_title": "Выключатель управления жалюзи клавишный, 10 А / 250 В~ 509VU + A595PCH",
        "product_brand": "Jung",
        "product_series": "A creation, A Flow, A 550",
        "product_article": "509VU + A595PCH",
        "product_material": "шампань",
        "product_color": "Управление жалюзи",
        "product_type": "Jung",
        "product_kind_material": "A creation, A Flow, A 550",
        "product_type_surface": "509VU + A595PCH",
        "product_halogen_free": "шампань",
        "product_mounting_orientation": "Управление жалюзи",
        "product_field_of_inscription": "дуропласт",
        "product_height": "глянцевый",
        "product_width": "да",
        "product_without_baffle": "в сборе с механизмом",
        "product_hinged_lid": "220-250В",
        "product_degree_of_protection": "нет",
        "product_number_of_posts": "клавишный",
        "product_other_1": "Jung Выключатель для управления жалюзи с блокировкой одновременного нажатия 509VU        \n\n\nартикул: 509VU",
        "product_other_2": "Jung A 500 Шампань клавиша для жалюзи выключателя A595PCH        \n\n\nартикул: A595PCH",
        "product_img": "https://jung-pro.ru//assets/images/products/1483/a595pch.jpg"
    },
    "539VU + A595PCH": {
        "product_title": "Выключатель управления жалюзи кнопочный, 10 А / 250 В~ 539VU + A595PCH",
        "product_brand": "Jung",
        "product_series": "A creation, A Flow, A 550",
        "product_article": "539VU + A595PCH",
        "product_material": "шампань",
        "product_color": "Управление жалюзи",
        "product_type": "Jung",
        "product_kind_material": "A creation, A Flow, A 550",
        "product_type_surface": "539VU + A595PCH",
        "product_halogen_free": "шампань",
        "product_mounting_orientation": "Управление жалюзи",
        "product_field_of_inscription": "дуропласт",
        "product_height": "глянцевый",
        "product_width": "да",
        "product_without_baffle": "в сборе с механизмом",
        "product_hinged_lid": "220-250В",
        "product_degree_of_protection": "нет",
        "product_number_of_posts": "кнопочный",
        "product_other_1": "Jung Мех Выключатель жалюзийный кнопочный с мех блокировкой одновременного нажатия 539VU        \n\n\nартикул: 539VU",
        "product_other_2": "Jung A 500 Шампань клавиша для жалюзи выключателя A595PCH        \n\n\nартикул: A595PCH",
        "product_img": "https://jung-pro.ru//assets/images/products/1485/a595pch.jpg"
    },
    "1730DD + A1540CH": {
        "product_title": "Светорегулятор поворотно-нажимной LED 3-60Вт., 20-210Вт ламп накал. и галог., шампань 1730DD + A1540CH",
        "product_brand": "Jung",
        "product_series": "A creation, A Flow, A 550",
        "product_article": "1730DD + A1540CH",
        "product_material": "шампань",
        "product_color": "Светорегуляторы",
        "product_type": "Jung",
        "product_kind_material": "A creation, A Flow, A 550",
        "product_type_surface": "1730DD + A1540CH",
        "product_halogen_free": "шампань",
        "product_mounting_orientation": "Светорегуляторы",
        "product_field_of_inscription": "дуропласт",
        "product_height": "глянцевый",
        "product_width": "да",
        "product_without_baffle": "в сборе с механизмом",
        "product_hinged_lid": "да",
        "product_degree_of_protection": "220-250В",
        "product_number_of_posts": "нет",
        "product_other_1": "Механизм светорегулятора Jung поворотно-нажимного для LED 3-60Вт., 20-210Вт ламп накал. и галог. 1730DD        \n\n\nартикул: 1730DD",
        "product_img": "https://jung-pro.ru//assets/images/products/3179/a1540ch.jpg"
    },
    "1731DD + A1540CH": {
        "product_title": "Светорегулятор универсальный поворотно-нажимной LED 3-100Вт., 20-420Вт ламп накал. и галог., шампань 1731DD + A1540CH",
        "product_brand": "Jung",
        "product_series": "A creation, A Flow, A 550",
        "product_article": "1731DD + A1540CH",
        "product_material": "шампань",
        "product_color": "Светорегуляторы",
        "product_type": "Jung",
        "product_kind_material": "A creation, A Flow, A 550",
        "product_type_surface": "1731DD + A1540CH",
        "product_halogen_free": "шампань",
        "product_mounting_orientation": "Светорегуляторы",
        "product_field_of_inscription": "дуропласт",
        "product_height": "глянцевый",
        "product_width": "да",
        "product_without_baffle": "в сборе с механизмом",
        "product_hinged_lid": "да",
        "product_degree_of_protection": "220-250В",
        "product_number_of_posts": "нет",
        "product_other_1": "JUNG Роторный диммер универсальный LED 3-210 вт, 20-420Вт ламп накал. и галог., 1731DD        \n\n\nартикул: 1731DD",
        "product_img": "https://jung-pro.ru//assets/images/products/3408/a1540ch.jpg"
    },
    "211GDE + A1540CH": {
        "product_title": "Светорегулятор поворотный 100-1000 Вт. для ламп накаливания и галог.220В 211GDE + A1540CH",
        "product_brand": "Jung",
        "product_series": "A creation, A Flow, A 550",
        "product_article": "211GDE + A1540CH",
        "product_material": "шампань",
        "product_color": "Светорегуляторы",
        "product_type": "Jung",
        "product_kind_material": "A creation, A Flow, A 550",
        "product_type_surface": "211GDE + A1540CH",
        "product_halogen_free": "шампань",
        "product_mounting_orientation": "Светорегуляторы",
        "product_field_of_inscription": "дуропласт",
        "product_height": "глянцевый",
        "product_width": "да",
        "product_without_baffle": "в сборе с механизмом",
        "product_hinged_lid": "220-250В",
        "product_degree_of_protection": "нет",
        "product_number_of_posts": "механизм с накладкой",
        "product_other_1": "Jung механизм светорегуляторп поворотно-нажимного 100-1000 Вт для л/н 211GDE        \n\n\nартикул: 211GDE",
        "product_img": "https://jung-pro.ru//assets/images/products/1401/744c973ad707e4adb235907e5e465725.jpg"
    },
    "FTR231U + AFTR231PLCH": {
        "product_title": "Регулятор теплого пола Jung 230В/10А с выносным датчиком FTR231U + AFTR231PLCH",
        "product_brand": "Jung",
        "product_series": "A creation, A Flow, A 550",
        "product_article": "FTR231U + AFTR231PLCH",
        "product_material": "шампань",
        "product_color": "Терморегуляторы теплого пола",
        "product_type": "Jung",
        "product_kind_material": "A creation, A Flow, A 550",
        "product_type_surface": "FTR231U + AFTR231PLCH",
        "product_halogen_free": "шампань",
        "product_mounting_orientation": "Терморегуляторы теплого пола",
        "product_field_of_inscription": "нет",
        "product_height": "дуропласт",
        "product_width": "глянцевый",
        "product_without_baffle": "да",
        "product_hinged_lid": "в сборе с механизмом",
        "product_degree_of_protection": "220-250В",
        "product_number_of_posts": "нет",
        "product_other_1": "Jung A накладка регулятора тёплого пола Шампань AFTR231PLCH        \n\n\nартикул: AFTR231PLCH",
        "product_other_2": "Механизм терморегулятора пола JUNG с датчиком пола 4 м        \n\n\nартикул: FTR231U",
        "product_img": "https://jung-pro.ru//assets/images/products/1442/742443bbfb634a0c99528b57612067c9.jpeg"
    },
    "1201URE + a1180CH": {
        "product_title": "Автоматический выключатель 230 В~ , 40-400Вт, трехпроводное подключение, высота монтажа 1,1м 1201URE + a1180CH",
        "product_brand": "Jung",
        "product_series": "A creation, A Flow, A 550",
        "product_article": "1201URE + a1180CH",
        "product_material": "шампань",
        "product_color": "Выключатели автоматические",
        "product_type": "Jung",
        "product_kind_material": "A creation, A Flow, A 550",
        "product_type_surface": "1201URE + a1180CH",
        "product_halogen_free": "шампань",
        "product_mounting_orientation": "Выключатели автоматические",
        "product_field_of_inscription": "дуропласт",
        "product_height": "глянцевый",
        "product_width": "да",
        "product_without_baffle": "в сборе с механизмом",
        "product_hinged_lid": "220-250В",
        "product_degree_of_protection": "нет",
        "product_number_of_posts": "механизм с накладкой",
        "product_other_1": "Jung Шампань Датчик движения \"стандарт\" для установки на высоте 1,1 м A1180CH        \n\n\nартикул: A1180CH",
        "product_other_2": "Jung механизм Электронный выключатель 1-канальный(необходима нейтраль) 1201URE        \n\n\nартикул: 1201URE",
        "product_img": "https://jung-pro.ru//assets/images/products/986/43f26c3e8acc239a12d6b99cd7349a5d.jpeg"
    },
    "A590ACH": {
        "product_title": "Вывод кабеля с суппортом A590ACH",
        "product_brand": "JUNG",
        "product_series": "A creation, A Flow, A 550",
        "product_article": "A590ACH",
        "product_material": "шампань",
        "product_color": "Вывод кабеля",
        "product_type": "JUNG",
        "product_kind_material": "A creation, A Flow, A 550",
        "product_type_surface": "A590ACH",
        "product_halogen_free": "шампань",
        "product_mounting_orientation": "Вывод кабеля",
        "product_field_of_inscription": "дуропласт",
        "product_height": "глянцевый",
        "product_width": "да",
        "product_without_baffle": "в сборе с механизмом",
        "product_hinged_lid": "нет",
        "product_degree_of_protection": "механизм с накладкой",
        "product_number_of_posts": "встроенный монтаж",
        "product_img": "https://jung-pro.ru//assets/site/img/thumb_default.jpg"
    },
    "A594-0CH": {
        "product_title": "Заглушка с опорной пластиной A594-0CH",
        "product_brand": "Jung",
        "product_series": "A creation, A Flow, A 550",
        "product_article": "A594-0CH",
        "product_material": "шампань",
        "product_color": "Заглушки",
        "product_type": "Jung",
        "product_kind_material": "A creation, A Flow, A 550",
        "product_type_surface": "A594-0CH",
        "product_halogen_free": "шампань",
        "product_mounting_orientation": "Заглушки",
        "product_field_of_inscription": "дуропласт",
        "product_height": "глянцевый",
        "product_width": "да",
        "product_without_baffle": "в сборе с механизмом",
        "product_hinged_lid": "нет",
        "product_degree_of_protection": "механизм с накладкой",
        "product_number_of_posts": "встроенный монтаж",
        "product_img": "https://jung-pro.ru//assets/images/products/1014/e6e4aa5b25a18665d54b4df0032f7ea9.jpg"
    }
}