{
    "EPUAE8UPOK6 + A569-1PLUACH": {
        "product_title": "Розетка компьютерная одинарная RJ45 6-й кат. EPUAE8UPOK6 + A569-1PLUACH",
        "product_brand": "Jung",
        "product_series": "A creation, A Flow, A 550",
        "product_article": "EPUAE8UPOK6 + A569-1PLUACH",
        "product_material": "шампань",
        "product_color": "Розетки телеф/комп",
        "product_type": "одинарная",
        "product_kind_material": "Jung",
        "product_type_surface": "A creation, A Flow, A 550",
        "product_halogen_free": "EPUAE8UPOK6 + A569-1PLUACH",
        "product_mounting_orientation": "шампань",
        "product_field_of_inscription": "Розетки телеф/комп",
        "product_height": "дуропласт",
        "product_width": "глянцевый",
        "product_without_baffle": "да",
        "product_hinged_lid": "в сборе с механизмом",
        "product_degree_of_protection": "220-250В",
        "product_number_of_posts": "нет",
        "product_other_1": "Компьютерная UAE розетка 6-й категории, 8-ми полюсная, экранированная, один терминал EPUAE8UPOK6        \n\n\nартикул: EPUAE8UPOK6",
        "product_other_2": "Jung A 500 Шампань накладка 1-ой наклонной ТЛФ/комп розетки A569-1PLUACH        \n\n\nартикул: A569-1PLUACH",
        "product_img": "https://jung-pro.ru//assets/images/products/1215/bc758c30bef3f584b2a4fb0a7fe73221.jpeg"
    }
}