{
    "501u + A590CH": {
        "product_title": "Выключатель одноклавишный, 10 А / 250 В~ 501u + A590CH",
        "product_brand": "Jung",
        "product_series": "A creation, A Flow, A 550",
        "product_article": "501u + A590CH",
        "product_material": "шампань",
        "product_color": "Выключатели",
        "product_type": "Jung",
        "product_kind_material": "A creation, A Flow, A 550",
        "product_type_surface": "501u + A590CH",
        "product_halogen_free": "шампань",
        "product_mounting_orientation": "Выключатели",
        "product_field_of_inscription": "дуропласт",
        "product_height": "глянцевый",
        "product_width": "да",
        "product_without_baffle": "в сборе с механизмом",
        "product_hinged_lid": "нет",
        "product_degree_of_protection": "220-250В",
        "product_number_of_posts": "нет",
        "product_other_1": "Jung Механизм Выключатель 1-клавишный 10AX 250V 501U        \n\n\nартикул: 501U",
        "product_other_2": "Jung A 500 Шампань клавиша 1-я A590CH        \n\n\nартикул: A590CH",
        "product_img": "https://jung-pro.ru//assets/images/products/862/43c7157191a7d8b8e96e03c2049ac9ba.jpg"
    }
}