{
    "S4100 + A561PLSATCH": {
        "product_title": "Розетка телевизионная оконечная TV SAT FM, диапазон частот от 4 до 2400 MГц S4100 + A561PLSATCH",
        "product_brand": "Jung",
        "product_series": "A creation, A Flow, A 550",
        "product_article": "S4100 + A561PLSATCH",
        "product_material": "шампань",
        "product_color": "Розетки TV",
        "product_type": "Jung",
        "product_kind_material": "A creation, A Flow, A 550",
        "product_type_surface": "S4100 + A561PLSATCH",
        "product_halogen_free": "шампань",
        "product_mounting_orientation": "Розетки TV",
        "product_field_of_inscription": "дуропласт",
        "product_height": "глянцевый",
        "product_width": "да",
        "product_without_baffle": "в сборе с механизмом",
        "product_hinged_lid": "220-250В",
        "product_degree_of_protection": "нет",
        "product_number_of_posts": "механизм с накладкой",
        "product_other_1": "Розетка универсальная для систем приема спутникового, эфирного и кабельного вещания, оконечная S4100        \n\n\nартикул: S4100",
        "product_other_2": "Jung A 500 Шампань накладка TV-SAT-FM розетки A561PLSATCH        \n\n\nартикул: A561PLSATCH",
        "product_img": "https://jung-pro.ru//assets/images/products/1089/a561plsatch.jpeg"
    }
}