{
    "AC583CH": {
        "product_title": "Рамка тройная, для горизон./вертик. монтажа Jung A Creation, шампань AC583CH",
        "product_brand": "Jung",
        "product_series": "A creation",
        "product_article": "AC583CH",
        "product_material": "шампань",
        "product_color": "Рамки",
        "product_type": "Jung",
        "product_kind_material": "A creation",
        "product_type_surface": "AC583CH",
        "product_halogen_free": "шампань",
        "product_mounting_orientation": "Рамки",
        "product_field_of_inscription": "дуропласт",
        "product_height": "глянцевый",
        "product_width": "да",
        "product_without_baffle": "горизонтальная,вертикальная",
        "product_hinged_lid": "нет",
        "product_degree_of_protection": "84",
        "product_number_of_posts": "226",
        "product_img": "https://jung-pro.ru//assets/images/products/674/7a4362219af4816a9c0bfa472005c119.jpeg"
    }
}