{
    "A1520BFKLCH": {
        "product_title": "Розетка с заземляющими контактами 16 А / 250 В~, с откидной крышкой A1520BFKLCH",
        "product_brand": "Jung",
        "product_series": "A creation, A Flow, A 550",
        "product_article": "A1520BFKLCH",
        "product_material": "шампань",
        "product_color": "Розетки электрические",
        "product_type": "одинарная",
        "product_kind_material": "Jung",
        "product_type_surface": "A creation, A Flow, A 550",
        "product_halogen_free": "A1520BFKLCH",
        "product_mounting_orientation": "шампань",
        "product_field_of_inscription": "Розетки электрические",
        "product_height": "дуропласт",
        "product_width": "глянцевый",
        "product_without_baffle": "да",
        "product_hinged_lid": "в сборе с механизмом",
        "product_degree_of_protection": "нет",
        "product_number_of_posts": "220-250В",
        "product_img": "https://jung-pro.ru//assets/images/products/1307/433913a464bb16e13024ac8364acfa54.jpeg"
    }
}