{
    "509VU + A595PCH": {
        "product_title": "Выключатель управления жалюзи клавишный, 10 А / 250 В~ 509VU + A595PCH",
        "product_brand": "Jung",
        "product_series": "A creation, A Flow, A 550",
        "product_article": "509VU + A595PCH",
        "product_material": "шампань",
        "product_color": "Управление жалюзи",
        "product_type": "Jung",
        "product_kind_material": "A creation, A Flow, A 550",
        "product_type_surface": "509VU + A595PCH",
        "product_halogen_free": "шампань",
        "product_mounting_orientation": "Управление жалюзи",
        "product_field_of_inscription": "дуропласт",
        "product_height": "глянцевый",
        "product_width": "да",
        "product_without_baffle": "в сборе с механизмом",
        "product_hinged_lid": "220-250В",
        "product_degree_of_protection": "нет",
        "product_number_of_posts": "клавишный",
        "product_other_1": "Jung Выключатель для управления жалюзи с блокировкой одновременного нажатия 509VU        \n\n\nартикул: 509VU",
        "product_other_2": "Jung A 500 Шампань клавиша для жалюзи выключателя A595PCH        \n\n\nартикул: A595PCH",
        "product_img": "https://jung-pro.ru//assets/images/products/1483/a595pch.jpg"
    }
}