{
    "507u + A590CH": {
        "product_title": "Выключатель одноклавишный перекрестный (вкл/выкл с 3-х мест) 10 А / 250 В~ 507u + A590CH",
        "product_brand": "Jung",
        "product_series": "A creation, A Flow, A 550",
        "product_article": "507u + A590CH",
        "product_material": "шампань",
        "product_color": "Выключатели",
        "product_type": "Jung",
        "product_kind_material": "A creation, A Flow, A 550",
        "product_type_surface": "507u + A590CH",
        "product_halogen_free": "шампань",
        "product_mounting_orientation": "Выключатели",
        "product_field_of_inscription": "дуропласт",
        "product_height": "глянцевый",
        "product_width": "да",
        "product_without_baffle": "в сборе с механизмом",
        "product_hinged_lid": "нет",
        "product_degree_of_protection": "220-250В",
        "product_number_of_posts": "нет",
        "product_other_1": "Jung Мех Переключатель 1-клавишный перекрестный 507U        \n\n\nартикул: 507U",
        "product_other_2": "Jung A 500 Шампань клавиша 1-я A590CH        \n\n\nартикул: A590CH",
        "product_img": "https://jung-pro.ru//assets/images/products/872/7b4b1a2a1686de4b729dbf73bd748b7f.jpg"
    }
}