{
    "A590ACH": {
        "product_title": "Вывод кабеля с суппортом A590ACH",
        "product_brand": "JUNG",
        "product_series": "A creation, A Flow, A 550",
        "product_article": "A590ACH",
        "product_material": "шампань",
        "product_color": "Вывод кабеля",
        "product_type": "JUNG",
        "product_kind_material": "A creation, A Flow, A 550",
        "product_type_surface": "A590ACH",
        "product_halogen_free": "шампань",
        "product_mounting_orientation": "Вывод кабеля",
        "product_field_of_inscription": "дуропласт",
        "product_height": "глянцевый",
        "product_width": "да",
        "product_without_baffle": "в сборе с механизмом",
        "product_hinged_lid": "нет",
        "product_degree_of_protection": "механизм с накладкой",
        "product_number_of_posts": "встроенный монтаж",
        "product_img": "https://jung-pro.ru//assets/site/img/thumb_default.jpg"
    }
}