{
    "AC581CH": {
        "product_title": "Рамка одинарная Jung A Creation, шампань AC581CH",
        "product_brand": "Jung",
        "product_series": "A creation",
        "product_article": "AC581CH",
        "product_material": "шампань",
        "product_color": "Рамки",
        "product_type": "Jung",
        "product_kind_material": "A creation",
        "product_type_surface": "AC581CH",
        "product_halogen_free": "шампань",
        "product_mounting_orientation": "Рамки",
        "product_field_of_inscription": "дуропласт",
        "product_height": "глянцевый",
        "product_width": "да",
        "product_without_baffle": "горизонтальная,вертикальная",
        "product_hinged_lid": "нет",
        "product_degree_of_protection": "84",
        "product_number_of_posts": "84",
        "product_img": "https://jung-pro.ru//assets/images/products/666/7b0aeea57ae8fd40cff2caaeef41a5bf.jpeg"
    }
}