{
    "506u + 90 + A590KO5CH": {
        "product_title": "Выключатель одноклавишный с подсветкой, универс. (вкл/выкл с 2-х мест) 10 А / 250 В~ 506u + 90 + A590KO5CH",
        "product_brand": "Jung",
        "product_series": "A creation, A Flow, A 550",
        "product_article": "506u + 90 + A590KO5CH",
        "product_material": "шампань",
        "product_color": "Выключатели",
        "product_type": "Jung",
        "product_kind_material": "A creation, A Flow, A 550",
        "product_type_surface": "506u + 90 + A590KO5CH",
        "product_halogen_free": "шампань",
        "product_mounting_orientation": "Выключатели",
        "product_field_of_inscription": "дуропласт",
        "product_height": "глянцевый",
        "product_width": "да",
        "product_without_baffle": "в сборе с механизмом",
        "product_hinged_lid": "нет",
        "product_degree_of_protection": "220-250В",
        "product_number_of_posts": "нет",
        "product_other_1": "Jung Мех Лампа неоновая для 1-клавишных механизмов 230V, 1,1mA 90        \n\n\nартикул: 90",
        "product_other_2": "Выключатель 10AX 250V универсальный 506U        \n\n\nартикул: 506U",
        "product_other_3": "Jung A 500 Шампань клавиша 1-я с подсветкой A590KO5CH        \n\n\nартикул: A590KO5CH",
        "product_img": "https://jung-pro.ru//assets/images/products/868/10d6d619e58361a12046a41cfd7dd095.jpg"
    }
}