{
    "A1520-18ACH": {
        "product_title": "Розетка с заземлением + USB тип A, Jung 16А/250В шампань A1520-18ACH",
        "product_brand": "JUNG",
        "product_series": "A creation, A Flow, A 550",
        "product_article": "A1520-18ACH",
        "product_material": "шампань",
        "product_color": "Розетки электрические",
        "product_type": "двойная",
        "product_kind_material": "JUNG",
        "product_type_surface": "A creation, A Flow, A 550",
        "product_halogen_free": "A1520-18ACH",
        "product_mounting_orientation": "шампань",
        "product_field_of_inscription": "Розетки электрические",
        "product_height": "дуропласт",
        "product_width": "матовый",
        "product_without_baffle": "да",
        "product_hinged_lid": "лапками и винтами",
        "product_degree_of_protection": "220-250В",
        "product_number_of_posts": "нет",
        "product_img": "https://jung-pro.ru//assets/images/products/3350/jung-a1520-18ach.png"
    }
}