{
    "EPUAE8-8UPO + A569-2BFPLUACH": {
        "product_title": "Розетка телефонная двойная RJ11 EPUAE8-8UPO + A569-2BFPLUACH",
        "product_brand": "Jung",
        "product_series": "A creation, A Flow, A 550",
        "product_article": "EPUAE8-8UPO + A569-2BFPLUACH",
        "product_material": "шампань",
        "product_color": "Розетки телеф/комп",
        "product_type": "двойная",
        "product_kind_material": "Jung",
        "product_type_surface": "A creation, A Flow, A 550",
        "product_halogen_free": "EPUAE8-8UPO + A569-2BFPLUACH",
        "product_mounting_orientation": "шампань",
        "product_field_of_inscription": "Розетки телеф/комп",
        "product_height": "дуропласт",
        "product_width": "глянцевый",
        "product_without_baffle": "да",
        "product_hinged_lid": "в сборе с механизмом",
        "product_degree_of_protection": "220-250В",
        "product_number_of_posts": "нет",
        "product_other_1": "Jung телефонная UAE розетка, 8-ми полюсная; два терминала EPUAE8-8UPO        \n\n\nартикул: EPUAE8-8UPO",
        "product_other_2": "Jung A 500 Шампань накладка для модульных гнезд A569-2BFPLUACH        \n\n\nартикул: A569-2BFPLUACH",
        "product_img": "https://jung-pro.ru//assets/images/products/1209/10b78a874097cc06a815671068cb0fce.jpeg"
    }
}