{
    "551WU + A1520BFKLCH": {
        "product_title": "Розетка с заземляющими контактами 16 А / 250 В~, с откидной крышкой и уплотнительной мембраной IP44 551WU + A1520BFKLCH",
        "product_brand": "Jung",
        "product_series": "A creation, A Flow, A 550",
        "product_article": "551WU + A1520BFKLCH",
        "product_material": "шампань",
        "product_color": "Розетки электрические",
        "product_type": "одинарная",
        "product_kind_material": "Jung",
        "product_type_surface": "A creation, A Flow, A 550",
        "product_halogen_free": "551WU + A1520BFKLCH",
        "product_mounting_orientation": "шампань",
        "product_field_of_inscription": "Розетки электрические",
        "product_height": "дуропласт",
        "product_width": "глянцевый",
        "product_without_baffle": "да",
        "product_hinged_lid": "в сборе с механизмом",
        "product_degree_of_protection": "нет",
        "product_number_of_posts": "220-250В",
        "product_other_1": "Уплотнительная мембрана для влагозащиты 551WU        \n\n\nартикул: 551WU",
        "product_other_2": "Розетка с заземляющими контактами 16 А / 250 В~, с откидной крышкой A1520BFKLCH        \n\n\nартикул: A1520BFKLCH                            материал: пластик                            цвет: шампань",
        "product_img": "https://jung-pro.ru//assets/images/products/1310/8470899c07e91d8ef07cc0bb29ce60ed.jpeg"
    }
}