{
    "FTR231U + AFTR231PLCH": {
        "product_title": "Регулятор теплого пола Jung 230В/10А с выносным датчиком FTR231U + AFTR231PLCH",
        "product_brand": "Jung",
        "product_series": "A creation, A Flow, A 550",
        "product_article": "FTR231U + AFTR231PLCH",
        "product_material": "шампань",
        "product_color": "Терморегуляторы теплого пола",
        "product_type": "Jung",
        "product_kind_material": "A creation, A Flow, A 550",
        "product_type_surface": "FTR231U + AFTR231PLCH",
        "product_halogen_free": "шампань",
        "product_mounting_orientation": "Терморегуляторы теплого пола",
        "product_field_of_inscription": "нет",
        "product_height": "дуропласт",
        "product_width": "глянцевый",
        "product_without_baffle": "да",
        "product_hinged_lid": "в сборе с механизмом",
        "product_degree_of_protection": "220-250В",
        "product_number_of_posts": "нет",
        "product_other_1": "Jung A накладка регулятора тёплого пола Шампань AFTR231PLCH        \n\n\nартикул: AFTR231PLCH",
        "product_other_2": "Механизм терморегулятора пола JUNG с датчиком пола 4 м        \n\n\nартикул: FTR231U",
        "product_img": "https://jung-pro.ru//assets/images/products/1442/742443bbfb634a0c99528b57612067c9.jpeg"
    }
}