{
    "SLA2WW + a569pltCH": {
        "product_title": "Розетка для стерео-громкоговорителя SLA2WW + a569pltCH",
        "product_brand": "Jung",
        "product_series": "A creation, A Flow, A 550",
        "product_article": "SLA2WW + a569pltCH",
        "product_material": "шампань",
        "product_color": "Розетки акустические",
        "product_type": "двойная",
        "product_kind_material": "Jung",
        "product_type_surface": "A creation, A Flow, A 550",
        "product_halogen_free": "SLA2WW + a569pltCH",
        "product_mounting_orientation": "шампань",
        "product_field_of_inscription": "Розетки акустические",
        "product_height": "дуропласт",
        "product_width": "глянцевый",
        "product_without_baffle": "да",
        "product_hinged_lid": "в сборе с механизмом",
        "product_degree_of_protection": "220-250В",
        "product_number_of_posts": "нет",
        "product_other_1": "Jung A 500 Шампань накладка розетки TAE, моно-/стерео аудио розетки A569PLTCH        \n\n\nартикул: A569PLTCH",
        "product_other_2": "Jung Мех Аудиорозетка (стерео) белый SLA2WW        \n\n\nартикул: SLA2WW",
        "product_img": "https://jung-pro.ru//assets/images/products/1528/a569pltch.jpeg"
    }
}