{
    "505u + A595CH": {
        "product_title": "Выключатель двухклавишный, 10 А / 250 В~ 505u + A595CH",
        "product_brand": "Jung",
        "product_series": "A creation, A Flow, A 550",
        "product_article": "505u + A595CH",
        "product_material": "шампань",
        "product_color": "Выключатели",
        "product_type": "Jung",
        "product_kind_material": "A creation, A Flow, A 550",
        "product_type_surface": "505u + A595CH",
        "product_halogen_free": "шампань",
        "product_mounting_orientation": "Выключатели",
        "product_field_of_inscription": "дуропласт",
        "product_height": "глянцевый",
        "product_width": "да",
        "product_without_baffle": "в сборе с механизмом",
        "product_hinged_lid": "нет",
        "product_degree_of_protection": "220-250В",
        "product_number_of_posts": "нет",
        "product_other_1": "Выключатель 10AX 250V сдвоенный 505U        \n\n\nартикул: 505U",
        "product_other_2": "Jung A 500 Шампань клавиша 2-я A595CH        \n\n\nартикул: A595CH",
        "product_img": "https://jung-pro.ru//assets/images/products/864/398bf30b4c72988b78af3cf10e2d2375.jpg"
    }
}