{
    "EPUAE8-8UPOK6 + A569-2BFPLUACH": {
        "product_title": "Розетка компьютерная двойная RJ45 6-й кат. EPUAE8-8UPOK6 + A569-2BFPLUACH",
        "product_brand": "Jung",
        "product_series": "A creation, A Flow, A 550",
        "product_article": "EPUAE8-8UPOK6 + A569-2BFPLUACH",
        "product_material": "шампань",
        "product_color": "Розетки телеф/комп",
        "product_type": "двойная",
        "product_kind_material": "Jung",
        "product_type_surface": "A creation, A Flow, A 550",
        "product_halogen_free": "EPUAE8-8UPOK6 + A569-2BFPLUACH",
        "product_mounting_orientation": "шампань",
        "product_field_of_inscription": "Розетки телеф/комп",
        "product_height": "дуропласт",
        "product_width": "глянцевый",
        "product_without_baffle": "да",
        "product_hinged_lid": "в сборе с механизмом",
        "product_degree_of_protection": "220-250В",
        "product_number_of_posts": "нет",
        "product_other_1": "Jung Компьютерная UAE розетка 6-й категории, 8-ми полюсная, экранированная; два терминала EPUAE8-8UPOK6        \n\n\nартикул: EPUAE8-8UPOK6",
        "product_other_2": "Jung A 500 Шампань накладка для модульных гнезд A569-2BFPLUACH        \n\n\nартикул: A569-2BFPLUACH",
        "product_img": "https://jung-pro.ru//assets/images/products/1211/acedb407551ce46f152eb83ffaafe94f.jpeg"
    }
}