{
    "A594-0CH": {
        "product_title": "Заглушка с опорной пластиной A594-0CH",
        "product_brand": "Jung",
        "product_series": "A creation, A Flow, A 550",
        "product_article": "A594-0CH",
        "product_material": "шампань",
        "product_color": "Заглушки",
        "product_type": "Jung",
        "product_kind_material": "A creation, A Flow, A 550",
        "product_type_surface": "A594-0CH",
        "product_halogen_free": "шампань",
        "product_mounting_orientation": "Заглушки",
        "product_field_of_inscription": "дуропласт",
        "product_height": "глянцевый",
        "product_width": "да",
        "product_without_baffle": "в сборе с механизмом",
        "product_hinged_lid": "нет",
        "product_degree_of_protection": "механизм с накладкой",
        "product_number_of_posts": "встроенный монтаж",
        "product_img": "https://jung-pro.ru//assets/images/products/1014/e6e4aa5b25a18665d54b4df0032f7ea9.jpg"
    }
}