{
    "AS585": {
        "product_title": "Рамка на 5 постов, горизонтальная/вертикальная Jung AS 500, слоновая кость AS585",
        "product_brand": "Jung",
        "product_series": "AS 500",
        "product_article": "AS585",
        "product_material": "слоновая кость",
        "product_color": "Рамки",
        "product_type": "Jung",
        "product_kind_material": "AS 500",
        "product_type_surface": "AS585",
        "product_halogen_free": "слоновая кость",
        "product_mounting_orientation": "Рамки",
        "product_field_of_inscription": "дуропласт",
        "product_height": "глянцевый",
        "product_width": "да",
        "product_without_baffle": "горизонтальная,вертикальная",
        "product_hinged_lid": "нет",
        "product_degree_of_protection": "80.5",
        "product_number_of_posts": "364.5",
        "product_img": "https://jung-pro.ru//assets/images/products/751/321e700cb5a036d207e451fbae382b03.jpeg"
    }
}