{
    "AS581": {
        "product_title": "Рамка на 1 пост Jung AS 500, слоновая кость AS581",
        "product_brand": "Jung",
        "product_series": "AS 500",
        "product_article": "AS581",
        "product_material": "слоновая кость",
        "product_color": "Рамки",
        "product_type": "Jung",
        "product_kind_material": "AS 500",
        "product_type_surface": "AS581",
        "product_halogen_free": "слоновая кость",
        "product_mounting_orientation": "Рамки",
        "product_field_of_inscription": "дуропласт",
        "product_height": "глянцевый",
        "product_width": "да",
        "product_without_baffle": "горизонтальная,вертикальная",
        "product_hinged_lid": "нет",
        "product_degree_of_protection": "80.5",
        "product_number_of_posts": "80.5",
        "product_img": "https://jung-pro.ru//assets/images/products/747/74f1b99158d4d13c3e3caaa59b7e0ecd.png"
    }
}