{
    "EPUAE8-8UPO + A569-2BFPLUA": {
        "product_title": "Розетка телефонная двойная RJ11 EPUAE8-8UPO + A569-2BFPLUA",
        "product_brand": "JUNG",
        "product_series": "AS 500, ECO Profi, Eco Profi Deco, ECO Profi Standart",
        "product_article": "EPUAE8-8UPO + A569-2BFPLUA",
        "product_material": "слоновая кость",
        "product_color": "Розетки телеф/комп",
        "product_type": "двойная",
        "product_kind_material": "JUNG",
        "product_type_surface": "AS 500, ECO Profi, Eco Profi Deco, ECO Profi Standart",
        "product_halogen_free": "EPUAE8-8UPO + A569-2BFPLUA",
        "product_mounting_orientation": "слоновая кость",
        "product_field_of_inscription": "Розетки телеф/комп",
        "product_height": "дуропласт",
        "product_width": "глянцевый",
        "product_without_baffle": "да",
        "product_hinged_lid": "в сборе с механизмом",
        "product_degree_of_protection": "220-250В",
        "product_number_of_posts": "нет",
        "product_other_1": "Jung AS 500 Крышка для модульных гнезд; слоновая кость A569-2BFPLUA        \n\n\nартикул: A569-2BFPLUA",
        "product_other_2": "Jung телефонная UAE розетка, 8-ми полюсная; два терминала EPUAE8-8UPO        \n\n\nартикул: EPUAE8-8UPO",
        "product_img": "https://jung-pro.ru//assets/images/products/1993/a569-2bfplua.jpg"
    }
}