{
    "AS582": {
        "product_title": "Рамка на 2 поста, горизонтальная/вертикальная Jung AS 500, слоновая кость AS582",
        "product_brand": "Jung",
        "product_series": "AS 500",
        "product_article": "AS582",
        "product_material": "слоновая кость",
        "product_color": "Рамки",
        "product_type": "Jung",
        "product_kind_material": "AS 500",
        "product_type_surface": "AS582",
        "product_halogen_free": "слоновая кость",
        "product_mounting_orientation": "Рамки",
        "product_field_of_inscription": "дуропласт",
        "product_height": "глянцевый",
        "product_width": "да",
        "product_without_baffle": "горизонтальная,вертикальная",
        "product_hinged_lid": "нет",
        "product_degree_of_protection": "80.5",
        "product_number_of_posts": "151.5",
        "product_img": "https://jung-pro.ru//assets/images/products/748/cac42a44f78ee05b6ac9200f29cafcd0.jpeg"
    }
}