{
    "505u + AS591-5": {
        "product_title": "Выключатель двухклавишный, 10 А / 250 В~ 505u + AS591-5",
        "product_brand": "Jung",
        "product_series": "AS 500",
        "product_article": "505u + AS591-5",
        "product_material": "слоновая кость",
        "product_color": "Выключатели",
        "product_type": "Jung",
        "product_kind_material": "AS 500",
        "product_type_surface": "505u + AS591-5",
        "product_halogen_free": "слоновая кость",
        "product_mounting_orientation": "Выключатели",
        "product_field_of_inscription": "дуропласт",
        "product_height": "глянцевый",
        "product_width": "да",
        "product_without_baffle": "в сборе с механизмом",
        "product_hinged_lid": "нет",
        "product_degree_of_protection": "220-250В",
        "product_number_of_posts": "нет",
        "product_other_1": "Jung AS 500 Бежевая клавиша 2-я AS591-5        \n\n\nартикул: AS591-5",
        "product_other_2": "Выключатель 10AX 250V сдвоенный 505U        \n\n\nартикул: 505U",
        "product_img": "https://jung-pro.ru//assets/images/products/962/jung-505ubras591-5.jpeg"
    }
}