{
    "SLA2WW + A569PLT": {
        "product_title": "Розетка для стерео-громкоговорителя SLA2WW + A569PLT",
        "product_brand": "Jung",
        "product_series": "AS 500, ECO Profi, Eco Profi Deco, ECO Profi Standart",
        "product_article": "SLA2WW + A569PLT",
        "product_material": "слоновая кость",
        "product_color": "Розетки акустические",
        "product_type": "двойная",
        "product_kind_material": "Jung",
        "product_type_surface": "AS 500, ECO Profi, Eco Profi Deco, ECO Profi Standart",
        "product_halogen_free": "SLA2WW + A569PLT",
        "product_mounting_orientation": "слоновая кость",
        "product_field_of_inscription": "Розетки акустические",
        "product_height": "дуропласт",
        "product_width": "глянцевый",
        "product_without_baffle": "да",
        "product_hinged_lid": "в сборе с механизмом",
        "product_degree_of_protection": "220-250В",
        "product_number_of_posts": "нет",
        "product_other_1": "Jung  Бежевая крышка для TAE-розетки, моно-/стерео аудио розетки A569PLT        \n\n\nартикул: A569PLT",
        "product_other_2": "Jung Мех Аудиорозетка (стерео) белый SLA2WW        \n\n\nартикул: SLA2WW",
        "product_img": "https://jung-pro.ru//assets/images/products/1156/jung-sla2wwbra569plt.jpeg"
    }
}