{
    "AS1520KL": {
        "product_title": "Розетка с заземляющими контактами 16 А / 250 В~, с откидной крышкой AS1520KL",
        "product_brand": "Jung",
        "product_series": "AS 500, ECO Profi, Eco Profi Deco, ECO Profi Standart",
        "product_article": "AS1520KL",
        "product_material": "слоновая кость",
        "product_color": "Розетки электрические",
        "product_type": "одинарная",
        "product_kind_material": "Jung",
        "product_type_surface": "AS 500, ECO Profi, Eco Profi Deco, ECO Profi Standart",
        "product_halogen_free": "AS1520KL",
        "product_mounting_orientation": "слоновая кость",
        "product_field_of_inscription": "Розетки электрические",
        "product_height": "дуропласт",
        "product_width": "глянцевый",
        "product_without_baffle": "да",
        "product_hinged_lid": "в сборе с механизмом",
        "product_degree_of_protection": "нет",
        "product_number_of_posts": "220-250В",
        "product_img": "https://jung-pro.ru//assets/images/products/1344/jung-as520kl.png"
    }
}