{
    "FTR231U + AFTR231PL": {
        "product_title": "Регулятор теплого пола Jung 230В/10А с выносным датчиком FTR231U + AFTR231PL",
        "product_brand": "Jung",
        "product_series": "AS 500, ECO Profi, Eco Profi Deco, ECO Profi Standart",
        "product_article": "FTR231U + AFTR231PL",
        "product_material": "слоновая кость",
        "product_color": "Терморегуляторы теплого пола",
        "product_type": "Jung",
        "product_kind_material": "AS 500, ECO Profi, Eco Profi Deco, ECO Profi Standart",
        "product_type_surface": "FTR231U + AFTR231PL",
        "product_halogen_free": "слоновая кость",
        "product_mounting_orientation": "Терморегуляторы теплого пола",
        "product_field_of_inscription": "нет",
        "product_height": "дуропласт",
        "product_width": "глянцевый",
        "product_without_baffle": "да",
        "product_hinged_lid": "в сборе с механизмом",
        "product_degree_of_protection": "220-250В",
        "product_number_of_posts": "нет",
        "product_other_1": "Jung AS 500 Беж накладка регулятора теплого пола AFTR231PL        \n\n\nартикул: AFTR231PL",
        "product_other_2": "Механизм терморегулятора пола JUNG с датчиком пола 4 м        \n\n\nартикул: FTR231U",
        "product_img": "https://jung-pro.ru//assets/images/products/1456/jung-fre-525-22bratr231pl.jpeg"
    }
}