{
    "211GDE + A1540": {
        "product_title": "Светорегулятор поворотный-нажимной 100-1000 Вт. для ламп накал. и галоген. Ламп, слоновая кость 211GDE + A1540",
        "product_brand": "JUNG",
        "product_series": "AS 500, ECO Profi, Eco Profi Deco, ECO Profi Standart",
        "product_article": "211GDE + A1540",
        "product_material": "слоновая кость",
        "product_color": "Светорегуляторы",
        "product_type": "JUNG",
        "product_kind_material": "AS 500, ECO Profi, Eco Profi Deco, ECO Profi Standart",
        "product_type_surface": "211GDE + A1540",
        "product_halogen_free": "слоновая кость",
        "product_mounting_orientation": "Светорегуляторы",
        "product_field_of_inscription": "дуропласт",
        "product_height": "глянцевый",
        "product_width": "да",
        "product_without_baffle": "в сборе с механизмом",
        "product_hinged_lid": "220-250В",
        "product_degree_of_protection": "нет",
        "product_number_of_posts": "поворотно-нажимной",
        "product_other_1": "Jung А  бежевая накладка светорегулятора поворотного A1540        \n\n\nартикул: A1540",
        "product_other_2": "Jung механизм светорегуляторп поворотно-нажимного 100-1000 Вт для л/н 211GDE        \n\n\nартикул: 211GDE",
        "product_img": "https://jung-pro.ru//assets/images/products/3434/a1540.jpg"
    }
}