{
    "1201URE + A1180": {
        "product_title": "Автоматический выключатель 230 В~ , 40-400Вт, трехпроводное подключение, высота монтажа 1,1м 1201URE + A1180",
        "product_brand": "Jung",
        "product_series": "AS 500, ECO Profi, Eco Profi Deco, ECO Profi Standart",
        "product_article": "1201URE + A1180",
        "product_material": "слоновая кость",
        "product_color": "Выключатели автоматические",
        "product_type": "Jung",
        "product_kind_material": "AS 500, ECO Profi, Eco Profi Deco, ECO Profi Standart",
        "product_type_surface": "1201URE + A1180",
        "product_halogen_free": "слоновая кость",
        "product_mounting_orientation": "Выключатели автоматические",
        "product_field_of_inscription": "дуропласт",
        "product_height": "глянцевый",
        "product_width": "да",
        "product_without_baffle": "в сборе с механизмом",
        "product_hinged_lid": "220-250В",
        "product_degree_of_protection": "нет",
        "product_number_of_posts": "механизм с накладкой",
        "product_other_1": "Jung AS 500 Беж накладка датчика движения Стандарт 1,1м A1180        \n\n\nартикул: A1180",
        "product_other_2": "Jung механизм Электронный выключатель 1-канальный(необходима нейтраль) 1201URE        \n\n\nартикул: 1201URE",
        "product_img": "https://jung-pro.ru//assets/images/products/1000/jung-1201urebra1180.jpeg"
    }
}