{
    "506u + AS591": {
        "product_title": "Выключатель одноклавишный, универс. (вкл/выкл с 2-х мест) 10 А / 250 В~ 506u + AS591",
        "product_brand": "Jung",
        "product_series": "AS 500",
        "product_article": "506u + AS591",
        "product_material": "слоновая кость",
        "product_color": "Выключатели",
        "product_type": "Jung",
        "product_kind_material": "AS 500",
        "product_type_surface": "506u + AS591",
        "product_halogen_free": "слоновая кость",
        "product_mounting_orientation": "Выключатели",
        "product_field_of_inscription": "дуропласт",
        "product_height": "глянцевый",
        "product_width": "да",
        "product_without_baffle": "в сборе с механизмом",
        "product_hinged_lid": "нет",
        "product_degree_of_protection": "220-250В",
        "product_number_of_posts": "нет",
        "product_other_1": "Клавиша для выключателя, слоновая кость AS591        \n\n\nартикул: AS591",
        "product_other_2": "Выключатель 10AX 250V универсальный 506U        \n\n\nартикул: 506U",
        "product_img": "https://jung-pro.ru//assets/images/products/961/jung-506ubras591.jpeg"
    }
}