{
    "S2900 + A561PLTV": {
        "product_title": "Розетка телевизионная оконечная TV FM, диапазон частот от 4 до 2400 MГц S2900 + A561PLTV",
        "product_brand": "Jung",
        "product_series": "AS 500, ECO Profi, Eco Profi Deco, ECO Profi Standart",
        "product_article": "S2900 + A561PLTV",
        "product_material": "слоновая кость",
        "product_color": "Розетки TV",
        "product_type": "Jung",
        "product_kind_material": "AS 500, ECO Profi, Eco Profi Deco, ECO Profi Standart",
        "product_type_surface": "S2900 + A561PLTV",
        "product_halogen_free": "слоновая кость",
        "product_mounting_orientation": "Розетки TV",
        "product_field_of_inscription": "дуропласт",
        "product_height": "глянцевый",
        "product_width": "да",
        "product_without_baffle": "в сборе с механизмом",
        "product_hinged_lid": "220-250В",
        "product_degree_of_protection": "нет",
        "product_number_of_posts": "механизм с накладкой",
        "product_other_1": "Jung A 500 бежевая накладка TV-FM розетки A561PLTV        \n\n\nартикул: A561PLTV",
        "product_other_2": "TV-FM оконечная розетка S2900        \n\n\nартикул: S2900",
        "product_img": "https://jung-pro.ru//assets/images/products/1128/jung-s2900bra561pltv.jpeg"
    }
}