{
    "1730DD + A1540": {
        "product_title": "Светорегулятор поворотно-нажимной LED 3-60Вт., 20-210Вт ламп накал. и галог., слоновая кость 1730DD + A1540",
        "product_brand": "Jung",
        "product_series": "AS 500, ECO Profi, Eco Profi Deco, ECO Profi Standart",
        "product_article": "1730DD + A1540",
        "product_material": "слоновая кость",
        "product_color": "Светорегуляторы",
        "product_type": "Jung",
        "product_kind_material": "AS 500, ECO Profi, Eco Profi Deco, ECO Profi Standart",
        "product_type_surface": "1730DD + A1540",
        "product_halogen_free": "слоновая кость",
        "product_mounting_orientation": "Светорегуляторы",
        "product_field_of_inscription": "дуропласт",
        "product_height": "глянцевый",
        "product_width": "да",
        "product_without_baffle": "в сборе с механизмом",
        "product_hinged_lid": "да",
        "product_degree_of_protection": "220-250В",
        "product_number_of_posts": "нет",
        "product_other_1": "Jung А  бежевая накладка светорегулятора поворотного A1540        \n\n\nартикул: A1540",
        "product_other_2": "Механизм светорегулятора Jung поворотно-нажимного для LED 3-60Вт., 20-210Вт ламп накал. и галог. 1730DD        \n\n\nартикул: 1730DD",
        "product_img": "https://jung-pro.ru//assets/images/products/3175/a1540.jpg"
    }
}