{
    "509u + AS591-5": {
        "product_title": "Выключатель двухклавишный, проходной (вкл/выкл с 2-х мест) 10 А / 250 В~ 509u + AS591-5",
        "product_brand": "Jung",
        "product_series": "AS 500",
        "product_article": "509u + AS591-5",
        "product_material": "слоновая кость",
        "product_color": "Выключатели",
        "product_type": "Jung",
        "product_kind_material": "AS 500",
        "product_type_surface": "509u + AS591-5",
        "product_halogen_free": "слоновая кость",
        "product_mounting_orientation": "Выключатели",
        "product_field_of_inscription": "дуропласт",
        "product_height": "глянцевый",
        "product_width": "да",
        "product_without_baffle": "в сборе с механизмом",
        "product_hinged_lid": "нет",
        "product_degree_of_protection": "220-250В",
        "product_number_of_posts": "нет",
        "product_other_1": "Jung AS 500 Бежевая клавиша 2-я AS591-5        \n\n\nартикул: AS591-5",
        "product_other_2": "Jung Выключатель 10AХ 250V универсальный сдвоенный 509U        \n\n\nартикул: 509U",
        "product_img": "https://jung-pro.ru//assets/images/products/965/jung-509ubras591-5.jpeg"
    }
}