{
    "AS581": {
        "product_title": "Рамка на 1 пост Jung AS 500, слоновая кость AS581",
        "product_brand": "Jung",
        "product_series": "AS 500",
        "product_article": "AS581",
        "product_material": "слоновая кость",
        "product_color": "Рамки",
        "product_type": "Jung",
        "product_kind_material": "AS 500",
        "product_type_surface": "AS581",
        "product_halogen_free": "слоновая кость",
        "product_mounting_orientation": "Рамки",
        "product_field_of_inscription": "дуропласт",
        "product_height": "глянцевый",
        "product_width": "да",
        "product_without_baffle": "горизонтальная,вертикальная",
        "product_hinged_lid": "нет",
        "product_degree_of_protection": "80.5",
        "product_number_of_posts": "80.5",
        "product_img": "https://jung-pro.ru//assets/images/products/747/74f1b99158d4d13c3e3caaa59b7e0ecd.png"
    },
    "AS582": {
        "product_title": "Рамка на 2 поста, горизонтальная/вертикальная Jung AS 500, слоновая кость AS582",
        "product_brand": "Jung",
        "product_series": "AS 500",
        "product_article": "AS582",
        "product_material": "слоновая кость",
        "product_color": "Рамки",
        "product_type": "Jung",
        "product_kind_material": "AS 500",
        "product_type_surface": "AS582",
        "product_halogen_free": "слоновая кость",
        "product_mounting_orientation": "Рамки",
        "product_field_of_inscription": "дуропласт",
        "product_height": "глянцевый",
        "product_width": "да",
        "product_without_baffle": "горизонтальная,вертикальная",
        "product_hinged_lid": "нет",
        "product_degree_of_protection": "80.5",
        "product_number_of_posts": "151.5",
        "product_img": "https://jung-pro.ru//assets/images/products/748/cac42a44f78ee05b6ac9200f29cafcd0.jpeg"
    },
    "AS583": {
        "product_title": "Рамка на 3 поста, горизонтальная/вертикальная Jung AS 500, слоновая кость AS583",
        "product_brand": "Jung",
        "product_series": "AS 500",
        "product_article": "AS583",
        "product_material": "слоновая кость",
        "product_color": "Рамки",
        "product_type": "Jung",
        "product_kind_material": "AS 500",
        "product_type_surface": "AS583",
        "product_halogen_free": "слоновая кость",
        "product_mounting_orientation": "Рамки",
        "product_field_of_inscription": "дуропласт",
        "product_height": "глянцевый",
        "product_width": "да",
        "product_without_baffle": "горизонтальная,вертикальная",
        "product_hinged_lid": "нет",
        "product_degree_of_protection": "80.5",
        "product_number_of_posts": "222.5",
        "product_img": "https://jung-pro.ru//assets/images/products/749/ff3d45abb80841c64af9b0791f6b6eec.jpeg"
    },
    "AS584": {
        "product_title": "Рамка на 4 поста, горизонтальная/вертикальная Jung AS 500, слоновая кость AS584",
        "product_brand": "Jung",
        "product_series": "AS 500",
        "product_article": "AS584",
        "product_material": "слоновая кость",
        "product_color": "Рамки",
        "product_type": "Jung",
        "product_kind_material": "AS 500",
        "product_type_surface": "AS584",
        "product_halogen_free": "слоновая кость",
        "product_mounting_orientation": "Рамки",
        "product_field_of_inscription": "дуропласт",
        "product_height": "глянцевый",
        "product_width": "да",
        "product_without_baffle": "горизонтальная,вертикальная",
        "product_hinged_lid": "нет",
        "product_degree_of_protection": "80.5",
        "product_number_of_posts": "293.5",
        "product_img": "https://jung-pro.ru//assets/images/products/750/51943a80b0b885911205d0f96c0bb1bc.jpeg"
    },
    "AS585": {
        "product_title": "Рамка на 5 постов, горизонтальная/вертикальная Jung AS 500, слоновая кость AS585",
        "product_brand": "Jung",
        "product_series": "AS 500",
        "product_article": "AS585",
        "product_material": "слоновая кость",
        "product_color": "Рамки",
        "product_type": "Jung",
        "product_kind_material": "AS 500",
        "product_type_surface": "AS585",
        "product_halogen_free": "слоновая кость",
        "product_mounting_orientation": "Рамки",
        "product_field_of_inscription": "дуропласт",
        "product_height": "глянцевый",
        "product_width": "да",
        "product_without_baffle": "горизонтальная,вертикальная",
        "product_hinged_lid": "нет",
        "product_degree_of_protection": "80.5",
        "product_number_of_posts": "364.5",
        "product_img": "https://jung-pro.ru//assets/images/products/751/321e700cb5a036d207e451fbae382b03.jpeg"
    },
    "501u + AS591": {
        "product_title": "Выключатель одноклавишный, 10 А / 250 В~ 501u + AS591",
        "product_brand": "Jung",
        "product_series": "AS 500",
        "product_article": "501u + AS591",
        "product_material": "слоновая кость",
        "product_color": "Выключатели",
        "product_type": "Jung",
        "product_kind_material": "AS 500",
        "product_type_surface": "501u + AS591",
        "product_halogen_free": "слоновая кость",
        "product_mounting_orientation": "Выключатели",
        "product_field_of_inscription": "дуропласт",
        "product_height": "глянцевый",
        "product_width": "да",
        "product_without_baffle": "в сборе с механизмом",
        "product_hinged_lid": "нет",
        "product_degree_of_protection": "220-250В",
        "product_number_of_posts": "нет",
        "product_other_1": "Клавиша для выключателя, слоновая кость AS591        \n\n\nартикул: AS591",
        "product_other_2": "Jung Механизм Выключатель 1-клавишный 10AX 250V 501U        \n\n\nартикул: 501U",
        "product_img": "https://jung-pro.ru//assets/images/products/960/jung-501ubras591.jpeg"
    },
    "506u + AS591": {
        "product_title": "Выключатель одноклавишный, универс. (вкл/выкл с 2-х мест) 10 А / 250 В~ 506u + AS591",
        "product_brand": "Jung",
        "product_series": "AS 500",
        "product_article": "506u + AS591",
        "product_material": "слоновая кость",
        "product_color": "Выключатели",
        "product_type": "Jung",
        "product_kind_material": "AS 500",
        "product_type_surface": "506u + AS591",
        "product_halogen_free": "слоновая кость",
        "product_mounting_orientation": "Выключатели",
        "product_field_of_inscription": "дуропласт",
        "product_height": "глянцевый",
        "product_width": "да",
        "product_without_baffle": "в сборе с механизмом",
        "product_hinged_lid": "нет",
        "product_degree_of_protection": "220-250В",
        "product_number_of_posts": "нет",
        "product_other_1": "Клавиша для выключателя, слоновая кость AS591        \n\n\nартикул: AS591",
        "product_other_2": "Выключатель 10AX 250V универсальный 506U        \n\n\nартикул: 506U",
        "product_img": "https://jung-pro.ru//assets/images/products/961/jung-506ubras591.jpeg"
    },
    "506u + 90 + AS591KO5": {
        "product_title": "Выключатель одноклавишный с подсветкой, универс. (вкл/выкл с 2-х мест) 10 А / 250 В~ 506u + 90 + AS591KO5",
        "product_brand": "Jung",
        "product_series": "AS 500",
        "product_article": "506u + 90 + AS591KO5",
        "product_material": "слоновая кость",
        "product_color": "Выключатели",
        "product_type": "Jung",
        "product_kind_material": "AS 500",
        "product_type_surface": "506u + 90 + AS591KO5",
        "product_halogen_free": "слоновая кость",
        "product_mounting_orientation": "Выключатели",
        "product_field_of_inscription": "дуропласт",
        "product_height": "глянцевый",
        "product_width": "да",
        "product_without_baffle": "в сборе с механизмом",
        "product_hinged_lid": "нет",
        "product_degree_of_protection": "220-250В",
        "product_number_of_posts": "нет",
        "product_other_1": "Jung Мех Лампа неоновая для 1-клавишных механизмов 230V, 1,1mA 90        \n\n\nартикул: 90",
        "product_other_2": "Jung AS 500 Бежевая клавиша 1-я с подсветкой AS591KO5        \n\n\nартикул: AS591KO5",
        "product_other_3": "Выключатель 10AX 250V универсальный 506U        \n\n\nартикул: 506U",
        "product_img": "https://jung-pro.ru//assets/images/products/964/jung-506ubr90bras591ko5.jpeg"
    },
    "507u + AS591": {
        "product_title": "Выключатель одноклавишный перекрестный (вкл/выкл с 3-х мест) 10 А / 250 В~ 507u + AS591",
        "product_brand": "Jung",
        "product_series": "AS 500",
        "product_article": "507u + AS591",
        "product_material": "слоновая кость",
        "product_color": "Выключатели",
        "product_type": "Jung",
        "product_kind_material": "AS 500",
        "product_type_surface": "507u + AS591",
        "product_halogen_free": "слоновая кость",
        "product_mounting_orientation": "Выключатели",
        "product_field_of_inscription": "дуропласт",
        "product_height": "глянцевый",
        "product_width": "да",
        "product_without_baffle": "в сборе с механизмом",
        "product_hinged_lid": "нет",
        "product_degree_of_protection": "220-250В",
        "product_number_of_posts": "нет",
        "product_other_1": "Клавиша для выключателя, слоновая кость AS591        \n\n\nартикул: AS591",
        "product_other_2": "Jung Мех Переключатель 1-клавишный перекрестный 507U        \n\n\nартикул: 507U",
        "product_img": "https://jung-pro.ru//assets/images/products/963/jung-507ubras591.jpeg"
    },
    "509u + AS591-5": {
        "product_title": "Выключатель двухклавишный, проходной (вкл/выкл с 2-х мест) 10 А / 250 В~ 509u + AS591-5",
        "product_brand": "Jung",
        "product_series": "AS 500",
        "product_article": "509u + AS591-5",
        "product_material": "слоновая кость",
        "product_color": "Выключатели",
        "product_type": "Jung",
        "product_kind_material": "AS 500",
        "product_type_surface": "509u + AS591-5",
        "product_halogen_free": "слоновая кость",
        "product_mounting_orientation": "Выключатели",
        "product_field_of_inscription": "дуропласт",
        "product_height": "глянцевый",
        "product_width": "да",
        "product_without_baffle": "в сборе с механизмом",
        "product_hinged_lid": "нет",
        "product_degree_of_protection": "220-250В",
        "product_number_of_posts": "нет",
        "product_other_1": "Jung AS 500 Бежевая клавиша 2-я AS591-5        \n\n\nартикул: AS591-5",
        "product_other_2": "Jung Выключатель 10AХ 250V универсальный сдвоенный 509U        \n\n\nартикул: 509U",
        "product_img": "https://jung-pro.ru//assets/images/products/965/jung-509ubras591-5.jpeg"
    },
    "505u5 + AS591-5KO5": {
        "product_title": "Выключатель двухклавишный с подсветкой, 10 А / 250 В~ 505u5 + AS591-5KO5",
        "product_brand": "Jung",
        "product_series": "AS 500",
        "product_article": "505u5 + AS591-5KO5",
        "product_material": "слоновая кость",
        "product_color": "Выключатели",
        "product_type": "Jung",
        "product_kind_material": "AS 500",
        "product_type_surface": "505u5 + AS591-5KO5",
        "product_halogen_free": "слоновая кость",
        "product_mounting_orientation": "Выключатели",
        "product_field_of_inscription": "дуропласт",
        "product_height": "глянцевый",
        "product_width": "да",
        "product_without_baffle": "в сборе с механизмом",
        "product_hinged_lid": "нет",
        "product_degree_of_protection": "220-250В",
        "product_number_of_posts": "нет",
        "product_other_1": "Jung AS 500 Беж клавиша 2-я с подсветкой AS591-5KO5        \n\n\nартикул: AS591-5KO5",
        "product_other_2": "Jung Выключатель 10AX 250V сдвоенный с двумя лампочками 505U5        \n\n\nартикул: 505U5",
        "product_img": "https://jung-pro.ru//assets/images/products/966/jung-505u5bras591-5ko5.jpeg"
    },
    "A1520": {
        "product_title": "Розетка с заземляющими контактами 16 А / 250 В~ A1520",
        "product_brand": "Jung",
        "product_series": "AS 500",
        "product_article": "A1520",
        "product_material": "слоновая кость",
        "product_color": "Розетки электрические",
        "product_type": "одинарная",
        "product_kind_material": "Jung",
        "product_type_surface": "AS 500",
        "product_halogen_free": "A1520",
        "product_mounting_orientation": "слоновая кость",
        "product_field_of_inscription": "Розетки электрические",
        "product_height": "дуропласт",
        "product_width": "глянцевый",
        "product_without_baffle": "да",
        "product_hinged_lid": "в сборе с механизмом",
        "product_degree_of_protection": "нет",
        "product_number_of_posts": "220-250В",
        "product_img": "https://jung-pro.ru//assets/images/products/1342/jung-a520.jpeg"
    },
    "A1520KI": {
        "product_title": "Розетка с заземляющими контактами 16 А / 250 В~ с защитой от детей A1520KI",
        "product_brand": "Jung",
        "product_series": "AS 500",
        "product_article": "A1520KI",
        "product_material": "слоновая кость",
        "product_color": "Розетки электрические",
        "product_type": "одинарная",
        "product_kind_material": "Jung",
        "product_type_surface": "AS 500",
        "product_halogen_free": "A1520KI",
        "product_mounting_orientation": "слоновая кость",
        "product_field_of_inscription": "Розетки электрические",
        "product_height": "дуропласт",
        "product_width": "глянцевый",
        "product_without_baffle": "да",
        "product_hinged_lid": "в сборе с механизмом",
        "product_degree_of_protection": "нет",
        "product_number_of_posts": "220-250В",
        "product_img": "https://jung-pro.ru//assets/images/products/1343/jung-a520ki.jpeg"
    },
    "AS5020U": {
        "product_title": "Розетка двойная с заземлением литая, слоновая кость AS5020U",
        "product_brand": "JUNG",
        "product_series": "AS 500, ECO Profi, Eco Profi Deco, ECO Profi Standart",
        "product_article": "AS5020U",
        "product_material": "слоновая кость",
        "product_color": "Розетки электрические",
        "product_type": "одинарная",
        "product_kind_material": "JUNG",
        "product_type_surface": "AS 500, ECO Profi, Eco Profi Deco, ECO Profi Standart",
        "product_halogen_free": "AS5020U",
        "product_mounting_orientation": "слоновая кость",
        "product_field_of_inscription": "Розетки электрические",
        "product_height": "дуропласт",
        "product_width": "глянцевый",
        "product_without_baffle": "да",
        "product_hinged_lid": "в сборе с механизмом",
        "product_degree_of_protection": "нет",
        "product_number_of_posts": "220-250В",
        "product_img": "https://jung-pro.ru//assets/images/products/2946/as5020u.jpeg"
    },
    "AS1520KL": {
        "product_title": "Розетка с заземляющими контактами 16 А / 250 В~, с откидной крышкой AS1520KL",
        "product_brand": "Jung",
        "product_series": "AS 500, ECO Profi, Eco Profi Deco, ECO Profi Standart",
        "product_article": "AS1520KL",
        "product_material": "слоновая кость",
        "product_color": "Розетки электрические",
        "product_type": "одинарная",
        "product_kind_material": "Jung",
        "product_type_surface": "AS 500, ECO Profi, Eco Profi Deco, ECO Profi Standart",
        "product_halogen_free": "AS1520KL",
        "product_mounting_orientation": "слоновая кость",
        "product_field_of_inscription": "Розетки электрические",
        "product_height": "дуропласт",
        "product_width": "глянцевый",
        "product_without_baffle": "да",
        "product_hinged_lid": "в сборе с механизмом",
        "product_degree_of_protection": "нет",
        "product_number_of_posts": "220-250В",
        "product_img": "https://jung-pro.ru//assets/images/products/1344/jung-as520kl.png"
    },
    "551WU + AS1520KL": {
        "product_title": "Розетка с заземляющими контактами 16 А / 250 В~, с откидной крышкой и уплотнительной мембраной IP44 551WU + AS1520KL",
        "product_brand": "Jung",
        "product_series": "AS 500, ECO Profi, Eco Profi Deco, ECO Profi Standart",
        "product_article": "551WU + AS1520KL",
        "product_material": "слоновая кость",
        "product_color": "Розетки электрические",
        "product_type": "одинарная",
        "product_kind_material": "Jung",
        "product_type_surface": "AS 500, ECO Profi, Eco Profi Deco, ECO Profi Standart",
        "product_halogen_free": "551WU + AS1520KL",
        "product_mounting_orientation": "слоновая кость",
        "product_field_of_inscription": "Розетки электрические",
        "product_height": "дуропласт",
        "product_width": "глянцевый",
        "product_without_baffle": "да",
        "product_hinged_lid": "в сборе с механизмом",
        "product_degree_of_protection": "нет",
        "product_number_of_posts": "220-250В",
        "product_other_1": "Уплотнительная мембрана для влагозащиты 551WU        \n\n\nартикул: 551WU",
        "product_other_2": "Розетка с заземляющими контактами 16 А / 250 В~, с откидной крышкой AS1520KL        \n\n\nартикул: AS1520KL                            материал: пластик                            цвет: слоновая кость",
        "product_img": "https://jung-pro.ru//assets/images/products/1351/jung-551wubras520kl.png"
    },
    "A1520-18A": {
        "product_title": "Розетка с заземлением + USB тип A, Jung 16А/250В слоновая кость A1520-18A",
        "product_brand": "JUNG",
        "product_series": "AS 500, ECO Profi, Eco Profi Deco, ECO Profi Standart",
        "product_article": "A1520-18A",
        "product_material": "слоновая кость",
        "product_color": "Розетки электрические",
        "product_type": "двойная",
        "product_kind_material": "JUNG",
        "product_type_surface": "AS 500, ECO Profi, Eco Profi Deco, ECO Profi Standart",
        "product_halogen_free": "A1520-18A",
        "product_mounting_orientation": "слоновая кость",
        "product_field_of_inscription": "Розетки электрические",
        "product_height": "дуропласт",
        "product_width": "глянцевый",
        "product_without_baffle": "да",
        "product_hinged_lid": "лапками и винтами",
        "product_degree_of_protection": "220-250В",
        "product_number_of_posts": "нет",
        "product_img": "https://jung-pro.ru//assets/images/products/3346/jung-a1520-18a.png"
    },
    "A1520-18C": {
        "product_title": "Розетка с заземлением + USB тип C, Jung 16А/250В слоновая кость A1520-18C",
        "product_brand": "JUNG",
        "product_series": "AS 500, ECO Profi, Eco Profi Deco, ECO Profi Standart",
        "product_article": "A1520-18C",
        "product_material": "слоновая кость",
        "product_color": "Розетки электрические",
        "product_type": "двойная",
        "product_kind_material": "JUNG",
        "product_type_surface": "AS 500, ECO Profi, Eco Profi Deco, ECO Profi Standart",
        "product_halogen_free": "A1520-18C",
        "product_mounting_orientation": "слоновая кость",
        "product_field_of_inscription": "Розетки электрические",
        "product_height": "дуропласт",
        "product_width": "глянцевый",
        "product_without_baffle": "да",
        "product_hinged_lid": "лапками и винтами",
        "product_degree_of_protection": "220-250В",
        "product_number_of_posts": "нет",
        "product_img": "https://jung-pro.ru//assets/images/products/3353/jung-a1520-18c.png"
    },
    "A1520-15CA": {
        "product_title": "Розетка с заземлением + USB тип A+C, Jung 16А/250В слоновая кость A1520-15CA",
        "product_brand": "JUNG",
        "product_series": "AS 500, ECO Profi, Eco Profi Deco, ECO Profi Standart",
        "product_article": "A1520-15CA",
        "product_material": "слоновая кость",
        "product_color": "Розетки электрические",
        "product_type": "тройная",
        "product_kind_material": "JUNG",
        "product_type_surface": "AS 500, ECO Profi, Eco Profi Deco, ECO Profi Standart",
        "product_halogen_free": "A1520-15CA",
        "product_mounting_orientation": "слоновая кость",
        "product_field_of_inscription": "Розетки электрические",
        "product_height": "дуропласт",
        "product_width": "глянцевый",
        "product_without_baffle": "да",
        "product_hinged_lid": "лапками и винтами",
        "product_degree_of_protection": "220-250В",
        "product_number_of_posts": "нет",
        "product_img": "https://jung-pro.ru//assets/images/products/3360/jung-a1520-15ca.png"
    },
    "A569PLT + USB15CAWW": {
        "product_title": "Розетка USB двойная для зарядки тип А+С, 2x700мA, винтовой зажим, слоновая кость A569PLT + USB15CAWW",
        "product_brand": "JUNG",
        "product_series": "AS 500, ECO Profi, Eco Profi Deco, ECO Profi Standart",
        "product_article": "A569PLT + USB15CAWW",
        "product_material": "слоновая кость",
        "product_color": "Розетки USB",
        "product_type": "двойная",
        "product_kind_material": "JUNG",
        "product_type_surface": "AS 500, ECO Profi, Eco Profi Deco, ECO Profi Standart",
        "product_halogen_free": "A569PLT + USB15CAWW",
        "product_mounting_orientation": "слоновая кость",
        "product_field_of_inscription": "Розетки USB",
        "product_height": "дуропласт",
        "product_width": "глянцевый",
        "product_without_baffle": "да",
        "product_hinged_lid": "в сборе с механизмом",
        "product_degree_of_protection": "220-250В",
        "product_number_of_posts": "нет",
        "product_other_1": "Jung  Бежевая крышка для TAE-розетки, моно-/стерео аудио розетки A569PLT        \n\n\nартикул: A569PLT",
        "product_other_2": "Jung механизм USB-розетки тип А+С, 2 гнезда, до 1,4 А/ч USB15CAWW        \n\n\nартикул: USB15CAWW",
        "product_img": "https://jung-pro.ru//assets/images/products/3020/a569plt.jpg"
    },
    "S2900 + A561PLTV": {
        "product_title": "Розетка телевизионная оконечная TV FM, диапазон частот от 4 до 2400 MГц S2900 + A561PLTV",
        "product_brand": "Jung",
        "product_series": "AS 500, ECO Profi, Eco Profi Deco, ECO Profi Standart",
        "product_article": "S2900 + A561PLTV",
        "product_material": "слоновая кость",
        "product_color": "Розетки TV",
        "product_type": "Jung",
        "product_kind_material": "AS 500, ECO Profi, Eco Profi Deco, ECO Profi Standart",
        "product_type_surface": "S2900 + A561PLTV",
        "product_halogen_free": "слоновая кость",
        "product_mounting_orientation": "Розетки TV",
        "product_field_of_inscription": "дуропласт",
        "product_height": "глянцевый",
        "product_width": "да",
        "product_without_baffle": "в сборе с механизмом",
        "product_hinged_lid": "220-250В",
        "product_degree_of_protection": "нет",
        "product_number_of_posts": "механизм с накладкой",
        "product_other_1": "Jung A 500 бежевая накладка TV-FM розетки A561PLTV        \n\n\nартикул: A561PLTV",
        "product_other_2": "TV-FM оконечная розетка S2900        \n\n\nартикул: S2900",
        "product_img": "https://jung-pro.ru//assets/images/products/1128/jung-s2900bra561pltv.jpeg"
    },
    "S2900-10 + A561PLTV": {
        "product_title": "Розетка телевизионная проходная TV FM, диапазон частот от 4 до 2400 MГц S2900-10 + A561PLTV",
        "product_brand": "Jung",
        "product_series": "AS 500, ECO Profi, Eco Profi Deco, ECO Profi Standart",
        "product_article": "S2900-10 + A561PLTV",
        "product_material": "слоновая кость",
        "product_color": "Розетки TV",
        "product_type": "Jung",
        "product_kind_material": "AS 500, ECO Profi, Eco Profi Deco, ECO Profi Standart",
        "product_type_surface": "S2900-10 + A561PLTV",
        "product_halogen_free": "слоновая кость",
        "product_mounting_orientation": "Розетки TV",
        "product_field_of_inscription": "дуропласт",
        "product_height": "глянцевый",
        "product_width": "да",
        "product_without_baffle": "в сборе с механизмом",
        "product_hinged_lid": "220-250В",
        "product_degree_of_protection": "нет",
        "product_number_of_posts": "механизм с накладкой",
        "product_other_1": "Jung A 500 бежевая накладка TV-FM розетки A561PLTV        \n\n\nартикул: A561PLTV",
        "product_other_2": "TV-FM оконечная розетка, проходная S2900-10        \n\n\nартикул: S2900-10",
        "product_img": "https://jung-pro.ru//assets/images/products/1129/jung-s2900-10bra561pltv.jpeg"
    },
    "S4100 + A561PLSAT": {
        "product_title": "Розетка телевизионная оконечная TV SAT FM, диапазон частот от 4 до 2400 MГц S4100 + A561PLSAT",
        "product_brand": "Jung",
        "product_series": "AS 500, ECO Profi, Eco Profi Deco, ECO Profi Standart",
        "product_article": "S4100 + A561PLSAT",
        "product_material": "слоновая кость",
        "product_color": "Розетки TV",
        "product_type": "Jung",
        "product_kind_material": "AS 500, ECO Profi, Eco Profi Deco, ECO Profi Standart",
        "product_type_surface": "S4100 + A561PLSAT",
        "product_halogen_free": "слоновая кость",
        "product_mounting_orientation": "Розетки TV",
        "product_field_of_inscription": "дуропласт",
        "product_height": "глянцевый",
        "product_width": "да",
        "product_without_baffle": "в сборе с механизмом",
        "product_hinged_lid": "220-250В",
        "product_degree_of_protection": "нет",
        "product_number_of_posts": "механизм с накладкой",
        "product_other_1": "Jung AS 500 бежевая накладка TV-SAT-FM розетки A561PLSAT        \n\n\nартикул: A561PLSAT",
        "product_other_2": "Розетка универсальная для систем приема спутникового, эфирного и кабельного вещания, оконечная S4100        \n\n\nартикул: S4100",
        "product_img": "https://jung-pro.ru//assets/images/products/1127/jung-s4100bra561plsat.jpeg"
    },
    "S4110 + A561PLSAT": {
        "product_title": "Розетка телевизионная проходная TV SAT FM, диапазон частот от 4 до 2400 MГц S4110 + A561PLSAT",
        "product_brand": "JUNG",
        "product_series": "AS 500, ECO Profi, Eco Profi Deco, ECO Profi Standart",
        "product_article": "S4110 + A561PLSAT",
        "product_material": "слоновая кость",
        "product_color": "Розетки TV",
        "product_type": "JUNG",
        "product_kind_material": "AS 500, ECO Profi, Eco Profi Deco, ECO Profi Standart",
        "product_type_surface": "S4110 + A561PLSAT",
        "product_halogen_free": "слоновая кость",
        "product_mounting_orientation": "Розетки TV",
        "product_field_of_inscription": "дуропласт",
        "product_height": "глянцевый",
        "product_width": "да",
        "product_without_baffle": "в сборе с механизмом",
        "product_hinged_lid": "220-250В",
        "product_degree_of_protection": "нет",
        "product_number_of_posts": "механизм с накладкой",
        "product_other_1": "Jung AS 500 бежевая накладка TV-SAT-FM розетки A561PLSAT        \n\n\nартикул: A561PLSAT",
        "product_other_2": "Jung Мех Розетка TV-FM-SAT проходная S4110        \n\n\nартикул: S4110",
        "product_img": "https://jung-pro.ru//assets/images/products/1992/a561plsat.jpg"
    },
    "EPUAE8UPO + A569-1PLUA": {
        "product_title": "Розетка телефонная одинарная RJ11 EPUAE8UPO + A569-1PLUA",
        "product_brand": "Jung",
        "product_series": "AS 500, ECO Profi, Eco Profi Deco, ECO Profi Standart",
        "product_article": "EPUAE8UPO + A569-1PLUA",
        "product_material": "слоновая кость",
        "product_color": "Розетки телеф/комп",
        "product_type": "одинарная",
        "product_kind_material": "Jung",
        "product_type_surface": "AS 500, ECO Profi, Eco Profi Deco, ECO Profi Standart",
        "product_halogen_free": "EPUAE8UPO + A569-1PLUA",
        "product_mounting_orientation": "слоновая кость",
        "product_field_of_inscription": "Розетки телеф/комп",
        "product_height": "дуропласт",
        "product_width": "глянцевый",
        "product_without_baffle": "да",
        "product_hinged_lid": "в сборе с механизмом",
        "product_degree_of_protection": "220-250В",
        "product_number_of_posts": "нет",
        "product_other_1": "Крышка для одинарной розетки UAE; слоновая кость A569-1PLUA        \n\n\nартикул: A569-1PLUA",
        "product_other_2": "Jung Телефонная UAE розетка, 8-ми полюсная; один терминал EPUAE8UPO        \n\n\nартикул: EPUAE8UPO",
        "product_img": "https://jung-pro.ru//assets/images/products/1265/jung-epuae8upobra569-1plua.jpeg"
    },
    "EPUAE8-8UPO + A569-2BFPLUA": {
        "product_title": "Розетка телефонная двойная RJ11 EPUAE8-8UPO + A569-2BFPLUA",
        "product_brand": "JUNG",
        "product_series": "AS 500, ECO Profi, Eco Profi Deco, ECO Profi Standart",
        "product_article": "EPUAE8-8UPO + A569-2BFPLUA",
        "product_material": "слоновая кость",
        "product_color": "Розетки телеф/комп",
        "product_type": "двойная",
        "product_kind_material": "JUNG",
        "product_type_surface": "AS 500, ECO Profi, Eco Profi Deco, ECO Profi Standart",
        "product_halogen_free": "EPUAE8-8UPO + A569-2BFPLUA",
        "product_mounting_orientation": "слоновая кость",
        "product_field_of_inscription": "Розетки телеф/комп",
        "product_height": "дуропласт",
        "product_width": "глянцевый",
        "product_without_baffle": "да",
        "product_hinged_lid": "в сборе с механизмом",
        "product_degree_of_protection": "220-250В",
        "product_number_of_posts": "нет",
        "product_other_1": "Jung AS 500 Крышка для модульных гнезд; слоновая кость A569-2BFPLUA        \n\n\nартикул: A569-2BFPLUA",
        "product_other_2": "Jung телефонная UAE розетка, 8-ми полюсная; два терминала EPUAE8-8UPO        \n\n\nартикул: EPUAE8-8UPO",
        "product_img": "https://jung-pro.ru//assets/images/products/1993/a569-2bfplua.jpg"
    },
    "EPUAE8UPOK6 + A569-1PLUA": {
        "product_title": "Розетка компьютерная одинарная RJ45 6-й кат. EPUAE8UPOK6 + A569-1PLUA",
        "product_brand": "Jung",
        "product_series": "AS 500, ECO Profi, Eco Profi Deco, ECO Profi Standart",
        "product_article": "EPUAE8UPOK6 + A569-1PLUA",
        "product_material": "слоновая кость",
        "product_color": "Розетки телеф/комп",
        "product_type": "одинарная",
        "product_kind_material": "Jung",
        "product_type_surface": "AS 500, ECO Profi, Eco Profi Deco, ECO Profi Standart",
        "product_halogen_free": "EPUAE8UPOK6 + A569-1PLUA",
        "product_mounting_orientation": "слоновая кость",
        "product_field_of_inscription": "Розетки телеф/комп",
        "product_height": "дуропласт",
        "product_width": "глянцевый",
        "product_without_baffle": "да",
        "product_hinged_lid": "в сборе с механизмом",
        "product_degree_of_protection": "220-250В",
        "product_number_of_posts": "нет",
        "product_other_1": "Крышка для одинарной розетки UAE; слоновая кость A569-1PLUA        \n\n\nартикул: A569-1PLUA",
        "product_other_2": "Компьютерная UAE розетка 6-й категории, 8-ми полюсная, экранированная, один терминал EPUAE8UPOK6        \n\n\nартикул: EPUAE8UPOK6",
        "product_img": "https://jung-pro.ru//assets/images/products/1266/jung-epuae8upok5bra569-1plua.jpeg"
    },
    "EPUAE8-8UPOK6 + A569-2BFPLUA": {
        "product_title": "Розетка компьютерная двойная RJ45 6-й кат. EPUAE8-8UPOK6 + A569-2BFPLUA",
        "product_brand": "JUNG",
        "product_series": "AS 500, ECO Profi, Eco Profi Deco, ECO Profi Standart",
        "product_article": "EPUAE8-8UPOK6 + A569-2BFPLUA",
        "product_material": "слоновая кость",
        "product_color": "Розетки телеф/комп",
        "product_type": "двойная",
        "product_kind_material": "JUNG",
        "product_type_surface": "AS 500, ECO Profi, Eco Profi Deco, ECO Profi Standart",
        "product_halogen_free": "EPUAE8-8UPOK6 + A569-2BFPLUA",
        "product_mounting_orientation": "слоновая кость",
        "product_field_of_inscription": "Розетки телеф/комп",
        "product_height": "дуропласт",
        "product_width": "глянцевый",
        "product_without_baffle": "да",
        "product_hinged_lid": "в сборе с механизмом",
        "product_degree_of_protection": "220-250В",
        "product_number_of_posts": "нет",
        "product_other_1": "Jung AS 500 Крышка для модульных гнезд; слоновая кость A569-2BFPLUA        \n\n\nартикул: A569-2BFPLUA",
        "product_other_2": "Jung Компьютерная UAE розетка 6-й категории, 8-ми полюсная, экранированная; два терминала EPUAE8-8UPOK6        \n\n\nартикул: EPUAE8-8UPOK6",
        "product_img": "https://jung-pro.ru//assets/images/products/1994/a569-2bfplua.jpg"
    },
    "SLA2WW + A569PLT": {
        "product_title": "Розетка для стерео-громкоговорителя SLA2WW + A569PLT",
        "product_brand": "Jung",
        "product_series": "AS 500, ECO Profi, Eco Profi Deco, ECO Profi Standart",
        "product_article": "SLA2WW + A569PLT",
        "product_material": "слоновая кость",
        "product_color": "Розетки акустические",
        "product_type": "двойная",
        "product_kind_material": "Jung",
        "product_type_surface": "AS 500, ECO Profi, Eco Profi Deco, ECO Profi Standart",
        "product_halogen_free": "SLA2WW + A569PLT",
        "product_mounting_orientation": "слоновая кость",
        "product_field_of_inscription": "Розетки акустические",
        "product_height": "дуропласт",
        "product_width": "глянцевый",
        "product_without_baffle": "да",
        "product_hinged_lid": "в сборе с механизмом",
        "product_degree_of_protection": "220-250В",
        "product_number_of_posts": "нет",
        "product_other_1": "Jung  Бежевая крышка для TAE-розетки, моно-/стерео аудио розетки A569PLT        \n\n\nартикул: A569PLT",
        "product_other_2": "Jung Мех Аудиорозетка (стерео) белый SLA2WW        \n\n\nартикул: SLA2WW",
        "product_img": "https://jung-pro.ru//assets/images/products/1156/jung-sla2wwbra569plt.jpeg"
    },
    "539VU + AS591-5P": {
        "product_title": "Выключатель управления жалюзи кнопочный, 10 А / 250 В~ 539VU + AS591-5P",
        "product_brand": "Jung",
        "product_series": "AS 500, ECO Profi, Eco Profi Deco, ECO Profi Standart",
        "product_article": "539VU + AS591-5P",
        "product_material": "слоновая кость",
        "product_color": "Управление жалюзи",
        "product_type": "Jung",
        "product_kind_material": "AS 500, ECO Profi, Eco Profi Deco, ECO Profi Standart",
        "product_type_surface": "539VU + AS591-5P",
        "product_halogen_free": "слоновая кость",
        "product_mounting_orientation": "Управление жалюзи",
        "product_field_of_inscription": "дуропласт",
        "product_height": "глянцевый",
        "product_width": "да",
        "product_without_baffle": "в сборе с механизмом",
        "product_hinged_lid": "220-250В",
        "product_degree_of_protection": "нет",
        "product_number_of_posts": "кнопочный",
        "product_other_1": "Jung AS клавиши для выключателя управления жалюзи; слоновая кость AS591-5P        \n\n\nартикул: AS591-5P",
        "product_other_2": "Jung Мех Выключатель жалюзийный кнопочный с мех блокировкой одновременного нажатия 539VU        \n\n\nартикул: 539VU",
        "product_img": "https://jung-pro.ru//assets/images/products/1511/as591-5p.png"
    },
    "509VU + AS591-5P": {
        "product_title": "Выключатель управления жалюзи клавишный, 10 А / 250 В~ 509VU + AS591-5P",
        "product_brand": "Jung",
        "product_series": "AS 500, ECO Profi, Eco Profi Deco, ECO Profi Standart",
        "product_article": "509VU + AS591-5P",
        "product_material": "слоновая кость",
        "product_color": "Управление жалюзи",
        "product_type": "Jung",
        "product_kind_material": "AS 500, ECO Profi, Eco Profi Deco, ECO Profi Standart",
        "product_type_surface": "509VU + AS591-5P",
        "product_halogen_free": "слоновая кость",
        "product_mounting_orientation": "Управление жалюзи",
        "product_field_of_inscription": "дуропласт",
        "product_height": "глянцевый",
        "product_width": "да",
        "product_without_baffle": "в сборе с механизмом",
        "product_hinged_lid": "220-250В",
        "product_degree_of_protection": "нет",
        "product_number_of_posts": "клавишный",
        "product_other_1": "Jung AS клавиши для выключателя управления жалюзи; слоновая кость AS591-5P        \n\n\nартикул: AS591-5P",
        "product_other_2": "Jung Выключатель для управления жалюзи с блокировкой одновременного нажатия 509VU        \n\n\nартикул: 509VU",
        "product_img": "https://jung-pro.ru//assets/images/products/1512/as591-5p.png"
    },
    "1730DD + A1540": {
        "product_title": "Светорегулятор поворотно-нажимной LED 3-60Вт., 20-210Вт ламп накал. и галог., слоновая кость 1730DD + A1540",
        "product_brand": "Jung",
        "product_series": "AS 500, ECO Profi, Eco Profi Deco, ECO Profi Standart",
        "product_article": "1730DD + A1540",
        "product_material": "слоновая кость",
        "product_color": "Светорегуляторы",
        "product_type": "Jung",
        "product_kind_material": "AS 500, ECO Profi, Eco Profi Deco, ECO Profi Standart",
        "product_type_surface": "1730DD + A1540",
        "product_halogen_free": "слоновая кость",
        "product_mounting_orientation": "Светорегуляторы",
        "product_field_of_inscription": "дуропласт",
        "product_height": "глянцевый",
        "product_width": "да",
        "product_without_baffle": "в сборе с механизмом",
        "product_hinged_lid": "да",
        "product_degree_of_protection": "220-250В",
        "product_number_of_posts": "нет",
        "product_other_1": "Jung А  бежевая накладка светорегулятора поворотного A1540        \n\n\nартикул: A1540",
        "product_other_2": "Механизм светорегулятора Jung поворотно-нажимного для LED 3-60Вт., 20-210Вт ламп накал. и галог. 1730DD        \n\n\nартикул: 1730DD",
        "product_img": "https://jung-pro.ru//assets/images/products/3175/a1540.jpg"
    },
    "1731DD + A1540": {
        "product_title": "Светорегулятор универсальный поворотно-нажимной LED 3-100Вт., 20-420Вт ламп накал. и галог., слоновая кость 1731DD + A1540",
        "product_brand": "Jung",
        "product_series": "AS 500, ECO Profi, Eco Profi Deco, ECO Profi Standart",
        "product_article": "1731DD + A1540",
        "product_material": "слоновая кость",
        "product_color": "Светорегуляторы",
        "product_type": "Jung",
        "product_kind_material": "AS 500, ECO Profi, Eco Profi Deco, ECO Profi Standart",
        "product_type_surface": "1731DD + A1540",
        "product_halogen_free": "слоновая кость",
        "product_mounting_orientation": "Светорегуляторы",
        "product_field_of_inscription": "дуропласт",
        "product_height": "глянцевый",
        "product_width": "да",
        "product_without_baffle": "в сборе с механизмом",
        "product_hinged_lid": "да",
        "product_degree_of_protection": "220-250В",
        "product_number_of_posts": "нет",
        "product_other_1": "Jung А  бежевая накладка светорегулятора поворотного A1540        \n\n\nартикул: A1540",
        "product_other_2": "JUNG Роторный диммер универсальный LED 3-210 вт, 20-420Вт ламп накал. и галог., 1731DD        \n\n\nартикул: 1731DD",
        "product_img": "https://jung-pro.ru//assets/images/products/3409/a1540.jpg"
    },
    "211GDE + A1540": {
        "product_title": "Светорегулятор поворотный-нажимной 100-1000 Вт. для ламп накал. и галоген. Ламп, слоновая кость 211GDE + A1540",
        "product_brand": "JUNG",
        "product_series": "AS 500, ECO Profi, Eco Profi Deco, ECO Profi Standart",
        "product_article": "211GDE + A1540",
        "product_material": "слоновая кость",
        "product_color": "Светорегуляторы",
        "product_type": "JUNG",
        "product_kind_material": "AS 500, ECO Profi, Eco Profi Deco, ECO Profi Standart",
        "product_type_surface": "211GDE + A1540",
        "product_halogen_free": "слоновая кость",
        "product_mounting_orientation": "Светорегуляторы",
        "product_field_of_inscription": "дуропласт",
        "product_height": "глянцевый",
        "product_width": "да",
        "product_without_baffle": "в сборе с механизмом",
        "product_hinged_lid": "220-250В",
        "product_degree_of_protection": "нет",
        "product_number_of_posts": "поворотно-нажимной",
        "product_other_1": "Jung А  бежевая накладка светорегулятора поворотного A1540        \n\n\nартикул: A1540",
        "product_other_2": "Jung механизм светорегуляторп поворотно-нажимного 100-1000 Вт для л/н 211GDE        \n\n\nартикул: 211GDE",
        "product_img": "https://jung-pro.ru//assets/images/products/3434/a1540.jpg"
    },
    "FTR231U + AFTR231PL": {
        "product_title": "Регулятор теплого пола Jung 230В/10А с выносным датчиком FTR231U + AFTR231PL",
        "product_brand": "Jung",
        "product_series": "AS 500, ECO Profi, Eco Profi Deco, ECO Profi Standart",
        "product_article": "FTR231U + AFTR231PL",
        "product_material": "слоновая кость",
        "product_color": "Терморегуляторы теплого пола",
        "product_type": "Jung",
        "product_kind_material": "AS 500, ECO Profi, Eco Profi Deco, ECO Profi Standart",
        "product_type_surface": "FTR231U + AFTR231PL",
        "product_halogen_free": "слоновая кость",
        "product_mounting_orientation": "Терморегуляторы теплого пола",
        "product_field_of_inscription": "нет",
        "product_height": "дуропласт",
        "product_width": "глянцевый",
        "product_without_baffle": "да",
        "product_hinged_lid": "в сборе с механизмом",
        "product_degree_of_protection": "220-250В",
        "product_number_of_posts": "нет",
        "product_other_1": "Jung AS 500 Беж накладка регулятора теплого пола AFTR231PL        \n\n\nартикул: AFTR231PL",
        "product_other_2": "Механизм терморегулятора пола JUNG с датчиком пола 4 м        \n\n\nартикул: FTR231U",
        "product_img": "https://jung-pro.ru//assets/images/products/1456/jung-fre-525-22bratr231pl.jpeg"
    },
    "1201URE + A1180": {
        "product_title": "Автоматический выключатель 230 В~ , 40-400Вт, трехпроводное подключение, высота монтажа 1,1м 1201URE + A1180",
        "product_brand": "Jung",
        "product_series": "AS 500, ECO Profi, Eco Profi Deco, ECO Profi Standart",
        "product_article": "1201URE + A1180",
        "product_material": "слоновая кость",
        "product_color": "Выключатели автоматические",
        "product_type": "Jung",
        "product_kind_material": "AS 500, ECO Profi, Eco Profi Deco, ECO Profi Standart",
        "product_type_surface": "1201URE + A1180",
        "product_halogen_free": "слоновая кость",
        "product_mounting_orientation": "Выключатели автоматические",
        "product_field_of_inscription": "дуропласт",
        "product_height": "глянцевый",
        "product_width": "да",
        "product_without_baffle": "в сборе с механизмом",
        "product_hinged_lid": "220-250В",
        "product_degree_of_protection": "нет",
        "product_number_of_posts": "механизм с накладкой",
        "product_other_1": "Jung AS 500 Беж накладка датчика движения Стандарт 1,1м A1180        \n\n\nартикул: A1180",
        "product_other_2": "Jung механизм Электронный выключатель 1-канальный(необходима нейтраль) 1201URE        \n\n\nартикул: 1201URE",
        "product_img": "https://jung-pro.ru//assets/images/products/1000/jung-1201urebra1180.jpeg"
    },
    "AS590A": {
        "product_title": "Вывод кабеля с суппортом AS590A",
        "product_brand": "JUNG",
        "product_series": "AS 500, ECO Profi, Eco Profi Deco, ECO Profi Standart",
        "product_article": "AS590A",
        "product_material": "слоновая кость",
        "product_color": "Вывод кабеля",
        "product_type": "JUNG",
        "product_kind_material": "AS 500, ECO Profi, Eco Profi Deco, ECO Profi Standart",
        "product_type_surface": "AS590A",
        "product_halogen_free": "слоновая кость",
        "product_mounting_orientation": "Вывод кабеля",
        "product_field_of_inscription": "дуропласт",
        "product_height": "глянцевый",
        "product_width": "да",
        "product_without_baffle": "в сборе с механизмом",
        "product_hinged_lid": "нет",
        "product_degree_of_protection": "механизм с накладкой",
        "product_number_of_posts": "встроенный монтаж",
        "product_img": "https://jung-pro.ru//assets/images/products/1995/as590aww.jpg"
    }
}