{
    "AS584": {
        "product_title": "Рамка на 4 поста, горизонтальная/вертикальная Jung AS 500, слоновая кость AS584",
        "product_brand": "Jung",
        "product_series": "AS 500",
        "product_article": "AS584",
        "product_material": "слоновая кость",
        "product_color": "Рамки",
        "product_type": "Jung",
        "product_kind_material": "AS 500",
        "product_type_surface": "AS584",
        "product_halogen_free": "слоновая кость",
        "product_mounting_orientation": "Рамки",
        "product_field_of_inscription": "дуропласт",
        "product_height": "глянцевый",
        "product_width": "да",
        "product_without_baffle": "горизонтальная,вертикальная",
        "product_hinged_lid": "нет",
        "product_degree_of_protection": "80.5",
        "product_number_of_posts": "293.5",
        "product_img": "https://jung-pro.ru//assets/images/products/750/51943a80b0b885911205d0f96c0bb1bc.jpeg"
    }
}