{
    "EPUAE8UPO + A569-1PLUA": {
        "product_title": "Розетка телефонная одинарная RJ11 EPUAE8UPO + A569-1PLUA",
        "product_brand": "Jung",
        "product_series": "AS 500, ECO Profi, Eco Profi Deco, ECO Profi Standart",
        "product_article": "EPUAE8UPO + A569-1PLUA",
        "product_material": "слоновая кость",
        "product_color": "Розетки телеф/комп",
        "product_type": "одинарная",
        "product_kind_material": "Jung",
        "product_type_surface": "AS 500, ECO Profi, Eco Profi Deco, ECO Profi Standart",
        "product_halogen_free": "EPUAE8UPO + A569-1PLUA",
        "product_mounting_orientation": "слоновая кость",
        "product_field_of_inscription": "Розетки телеф/комп",
        "product_height": "дуропласт",
        "product_width": "глянцевый",
        "product_without_baffle": "да",
        "product_hinged_lid": "в сборе с механизмом",
        "product_degree_of_protection": "220-250В",
        "product_number_of_posts": "нет",
        "product_other_1": "Крышка для одинарной розетки UAE; слоновая кость A569-1PLUA        \n\n\nартикул: A569-1PLUA",
        "product_other_2": "Jung Телефонная UAE розетка, 8-ми полюсная; один терминал EPUAE8UPO        \n\n\nартикул: EPUAE8UPO",
        "product_img": "https://jung-pro.ru//assets/images/products/1265/jung-epuae8upobra569-1plua.jpeg"
    }
}