{
    "509VU + AS591-5P": {
        "product_title": "Выключатель управления жалюзи клавишный, 10 А / 250 В~ 509VU + AS591-5P",
        "product_brand": "Jung",
        "product_series": "AS 500, ECO Profi, Eco Profi Deco, ECO Profi Standart",
        "product_article": "509VU + AS591-5P",
        "product_material": "слоновая кость",
        "product_color": "Управление жалюзи",
        "product_type": "Jung",
        "product_kind_material": "AS 500, ECO Profi, Eco Profi Deco, ECO Profi Standart",
        "product_type_surface": "509VU + AS591-5P",
        "product_halogen_free": "слоновая кость",
        "product_mounting_orientation": "Управление жалюзи",
        "product_field_of_inscription": "дуропласт",
        "product_height": "глянцевый",
        "product_width": "да",
        "product_without_baffle": "в сборе с механизмом",
        "product_hinged_lid": "220-250В",
        "product_degree_of_protection": "нет",
        "product_number_of_posts": "клавишный",
        "product_other_1": "Jung AS клавиши для выключателя управления жалюзи; слоновая кость AS591-5P        \n\n\nартикул: AS591-5P",
        "product_other_2": "Jung Выключатель для управления жалюзи с блокировкой одновременного нажатия 509VU        \n\n\nартикул: 509VU",
        "product_img": "https://jung-pro.ru//assets/images/products/1512/as591-5p.png"
    }
}