{
    "506u + 90 + AS591KO5": {
        "product_title": "Выключатель одноклавишный с подсветкой, универс. (вкл/выкл с 2-х мест) 10 А / 250 В~ 506u + 90 + AS591KO5",
        "product_brand": "Jung",
        "product_series": "AS 500",
        "product_article": "506u + 90 + AS591KO5",
        "product_material": "слоновая кость",
        "product_color": "Выключатели",
        "product_type": "Jung",
        "product_kind_material": "AS 500",
        "product_type_surface": "506u + 90 + AS591KO5",
        "product_halogen_free": "слоновая кость",
        "product_mounting_orientation": "Выключатели",
        "product_field_of_inscription": "дуропласт",
        "product_height": "глянцевый",
        "product_width": "да",
        "product_without_baffle": "в сборе с механизмом",
        "product_hinged_lid": "нет",
        "product_degree_of_protection": "220-250В",
        "product_number_of_posts": "нет",
        "product_other_1": "Jung Мех Лампа неоновая для 1-клавишных механизмов 230V, 1,1mA 90        \n\n\nартикул: 90",
        "product_other_2": "Jung AS 500 Бежевая клавиша 1-я с подсветкой AS591KO5        \n\n\nартикул: AS591KO5",
        "product_other_3": "Выключатель 10AX 250V универсальный 506U        \n\n\nартикул: 506U",
        "product_img": "https://jung-pro.ru//assets/images/products/964/jung-506ubr90bras591ko5.jpeg"
    }
}