{
    "A1520-18C": {
        "product_title": "Розетка с заземлением + USB тип C, Jung 16А/250В слоновая кость A1520-18C",
        "product_brand": "JUNG",
        "product_series": "AS 500, ECO Profi, Eco Profi Deco, ECO Profi Standart",
        "product_article": "A1520-18C",
        "product_material": "слоновая кость",
        "product_color": "Розетки электрические",
        "product_type": "двойная",
        "product_kind_material": "JUNG",
        "product_type_surface": "AS 500, ECO Profi, Eco Profi Deco, ECO Profi Standart",
        "product_halogen_free": "A1520-18C",
        "product_mounting_orientation": "слоновая кость",
        "product_field_of_inscription": "Розетки электрические",
        "product_height": "дуропласт",
        "product_width": "глянцевый",
        "product_without_baffle": "да",
        "product_hinged_lid": "лапками и винтами",
        "product_degree_of_protection": "220-250В",
        "product_number_of_posts": "нет",
        "product_img": "https://jung-pro.ru//assets/images/products/3353/jung-a1520-18c.png"
    }
}