{
    "507u + AS591": {
        "product_title": "Выключатель одноклавишный перекрестный (вкл/выкл с 3-х мест) 10 А / 250 В~ 507u + AS591",
        "product_brand": "Jung",
        "product_series": "AS 500",
        "product_article": "507u + AS591",
        "product_material": "слоновая кость",
        "product_color": "Выключатели",
        "product_type": "Jung",
        "product_kind_material": "AS 500",
        "product_type_surface": "507u + AS591",
        "product_halogen_free": "слоновая кость",
        "product_mounting_orientation": "Выключатели",
        "product_field_of_inscription": "дуропласт",
        "product_height": "глянцевый",
        "product_width": "да",
        "product_without_baffle": "в сборе с механизмом",
        "product_hinged_lid": "нет",
        "product_degree_of_protection": "220-250В",
        "product_number_of_posts": "нет",
        "product_other_1": "Клавиша для выключателя, слоновая кость AS591        \n\n\nартикул: AS591",
        "product_other_2": "Jung Мех Переключатель 1-клавишный перекрестный 507U        \n\n\nартикул: 507U",
        "product_img": "https://jung-pro.ru//assets/images/products/963/jung-507ubras591.jpeg"
    }
}