{
    "501u + al2990an": {
        "product_title": "Выключатель одноклавишный, 10 А / 250 В~ 501u + al2990an",
        "product_brand": "Jung",
        "product_series": "LS 990, LS plus, LS-design",
        "product_article": "501u + al2990an",
        "product_material": "антрацит",
        "product_color": "Выключатели",
        "product_type": "Jung",
        "product_kind_material": "LS 990, LS plus, LS-design",
        "product_type_surface": "501u + al2990an",
        "product_halogen_free": "антрацит",
        "product_mounting_orientation": "Выключатели",
        "product_field_of_inscription": "металл",
        "product_height": "матовый",
        "product_width": "да",
        "product_without_baffle": "в сборе с механизмом",
        "product_hinged_lid": "нет",
        "product_degree_of_protection": "220-250В",
        "product_number_of_posts": "нет",
        "product_other_1": "Jung Механизм Выключатель 1-клавишный 10AX 250V 501U        \n\n\nартикул: 501U",
        "product_other_2": "Jung LS 990 Антрацит клавиша 1-я AL2990AN        \n\n\nартикул: AL2990AN",
        "product_img": "https://jung-pro.ru//assets/images/products/832/58f970d8a407e55a70883f059c2b12e3.jpg"
    }
}