{
    "AL2969TAN + USB15CAWW": {
        "product_title": "Розетка USB двойная для зарядки тип А+С, 2x700мA, винтовой зажим, антрацит AL2969TAN + USB15CAWW",
        "product_brand": "JUNG",
        "product_series": "LS 990, LS plus, LS-design",
        "product_article": "AL2969TAN + USB15CAWW",
        "product_material": "антрацит",
        "product_color": "Розетки USB",
        "product_type": "двойная",
        "product_kind_material": "JUNG",
        "product_type_surface": "LS 990, LS plus, LS-design",
        "product_halogen_free": "AL2969TAN + USB15CAWW",
        "product_mounting_orientation": "антрацит",
        "product_field_of_inscription": "Розетки USB",
        "product_height": "металл",
        "product_width": "матовый",
        "product_without_baffle": "да",
        "product_hinged_lid": "в сборе с механизмом",
        "product_degree_of_protection": "220-250В",
        "product_number_of_posts": "нет",
        "product_other_1": "Jung LS 990 Антрацит накладка розетки ТАЕ, моно/стерео-аудиорозетки AL2969TAN        \n\n\nартикул: AL2969TAN",
        "product_other_2": "Jung механизм USB-розетки тип А+С, 2 гнезда, до 1,4 А/ч USB15CAWW        \n\n\nартикул: USB15CAWW",
        "product_img": "https://jung-pro.ru//assets/images/products/3030/al2969tan.jpg"
    }
}