{
    "505u + al2995an": {
        "product_title": "Выключатель двухклавишный, 10 А / 250 В~ 505u + al2995an",
        "product_brand": "Jung",
        "product_series": "LS 990, LS plus, LS-design",
        "product_article": "505u + al2995an",
        "product_material": "антрацит",
        "product_color": "Выключатели",
        "product_type": "Jung",
        "product_kind_material": "LS 990, LS plus, LS-design",
        "product_type_surface": "505u + al2995an",
        "product_halogen_free": "антрацит",
        "product_mounting_orientation": "Выключатели",
        "product_field_of_inscription": "металл",
        "product_height": "матовый",
        "product_width": "да",
        "product_without_baffle": "в сборе с механизмом",
        "product_hinged_lid": "нет",
        "product_degree_of_protection": "220-250В",
        "product_number_of_posts": "нет",
        "product_other_1": "Выключатель 10AX 250V сдвоенный 505U        \n\n\nартикул: 505U",
        "product_other_2": "Jung LS 990 Антрацит клавиша 2-я AL2995AN        \n\n\nартикул: AL2995AN",
        "product_img": "https://jung-pro.ru//assets/images/products/829/103c8e05e49d9caa7619edd5fb5cf4e0.jpg"
    }
}