{
    "90 + 506u + al2990ko5an": {
        "product_title": "Выключатель одноклавишный с подсветкой, универс. (вкл/выкл с 2-х мест) 10 А / 250 В~ 90 + 506u + al2990ko5an",
        "product_brand": "Jung",
        "product_series": "LS 990, LS plus, LS-design",
        "product_article": "90 + 506u + al2990ko5an",
        "product_material": "антрацит",
        "product_color": "Выключатели",
        "product_type": "Jung",
        "product_kind_material": "LS 990, LS plus, LS-design",
        "product_type_surface": "90 + 506u + al2990ko5an",
        "product_halogen_free": "антрацит",
        "product_mounting_orientation": "Выключатели",
        "product_field_of_inscription": "металл",
        "product_height": "матовый",
        "product_width": "да",
        "product_without_baffle": "в сборе с механизмом",
        "product_hinged_lid": "нет",
        "product_degree_of_protection": "220-250В",
        "product_number_of_posts": "нет",
        "product_other_1": "Jung Мех Лампа неоновая для 1-клавишных механизмов 230V, 1,1mA 90        \n\n\nартикул: 90",
        "product_other_2": "Выключатель 10AX 250V универсальный 506U        \n\n\nартикул: 506U",
        "product_other_3": "Jung LS 990 Антрацит клавиша 1-я с подсветкой AL2990KO5AN        \n\n\nартикул: AL2990KO5AN",
        "product_img": "https://jung-pro.ru//assets/images/products/830/cbd94528986b336c253e469b90077382.jpg"
    }
}