{
    "ALD2981AN": {
        "product_title": "Рамка одинарная Jung LS-design, антрацит ALD2981AN",
        "product_brand": "Jung",
        "product_series": "LS-design",
        "product_article": "ALD2981AN",
        "product_material": "антрацит",
        "product_color": "Рамки",
        "product_type": "Jung",
        "product_kind_material": "LS-design",
        "product_type_surface": "ALD2981AN",
        "product_halogen_free": "антрацит",
        "product_mounting_orientation": "Рамки",
        "product_field_of_inscription": "металл",
        "product_height": "матовый",
        "product_width": "да",
        "product_without_baffle": "горизонтальная,вертикальная",
        "product_hinged_lid": "нет",
        "product_degree_of_protection": "96",
        "product_number_of_posts": "96",
        "product_img": "https://jung-pro.ru//assets/images/products/620/e5d877eedb921439d5f4e034c522a6cf.jpg"
    },
    "ALD2982AN": {
        "product_title": "Рамка двойная, для горизон./вертик. монтажа Jung LS-design, антрацит ALD2982AN",
        "product_brand": "Jung",
        "product_series": "LS-design",
        "product_article": "ALD2982AN",
        "product_material": "антрацит",
        "product_color": "Рамки",
        "product_type": "Jung",
        "product_kind_material": "LS-design",
        "product_type_surface": "ALD2982AN",
        "product_halogen_free": "антрацит",
        "product_mounting_orientation": "Рамки",
        "product_field_of_inscription": "металл",
        "product_height": "матовый",
        "product_width": "да",
        "product_without_baffle": "горизонтальная,вертикальная",
        "product_hinged_lid": "нет",
        "product_degree_of_protection": "96",
        "product_number_of_posts": "167",
        "product_img": "https://jung-pro.ru//assets/images/products/627/9a8f4f78c3eae12d4e41762288e9a533.jpg"
    },
    "ALD2983AN": {
        "product_title": "Рамка тройная, для горизон./вертик. монтажа Jung LS-design, антрацит ALD2983AN",
        "product_brand": "Jung",
        "product_series": "LS-design",
        "product_article": "ALD2983AN",
        "product_material": "антрацит",
        "product_color": "Рамки",
        "product_type": "Jung",
        "product_kind_material": "LS-design",
        "product_type_surface": "ALD2983AN",
        "product_halogen_free": "антрацит",
        "product_mounting_orientation": "Рамки",
        "product_field_of_inscription": "металл",
        "product_height": "матовый",
        "product_width": "да",
        "product_without_baffle": "горизонтальная,вертикальная",
        "product_hinged_lid": "нет",
        "product_degree_of_protection": "96",
        "product_number_of_posts": "238",
        "product_img": "https://jung-pro.ru//assets/images/products/632/ddabfad97e2aaac233c58b6e5c36c276.jpg"
    },
    "501u + al2990an": {
        "product_title": "Выключатель одноклавишный, 10 А / 250 В~ 501u + al2990an",
        "product_brand": "Jung",
        "product_series": "LS 990, LS plus, LS-design",
        "product_article": "501u + al2990an",
        "product_material": "антрацит",
        "product_color": "Выключатели",
        "product_type": "Jung",
        "product_kind_material": "LS 990, LS plus, LS-design",
        "product_type_surface": "501u + al2990an",
        "product_halogen_free": "антрацит",
        "product_mounting_orientation": "Выключатели",
        "product_field_of_inscription": "металл",
        "product_height": "матовый",
        "product_width": "да",
        "product_without_baffle": "в сборе с механизмом",
        "product_hinged_lid": "нет",
        "product_degree_of_protection": "220-250В",
        "product_number_of_posts": "нет",
        "product_other_1": "Jung Механизм Выключатель 1-клавишный 10AX 250V 501U        \n\n\nартикул: 501U",
        "product_other_2": "Jung LS 990 Антрацит клавиша 1-я AL2990AN        \n\n\nартикул: AL2990AN",
        "product_img": "https://jung-pro.ru//assets/images/products/832/58f970d8a407e55a70883f059c2b12e3.jpg"
    },
    "506u + al2990an": {
        "product_title": "Выключатель одноклавишный, универс. (вкл/выкл с 2-х мест) 10 А / 250 В~ 506u + al2990an",
        "product_brand": "Jung",
        "product_series": "LS 990, LS plus, LS-design",
        "product_article": "506u + al2990an",
        "product_material": "антрацит",
        "product_color": "Выключатели",
        "product_type": "Jung",
        "product_kind_material": "LS 990, LS plus, LS-design",
        "product_type_surface": "506u + al2990an",
        "product_halogen_free": "антрацит",
        "product_mounting_orientation": "Выключатели",
        "product_field_of_inscription": "металл",
        "product_height": "матовый",
        "product_width": "да",
        "product_without_baffle": "в сборе с механизмом",
        "product_hinged_lid": "нет",
        "product_degree_of_protection": "220-250В",
        "product_number_of_posts": "нет",
        "product_other_1": "Выключатель 10AX 250V универсальный 506U        \n\n\nартикул: 506U",
        "product_other_2": "Jung LS 990 Антрацит клавиша 1-я AL2990AN        \n\n\nартикул: AL2990AN",
        "product_img": "https://jung-pro.ru//assets/images/products/833/9d007ced36441aafd48fbe73c39ea21a.jpg"
    },
    "90 + 506u + al2990ko5an": {
        "product_title": "Выключатель одноклавишный с подсветкой, универс. (вкл/выкл с 2-х мест) 10 А / 250 В~ 90 + 506u + al2990ko5an",
        "product_brand": "Jung",
        "product_series": "LS 990, LS plus, LS-design",
        "product_article": "90 + 506u + al2990ko5an",
        "product_material": "антрацит",
        "product_color": "Выключатели",
        "product_type": "Jung",
        "product_kind_material": "LS 990, LS plus, LS-design",
        "product_type_surface": "90 + 506u + al2990ko5an",
        "product_halogen_free": "антрацит",
        "product_mounting_orientation": "Выключатели",
        "product_field_of_inscription": "металл",
        "product_height": "матовый",
        "product_width": "да",
        "product_without_baffle": "в сборе с механизмом",
        "product_hinged_lid": "нет",
        "product_degree_of_protection": "220-250В",
        "product_number_of_posts": "нет",
        "product_other_1": "Jung Мех Лампа неоновая для 1-клавишных механизмов 230V, 1,1mA 90        \n\n\nартикул: 90",
        "product_other_2": "Выключатель 10AX 250V универсальный 506U        \n\n\nартикул: 506U",
        "product_other_3": "Jung LS 990 Антрацит клавиша 1-я с подсветкой AL2990KO5AN        \n\n\nартикул: AL2990KO5AN",
        "product_img": "https://jung-pro.ru//assets/images/products/830/cbd94528986b336c253e469b90077382.jpg"
    },
    "505u + al2995an": {
        "product_title": "Выключатель двухклавишный, 10 А / 250 В~ 505u + al2995an",
        "product_brand": "Jung",
        "product_series": "LS 990, LS plus, LS-design",
        "product_article": "505u + al2995an",
        "product_material": "антрацит",
        "product_color": "Выключатели",
        "product_type": "Jung",
        "product_kind_material": "LS 990, LS plus, LS-design",
        "product_type_surface": "505u + al2995an",
        "product_halogen_free": "антрацит",
        "product_mounting_orientation": "Выключатели",
        "product_field_of_inscription": "металл",
        "product_height": "матовый",
        "product_width": "да",
        "product_without_baffle": "в сборе с механизмом",
        "product_hinged_lid": "нет",
        "product_degree_of_protection": "220-250В",
        "product_number_of_posts": "нет",
        "product_other_1": "Выключатель 10AX 250V сдвоенный 505U        \n\n\nартикул: 505U",
        "product_other_2": "Jung LS 990 Антрацит клавиша 2-я AL2995AN        \n\n\nартикул: AL2995AN",
        "product_img": "https://jung-pro.ru//assets/images/products/829/103c8e05e49d9caa7619edd5fb5cf4e0.jpg"
    },
    "509u + al2995an": {
        "product_title": "Выключатель двухклавишный, проходной (вкл/выкл с 2-х мест) 10 А / 250 В~ 509u + al2995an",
        "product_brand": "Jung",
        "product_series": "LS 990, LS plus, LS-design",
        "product_article": "509u + al2995an",
        "product_material": "антрацит",
        "product_color": "Выключатели",
        "product_type": "Jung",
        "product_kind_material": "LS 990, LS plus, LS-design",
        "product_type_surface": "509u + al2995an",
        "product_halogen_free": "антрацит",
        "product_mounting_orientation": "Выключатели",
        "product_field_of_inscription": "металл",
        "product_height": "матовый",
        "product_width": "да",
        "product_without_baffle": "в сборе с механизмом",
        "product_hinged_lid": "нет",
        "product_degree_of_protection": "220-250В",
        "product_number_of_posts": "нет",
        "product_other_1": "Jung Выключатель 10AХ 250V универсальный сдвоенный 509U        \n\n\nартикул: 509U",
        "product_other_2": "Jung LS 990 Антрацит клавиша 2-я AL2995AN        \n\n\nартикул: AL2995AN",
        "product_img": "https://jung-pro.ru//assets/images/products/828/e943c25cbcceeb4386b1ea9bace5ac11.jpg"
    },
    "505u5 + al2995ko5an": {
        "product_title": "Выключатель двухклавишный с подсветкой, 10 А / 250 В~ 505u5 + al2995ko5an",
        "product_brand": "Jung",
        "product_series": "LS 990, LS plus, LS-design",
        "product_article": "505u5 + al2995ko5an",
        "product_material": "антрацит",
        "product_color": "Выключатели",
        "product_type": "Jung",
        "product_kind_material": "LS 990, LS plus, LS-design",
        "product_type_surface": "505u5 + al2995ko5an",
        "product_halogen_free": "антрацит",
        "product_mounting_orientation": "Выключатели",
        "product_field_of_inscription": "металл",
        "product_height": "матовый",
        "product_width": "да",
        "product_without_baffle": "в сборе с механизмом",
        "product_hinged_lid": "нет",
        "product_degree_of_protection": "220-250В",
        "product_number_of_posts": "нет",
        "product_other_1": "Jung Выключатель 10AX 250V сдвоенный с двумя лампочками 505U5        \n\n\nартикул: 505U5",
        "product_other_2": "Jung LS 990 Антрацит клавиша 2-я с подсветкой AL2995KO5AN        \n\n\nартикул: AL2995KO5AN",
        "product_img": "https://jung-pro.ru//assets/images/products/827/4446ef278f6b743acd50b34cab2bf682.jpg"
    },
    "AL1520AN": {
        "product_title": "Розетка с заземляющими контактами 16 А / 250 В~ AL1520AN",
        "product_brand": "Jung",
        "product_series": "LS 990, LS plus, LS-design",
        "product_article": "AL1520AN",
        "product_material": "антрацит",
        "product_color": "Розетки электрические",
        "product_type": "одинарная",
        "product_kind_material": "Jung",
        "product_type_surface": "LS 990, LS plus, LS-design",
        "product_halogen_free": "AL1520AN",
        "product_mounting_orientation": "антрацит",
        "product_field_of_inscription": "Розетки электрические",
        "product_height": "металл",
        "product_width": "матовый",
        "product_without_baffle": "да",
        "product_hinged_lid": "в сборе с механизмом",
        "product_degree_of_protection": "нет",
        "product_number_of_posts": "220-250В",
        "product_img": "https://jung-pro.ru//assets/images/products/1291/cb78b2225a2536b399011704539c8131.jpg"
    },
    "AL1520KIAN": {
        "product_title": "Розетка с заземляющими контактами 16 А / 250 В~ с защитой от детей AL1520KIAN",
        "product_brand": "Jung",
        "product_series": "LS 990, LS plus, LS-design",
        "product_article": "AL1520KIAN",
        "product_material": "антрацит",
        "product_color": "Розетки электрические",
        "product_type": "одинарная",
        "product_kind_material": "Jung",
        "product_type_surface": "LS 990, LS plus, LS-design",
        "product_halogen_free": "AL1520KIAN",
        "product_mounting_orientation": "антрацит",
        "product_field_of_inscription": "Розетки электрические",
        "product_height": "металл",
        "product_width": "матовый",
        "product_without_baffle": "да",
        "product_hinged_lid": "в сборе с механизмом",
        "product_degree_of_protection": "нет",
        "product_number_of_posts": "220-250В",
        "product_img": "https://jung-pro.ru//assets/images/products/1292/706010172fe2458d496eaae4fbf3157b.jpg"
    },
    "AL1520KLAN": {
        "product_title": "Розетка с заземляющими контактами 16 А / 250 В~, с откидной крышкой AL1520KLAN",
        "product_brand": "JUNG",
        "product_series": "LS 990, LS plus, LS-design",
        "product_article": "AL1520KLAN",
        "product_material": "антрацит",
        "product_color": "Розетки электрические",
        "product_type": "одинарная",
        "product_kind_material": "JUNG",
        "product_type_surface": "LS 990, LS plus, LS-design",
        "product_halogen_free": "AL1520KLAN",
        "product_mounting_orientation": "антрацит",
        "product_field_of_inscription": "Розетки электрические",
        "product_height": "металл",
        "product_width": "матовый",
        "product_without_baffle": "да",
        "product_hinged_lid": "в сборе с механизмом",
        "product_degree_of_protection": "нет",
        "product_number_of_posts": "220-250В",
        "product_img": "https://jung-pro.ru//assets/images/products/155/al2520klan.jpg"
    },
    "551WU + AL1520KLAN": {
        "product_title": "Розетка с заземляющими контактами 16 А / 250 В~, с откидной крышкой и уплотнительной мембраной IP44 551WU + AL1520KLAN",
        "product_brand": "Jung",
        "product_series": "LS 990, LS plus, LS-design",
        "product_article": "551WU + AL1520KLAN",
        "product_material": "антрацит",
        "product_color": "Розетки электрические",
        "product_type": "одинарная",
        "product_kind_material": "Jung",
        "product_type_surface": "LS 990, LS plus, LS-design",
        "product_halogen_free": "551WU + AL1520KLAN",
        "product_mounting_orientation": "антрацит",
        "product_field_of_inscription": "Розетки электрические",
        "product_height": "металл",
        "product_width": "матовый",
        "product_without_baffle": "да",
        "product_hinged_lid": "в сборе с механизмом",
        "product_degree_of_protection": "нет",
        "product_number_of_posts": "220-250В",
        "product_other_1": "Уплотнительная мембрана для влагозащиты 551WU        \n\n\nартикул: 551WU",
        "product_other_2": "Розетка с заземляющими контактами 16 А / 250 В~, с откидной крышкой AL1520KLAN        \n\n\nартикул: AL1520KLAN                            материал: металл                            цвет: антрацит",
        "product_img": "https://jung-pro.ru//assets/images/products/1284/343d2c7b6f18eafbb35b1a4597267aca.jpg"
    },
    "AL1520-18CAN-L": {
        "product_title": "Розетка с заземлением + USB тип C, Jung 16А/250В антрацит металл AL1520-18CAN-L",
        "product_brand": "JUNG",
        "product_series": "LS 990, LS plus, LS-design",
        "product_article": "AL1520-18CAN-L",
        "product_material": "антрацит",
        "product_color": "Розетки электрические",
        "product_type": "двойная",
        "product_kind_material": "JUNG",
        "product_type_surface": "LS 990, LS plus, LS-design",
        "product_halogen_free": "AL1520-18CAN-L",
        "product_mounting_orientation": "антрацит",
        "product_field_of_inscription": "Розетки электрические",
        "product_height": "металл",
        "product_width": "матовый",
        "product_without_baffle": "да",
        "product_hinged_lid": "лапками и винтами",
        "product_degree_of_protection": "220-250В",
        "product_number_of_posts": "нет",
        "product_img": "https://jung-pro.ru//assets/images/products/3332/jung-al1520-18can-l.png"
    },
    "AL1520-15CAAN-L": {
        "product_title": "Розетка с заземлением + USB тип A+C, Jung 16А/250В антрацит металл AL1520-15CAAN-L",
        "product_brand": "JUNG",
        "product_series": "LS 990, LS plus, LS-design",
        "product_article": "AL1520-15CAAN-L",
        "product_material": "антрацит",
        "product_color": "Розетки электрические",
        "product_type": "тройная",
        "product_kind_material": "JUNG",
        "product_type_surface": "LS 990, LS plus, LS-design",
        "product_halogen_free": "AL1520-15CAAN-L",
        "product_mounting_orientation": "антрацит",
        "product_field_of_inscription": "Розетки электрические",
        "product_height": "металл",
        "product_width": "матовый",
        "product_without_baffle": "да",
        "product_hinged_lid": "лапками и винтами",
        "product_degree_of_protection": "220-250В",
        "product_number_of_posts": "нет",
        "product_img": "https://jung-pro.ru//assets/images/products/3342/jung-al1520-15caan-l.png"
    },
    "AL1520-18AAN-L": {
        "product_title": "Розетка с заземлением + USB тип A, Jung 16А/250В антрацит металл AL1520-18AAN-L",
        "product_brand": "JUNG",
        "product_series": "LS 990, LS plus, LS-design",
        "product_article": "AL1520-18AAN-L",
        "product_material": "антрацит",
        "product_color": "Розетки электрические",
        "product_type": "двойная",
        "product_kind_material": "JUNG",
        "product_type_surface": "LS 990, LS plus, LS-design",
        "product_halogen_free": "AL1520-18AAN-L",
        "product_mounting_orientation": "антрацит",
        "product_field_of_inscription": "Розетки электрические",
        "product_height": "металл",
        "product_width": "матовый",
        "product_without_baffle": "да",
        "product_hinged_lid": "лапками и винтами",
        "product_degree_of_protection": "220-250В",
        "product_number_of_posts": "нет",
        "product_img": "https://jung-pro.ru//assets/images/products/3322/jung-al1520-18aan-l.png"
    },
    "AL2969TAN + USB15CAWW": {
        "product_title": "Розетка USB двойная для зарядки тип А+С, 2x700мA, винтовой зажим, антрацит AL2969TAN + USB15CAWW",
        "product_brand": "JUNG",
        "product_series": "LS 990, LS plus, LS-design",
        "product_article": "AL2969TAN + USB15CAWW",
        "product_material": "антрацит",
        "product_color": "Розетки USB",
        "product_type": "двойная",
        "product_kind_material": "JUNG",
        "product_type_surface": "LS 990, LS plus, LS-design",
        "product_halogen_free": "AL2969TAN + USB15CAWW",
        "product_mounting_orientation": "антрацит",
        "product_field_of_inscription": "Розетки USB",
        "product_height": "металл",
        "product_width": "матовый",
        "product_without_baffle": "да",
        "product_hinged_lid": "в сборе с механизмом",
        "product_degree_of_protection": "220-250В",
        "product_number_of_posts": "нет",
        "product_other_1": "Jung LS 990 Антрацит накладка розетки ТАЕ, моно/стерео-аудиорозетки AL2969TAN        \n\n\nартикул: AL2969TAN",
        "product_other_2": "Jung механизм USB-розетки тип А+С, 2 гнезда, до 1,4 А/ч USB15CAWW        \n\n\nартикул: USB15CAWW",
        "product_img": "https://jung-pro.ru//assets/images/products/3030/al2969tan.jpg"
    },
    "S2900 + al2990tvan": {
        "product_title": "Розетка телевизионная оконечная TV FM, диапазон частот от 4 до 2400 MГц S2900 + al2990tvan",
        "product_brand": "Jung",
        "product_series": "LS 990, LS plus, LS-design",
        "product_article": "S2900 + al2990tvan",
        "product_material": "антрацит",
        "product_color": "Розетки TV",
        "product_type": "Jung",
        "product_kind_material": "LS 990, LS plus, LS-design",
        "product_type_surface": "S2900 + al2990tvan",
        "product_halogen_free": "антрацит",
        "product_mounting_orientation": "Розетки TV",
        "product_field_of_inscription": "металл",
        "product_height": "матовый",
        "product_width": "да",
        "product_without_baffle": "в сборе с механизмом",
        "product_hinged_lid": "220-250В",
        "product_degree_of_protection": "нет",
        "product_number_of_posts": "механизм с накладкой",
        "product_other_1": "TV-FM оконечная розетка S2900        \n\n\nартикул: S2900",
        "product_other_2": "Jung LS 990 Антрацит накладка TV-FM розетки AL2990TVAN        \n\n\nартикул: AL2990TVAN",
        "product_img": "https://jung-pro.ru//assets/images/products/1065/3078729fc34c1c687768b32127ab55ef.jpg"
    },
    "S2900-10 + al2990tvan": {
        "product_title": "Розетка телевизионная проходная TV FM, диапазон частот от 4 до 2400 MГц S2900-10 + al2990tvan",
        "product_brand": "Jung",
        "product_series": "LS 990, LS plus, LS-design",
        "product_article": "S2900-10 + al2990tvan",
        "product_material": "антрацит",
        "product_color": "Розетки TV",
        "product_type": "Jung",
        "product_kind_material": "LS 990, LS plus, LS-design",
        "product_type_surface": "S2900-10 + al2990tvan",
        "product_halogen_free": "антрацит",
        "product_mounting_orientation": "Розетки TV",
        "product_field_of_inscription": "металл",
        "product_height": "матовый",
        "product_width": "да",
        "product_without_baffle": "в сборе с механизмом",
        "product_hinged_lid": "220-250В",
        "product_degree_of_protection": "нет",
        "product_number_of_posts": "механизм с накладкой",
        "product_other_1": "TV-FM оконечная розетка, проходная S2900-10        \n\n\nартикул: S2900-10",
        "product_other_2": "Jung LS 990 Антрацит накладка TV-FM розетки AL2990TVAN        \n\n\nартикул: AL2990TVAN",
        "product_img": "https://jung-pro.ru//assets/images/products/1064/6af2fda9bedaeaf8ac08eba45f1d6767.jpg"
    },
    "S4100 + al2990satan": {
        "product_title": "Розетка телевизионная оконечная TV SAT FM, диапазон частот от 4 до 2400 MГц S4100 + al2990satan",
        "product_brand": "Jung",
        "product_series": "LS 990, LS plus, LS-design",
        "product_article": "S4100 + al2990satan",
        "product_material": "антрацит",
        "product_color": "Розетки TV",
        "product_type": "Jung",
        "product_kind_material": "LS 990, LS plus, LS-design",
        "product_type_surface": "S4100 + al2990satan",
        "product_halogen_free": "антрацит",
        "product_mounting_orientation": "Розетки TV",
        "product_field_of_inscription": "металл",
        "product_height": "матовый",
        "product_width": "да",
        "product_without_baffle": "в сборе с механизмом",
        "product_hinged_lid": "220-250В",
        "product_degree_of_protection": "нет",
        "product_number_of_posts": "механизм с накладкой",
        "product_other_1": "Розетка универсальная для систем приема спутникового, эфирного и кабельного вещания, оконечная S4100        \n\n\nартикул: S4100",
        "product_other_2": "Jung LS 990 Антрацит накладка TV-SAT-FM розетки AL2990SATAN        \n\n\nартикул: AL2990SATAN",
        "product_img": "https://jung-pro.ru//assets/images/products/1066/78a4856ff44eb86dea0aa6fbdc83c3ab.jpg"
    },
    "S4110 + al2990satan": {
        "product_title": "Розетка телевизионная проходная TV SAT FM, диапазон частот от 4 до 2400 MГц S4110 + al2990satan",
        "product_brand": "JUNG",
        "product_series": "LS 990, LS plus, LS-design",
        "product_article": "S4110 + al2990satan",
        "product_material": "антрацит",
        "product_color": "Розетки TV",
        "product_type": "JUNG",
        "product_kind_material": "LS 990, LS plus, LS-design",
        "product_type_surface": "S4110 + al2990satan",
        "product_halogen_free": "антрацит",
        "product_mounting_orientation": "Розетки TV",
        "product_field_of_inscription": "металл",
        "product_height": "матовый",
        "product_width": "да",
        "product_without_baffle": "в сборе с механизмом",
        "product_hinged_lid": "220-250В",
        "product_degree_of_protection": "нет",
        "product_number_of_posts": "механизм с накладкой",
        "product_other_1": "Jung Мех Розетка TV-FM-SAT проходная S4110        \n\n\nартикул: S4110",
        "product_other_2": "Jung LS 990 Антрацит накладка TV-SAT-FM розетки AL2990SATAN        \n\n\nартикул: AL2990SATAN",
        "product_img": "https://jung-pro.ru//assets/images/products/2005/al2990satan.jpg"
    },
    "EPUAE8UPO + al2969-1uaan": {
        "product_title": "Розетка телефонная одинарная RJ11 EPUAE8UPO + al2969-1uaan",
        "product_brand": "Jung",
        "product_series": "LS 990, LS plus, LS-design",
        "product_article": "EPUAE8UPO + al2969-1uaan",
        "product_material": "антрацит",
        "product_color": "Розетки телеф/комп",
        "product_type": "одинарная",
        "product_kind_material": "Jung",
        "product_type_surface": "LS 990, LS plus, LS-design",
        "product_halogen_free": "EPUAE8UPO + al2969-1uaan",
        "product_mounting_orientation": "антрацит",
        "product_field_of_inscription": "Розетки телеф/комп",
        "product_height": "металл",
        "product_width": "матовый",
        "product_without_baffle": "да",
        "product_hinged_lid": "в сборе с механизмом",
        "product_degree_of_protection": "220-250В",
        "product_number_of_posts": "нет",
        "product_other_1": "Jung Телефонная UAE розетка, 8-ми полюсная; один терминал EPUAE8UPO        \n\n\nартикул: EPUAE8UPO",
        "product_other_2": "Jung LS 990 Антрацит накладка 1-ой наклонной ТЛФ/комп розетки AL2969-1UAAN        \n\n\nартикул: AL2969-1UAAN",
        "product_img": "https://jung-pro.ru//assets/images/products/1183/060b7c45fd39ef19151715900f17d56c.jpg"
    },
    "EPUAE8-8UPO + al2969-2uaan": {
        "product_title": "Розетка телефонная двойная RJ11 EPUAE8-8UPO + al2969-2uaan",
        "product_brand": "Jung",
        "product_series": "LS 990, LS plus, LS-design",
        "product_article": "EPUAE8-8UPO + al2969-2uaan",
        "product_material": "антрацит",
        "product_color": "Розетки телеф/комп",
        "product_type": "двойная",
        "product_kind_material": "Jung",
        "product_type_surface": "LS 990, LS plus, LS-design",
        "product_halogen_free": "EPUAE8-8UPO + al2969-2uaan",
        "product_mounting_orientation": "антрацит",
        "product_field_of_inscription": "Розетки телеф/комп",
        "product_height": "металл",
        "product_width": "матовый",
        "product_without_baffle": "да",
        "product_hinged_lid": "в сборе с механизмом",
        "product_degree_of_protection": "220-250В",
        "product_number_of_posts": "нет",
        "product_other_1": "Jung телефонная UAE розетка, 8-ми полюсная; два терминала EPUAE8-8UPO        \n\n\nартикул: EPUAE8-8UPO",
        "product_other_2": "Jung LS 990 Антрацит накладка 2-ой наклонной ТЛФ/комп розетки AL2969-2UAAN        \n\n\nартикул: AL2969-2UAAN",
        "product_img": "https://jung-pro.ru//assets/images/products/1181/9c7c336c46292b1a778953664b626f99.jpg"
    },
    "EPUAE8UPOK6 + AL2969-1UAAN": {
        "product_title": "Розетка компьютерная одинарная RJ45 6-й кат. EPUAE8UPOK6 + AL2969-1UAAN",
        "product_brand": "Jung",
        "product_series": "LS 990, LS plus, LS-design",
        "product_article": "EPUAE8UPOK6 + AL2969-1UAAN",
        "product_material": "антрацит",
        "product_color": "Розетки телеф/комп",
        "product_type": "одинарная",
        "product_kind_material": "Jung",
        "product_type_surface": "LS 990, LS plus, LS-design",
        "product_halogen_free": "EPUAE8UPOK6 + AL2969-1UAAN",
        "product_mounting_orientation": "антрацит",
        "product_field_of_inscription": "Розетки телеф/комп",
        "product_height": "металл",
        "product_width": "матовый",
        "product_without_baffle": "да",
        "product_hinged_lid": "в сборе с механизмом",
        "product_degree_of_protection": "220-250В",
        "product_number_of_posts": "нет",
        "product_other_1": "Компьютерная UAE розетка 6-й категории, 8-ми полюсная, экранированная, один терминал EPUAE8UPOK6        \n\n\nартикул: EPUAE8UPOK6",
        "product_other_2": "Jung LS 990 Антрацит накладка 1-ой наклонной ТЛФ/комп розетки AL2969-1UAAN        \n\n\nартикул: AL2969-1UAAN",
        "product_img": "https://jung-pro.ru//assets/images/products/1182/c231f58fd954f96930b2112f00da3344.jpg"
    },
    "EPUAE8-8UPOK6 + AL2969-2UAAN": {
        "product_title": "Розетка компьютерная двойная RJ45 6-й кат. EPUAE8-8UPOK6 + AL2969-2UAAN",
        "product_brand": "Jung",
        "product_series": "LS 990, LS plus, LS-design",
        "product_article": "EPUAE8-8UPOK6 + AL2969-2UAAN",
        "product_material": "антрацит",
        "product_color": "Розетки телеф/комп",
        "product_type": "двойная",
        "product_kind_material": "Jung",
        "product_type_surface": "LS 990, LS plus, LS-design",
        "product_halogen_free": "EPUAE8-8UPOK6 + AL2969-2UAAN",
        "product_mounting_orientation": "антрацит",
        "product_field_of_inscription": "Розетки телеф/комп",
        "product_height": "металл",
        "product_width": "матовый",
        "product_without_baffle": "да",
        "product_hinged_lid": "в сборе с механизмом",
        "product_degree_of_protection": "220-250В",
        "product_number_of_posts": "нет",
        "product_other_1": "Jung Компьютерная UAE розетка 6-й категории, 8-ми полюсная, экранированная; два терминала EPUAE8-8UPOK6        \n\n\nартикул: EPUAE8-8UPOK6",
        "product_other_2": "Jung LS 990 Антрацит накладка 2-ой наклонной ТЛФ/комп розетки AL2969-2UAAN        \n\n\nартикул: AL2969-2UAAN",
        "product_img": "https://jung-pro.ru//assets/images/products/1180/a863fb76c26baef6f4c39c848aade34a.jpg"
    },
    "SLA2WW + al2969tan": {
        "product_title": "Розетка для стерео-громкоговорителя SLA2WW + al2969tan",
        "product_brand": "Jung",
        "product_series": "LS 990, LS plus, LS-design",
        "product_article": "SLA2WW + al2969tan",
        "product_material": "антрацит",
        "product_color": "Розетки акустические",
        "product_type": "двойная",
        "product_kind_material": "Jung",
        "product_type_surface": "LS 990, LS plus, LS-design",
        "product_halogen_free": "SLA2WW + al2969tan",
        "product_mounting_orientation": "антрацит",
        "product_field_of_inscription": "Розетки акустические",
        "product_height": "металл",
        "product_width": "матовый",
        "product_without_baffle": "да",
        "product_hinged_lid": "в сборе с механизмом",
        "product_degree_of_protection": "220-250В",
        "product_number_of_posts": "нет",
        "product_other_1": "Jung LS 990 Антрацит накладка розетки ТАЕ, моно/стерео-аудиорозетки AL2969TAN        \n\n\nартикул: AL2969TAN",
        "product_other_2": "Jung Мех Аудиорозетка (стерео) белый SLA2WW        \n\n\nартикул: SLA2WW",
        "product_img": "https://jung-pro.ru//assets/images/products/1523/al2969tan.jpeg"
    },
    "509VU + al2995pan": {
        "product_title": "Выключатель управления жалюзи клавишный, 10 А / 250 В~ 509VU + al2995pan",
        "product_brand": "Jung",
        "product_series": "LS 990, LS plus, LS-design",
        "product_article": "509VU + al2995pan",
        "product_material": "антрацит",
        "product_color": "Управление жалюзи",
        "product_type": "Jung",
        "product_kind_material": "LS 990, LS plus, LS-design",
        "product_type_surface": "509VU + al2995pan",
        "product_halogen_free": "антрацит",
        "product_mounting_orientation": "Управление жалюзи",
        "product_field_of_inscription": "металл",
        "product_height": "матовый",
        "product_width": "да",
        "product_without_baffle": "в сборе с механизмом",
        "product_hinged_lid": "220-250В",
        "product_degree_of_protection": "нет",
        "product_number_of_posts": "клавишный",
        "product_other_1": "Jung Выключатель для управления жалюзи с блокировкой одновременного нажатия 509VU        \n\n\nартикул: 509VU",
        "product_other_2": "Jung LS 990 Антрацит клавиша 2-я жалюзийная AL2995PAN        \n\n\nартикул: AL2995PAN",
        "product_img": "https://jung-pro.ru//assets/images/products/1473/6444725ffafb66a8ed52fe3aafc299fb.jpg"
    },
    "539VU + al2995pan": {
        "product_title": "Выключатель управления жалюзи кнопочный, 10 А / 250 В~ 539VU + al2995pan",
        "product_brand": "Jung",
        "product_series": "LS 990, LS plus, LS-design",
        "product_article": "539VU + al2995pan",
        "product_material": "антрацит",
        "product_color": "Управление жалюзи",
        "product_type": "Jung",
        "product_kind_material": "LS 990, LS plus, LS-design",
        "product_type_surface": "539VU + al2995pan",
        "product_halogen_free": "антрацит",
        "product_mounting_orientation": "Управление жалюзи",
        "product_field_of_inscription": "металл",
        "product_height": "матовый",
        "product_width": "да",
        "product_without_baffle": "в сборе с механизмом",
        "product_hinged_lid": "220-250В",
        "product_degree_of_protection": "нет",
        "product_number_of_posts": "кнопочный",
        "product_other_1": "Jung Мех Выключатель жалюзийный кнопочный с мех блокировкой одновременного нажатия 539VU        \n\n\nартикул: 539VU",
        "product_other_2": "Jung LS 990 Антрацит клавиша 2-я жалюзийная AL2995PAN        \n\n\nартикул: AL2995PAN",
        "product_img": "https://jung-pro.ru//assets/images/products/1474/62af865d5e9218c7440298f28aed0693.jpg"
    },
    "1730DD + AL1940AN": {
        "product_title": "Светорегулятор поворотно-нажимной LED 3-60Вт., 20-210Вт ламп накал. и галог., антрацит 1730DD + AL1940AN",
        "product_brand": "Jung",
        "product_series": "LS 990, LS plus, LS-design",
        "product_article": "1730DD + AL1940AN",
        "product_material": "антрацит",
        "product_color": "Светорегуляторы",
        "product_type": "Jung",
        "product_kind_material": "LS 990, LS plus, LS-design",
        "product_type_surface": "1730DD + AL1940AN",
        "product_halogen_free": "антрацит",
        "product_mounting_orientation": "Светорегуляторы",
        "product_field_of_inscription": "металл",
        "product_height": "матовый",
        "product_width": "да",
        "product_without_baffle": "в сборе с механизмом",
        "product_hinged_lid": "да",
        "product_degree_of_protection": "220-250В",
        "product_number_of_posts": "нет",
        "product_other_1": "Jung LS 990 Антрацит накладка светорегулятора поворотного AL1940AN        \n\n\nартикул: AL1940AN",
        "product_other_2": "Механизм светорегулятора Jung поворотно-нажимного для LED 3-60Вт., 20-210Вт ламп накал. и галог. 1730DD        \n\n\nартикул: 1730DD",
        "product_img": "https://jung-pro.ru//assets/images/products/3159/al1940an.jpg"
    },
    "1731DD + AL1940AN": {
        "product_title": "Светорегулятор универсальный поворотно-нажимной LED 3-100Вт., 20-420Вт ламп накал. и галог., антрацит 1731DD + AL1940AN",
        "product_brand": "Jung",
        "product_series": "LS 990, LS plus, LS-design",
        "product_article": "1731DD + AL1940AN",
        "product_material": "антрацит",
        "product_color": "Светорегуляторы",
        "product_type": "Jung",
        "product_kind_material": "LS 990, LS plus, LS-design",
        "product_type_surface": "1731DD + AL1940AN",
        "product_halogen_free": "антрацит",
        "product_mounting_orientation": "Светорегуляторы",
        "product_field_of_inscription": "металл",
        "product_height": "матовый",
        "product_width": "да",
        "product_without_baffle": "в сборе с механизмом",
        "product_hinged_lid": "да",
        "product_degree_of_protection": "220-250В",
        "product_number_of_posts": "нет",
        "product_other_1": "Jung LS 990 Антрацит накладка светорегулятора поворотного AL1940AN        \n\n\nартикул: AL1940AN",
        "product_other_2": "JUNG Роторный диммер универсальный LED 3-210 вт, 20-420Вт ламп накал. и галог., 1731DD        \n\n\nартикул: 1731DD",
        "product_img": "https://jung-pro.ru//assets/images/products/3425/al1940an.jpg"
    },
    "211GDE + AL1940AN": {
        "product_title": "Светорегулятор поворотный 100-1000 Вт. для ламп накаливания и галог.220В 211GDE + AL1940AN",
        "product_brand": "Jung",
        "product_series": "LS 990, LS plus, LS-design",
        "product_article": "211GDE + AL1940AN",
        "product_material": "антрацит",
        "product_color": "Светорегуляторы",
        "product_type": "Jung",
        "product_kind_material": "LS 990, LS plus, LS-design",
        "product_type_surface": "211GDE + AL1940AN",
        "product_halogen_free": "антрацит",
        "product_mounting_orientation": "Светорегуляторы",
        "product_field_of_inscription": "металл",
        "product_height": "матовый",
        "product_width": "да",
        "product_without_baffle": "в сборе с механизмом",
        "product_hinged_lid": "220-250В",
        "product_degree_of_protection": "нет",
        "product_number_of_posts": "механизм с накладкой",
        "product_other_1": "Jung LS 990 Антрацит накладка светорегулятора поворотного AL1940AN        \n\n\nартикул: AL1940AN",
        "product_other_2": "Jung механизм светорегуляторп поворотно-нажимного 100-1000 Вт для л/н 211GDE        \n\n\nартикул: 211GDE",
        "product_img": "https://jung-pro.ru//assets/images/products/1382/2b8e63e2bd5adf7bd5287d3393d56c0a.jpg"
    },
    "FTR231U + ALFTR231PLAN": {
        "product_title": "Регулятор теплого пола Jung 230В/10А с выносным датчиком FTR231U + ALFTR231PLAN",
        "product_brand": "Jung",
        "product_series": "LS 990, LS plus, LS-design",
        "product_article": "FTR231U + ALFTR231PLAN",
        "product_material": "антрацит",
        "product_color": "Терморегуляторы теплого пола",
        "product_type": "Jung",
        "product_kind_material": "LS 990, LS plus, LS-design",
        "product_type_surface": "FTR231U + ALFTR231PLAN",
        "product_halogen_free": "антрацит",
        "product_mounting_orientation": "Терморегуляторы теплого пола",
        "product_field_of_inscription": "нет",
        "product_height": "металл",
        "product_width": "матовый",
        "product_without_baffle": "да",
        "product_hinged_lid": "в сборе с механизмом",
        "product_degree_of_protection": "220-250В",
        "product_number_of_posts": "нет",
        "product_other_1": "Jung LS 990 Антрацит накладка регулятора теплого пола ALFTR231PLAN        \n\n\nартикул: ALFTR231PLAN",
        "product_other_2": "Механизм терморегулятора пола JUNG с датчиком пола 4 м        \n\n\nартикул: FTR231U",
        "product_img": "https://jung-pro.ru//assets/images/products/1437/5e4ba3cdf9b262831c2835d13c72051c.jpg"
    },
    "1201URE + al1180an": {
        "product_title": "Автоматический выключатель 230 В~ , 40-400Вт, трехпроводное подключение, высота монтажа 1,1м 1201URE + al1180an",
        "product_brand": "Jung",
        "product_series": "LS 990, LS plus, LS-design",
        "product_article": "1201URE + al1180an",
        "product_material": "антрацит",
        "product_color": "Выключатели автоматические",
        "product_type": "Jung",
        "product_kind_material": "LS 990, LS plus, LS-design",
        "product_type_surface": "1201URE + al1180an",
        "product_halogen_free": "антрацит",
        "product_mounting_orientation": "Выключатели автоматические",
        "product_field_of_inscription": "металл",
        "product_height": "матовый",
        "product_width": "да",
        "product_without_baffle": "в сборе с механизмом",
        "product_hinged_lid": "220-250В",
        "product_degree_of_protection": "нет",
        "product_number_of_posts": "механизм с накладкой",
        "product_other_1": "Jung LS 990 Антрацит накладка датчика движения Стандарт 1,1м AL1180AN        \n\n\nартикул: AL1180AN",
        "product_other_2": "Jung механизм Электронный выключатель 1-канальный(необходима нейтраль) 1201URE        \n\n\nартикул: 1201URE",
        "product_img": "https://jung-pro.ru//assets/images/products/979/9688906689442cbc9ec949dfc0ea7ca0.jpg"
    },
    "1201URE + ASAL1280AN": {
        "product_title": "Автоматический выключатель 230 В~ , 40-400Вт, трехпроводное подключение, высота монтажа 2,2м 1201URE + ASAL1280AN",
        "product_brand": "Jung",
        "product_series": "LS 990, LS plus, LS-design",
        "product_article": "1201URE + ASAL1280AN",
        "product_material": "антрацит",
        "product_color": "Выключатели автоматические",
        "product_type": "Jung",
        "product_kind_material": "LS 990, LS plus, LS-design",
        "product_type_surface": "1201URE + ASAL1280AN",
        "product_halogen_free": "антрацит",
        "product_mounting_orientation": "Выключатели автоматические",
        "product_field_of_inscription": "металл",
        "product_height": "матовый",
        "product_width": "да",
        "product_without_baffle": "в сборе с механизмом",
        "product_hinged_lid": "220-250В",
        "product_degree_of_protection": "нет",
        "product_number_of_posts": "механизм с накладкой",
        "product_other_1": "Линза датчика движения стандартн. 180°, 2,2 м ASAL1280AN        \n\n\nартикул: ASAL1280AN",
        "product_other_2": "Jung механизм Электронный выключатель 1-канальный(необходима нейтраль) 1201URE        \n\n\nартикул: 1201URE",
        "product_img": "https://jung-pro.ru//assets/images/products/980/e246deb41056a77b2bfcab94a4f714cd.jpg"
    },
    "al2994ban": {
        "product_title": "Заглушка с опорной пластиной al2994ban",
        "product_brand": "Jung",
        "product_series": "LS 990, LS plus, LS-design",
        "product_article": "al2994ban",
        "product_material": "антрацит",
        "product_color": "Заглушки",
        "product_type": "Jung",
        "product_kind_material": "LS 990, LS plus, LS-design",
        "product_type_surface": "al2994ban",
        "product_halogen_free": "антрацит",
        "product_mounting_orientation": "Заглушки",
        "product_field_of_inscription": "металл",
        "product_height": "матовый",
        "product_width": "да",
        "product_without_baffle": "в сборе с механизмом",
        "product_hinged_lid": "нет",
        "product_degree_of_protection": "механизм с накладкой",
        "product_number_of_posts": "встроенный монтаж",
        "product_img": "https://jung-pro.ru//assets/images/products/1009/20e83644c55b3c1bb06b887cd6997d3d.jpg"
    },
    "RANAL2914AN": {
        "product_title": "Радиоприемник LS без рамки RANAL2914AN",
        "product_brand": "Jung",
        "product_series": "LS 990, LS plus, LS-design",
        "product_article": "RANAL2914AN",
        "product_material": "антрацит",
        "product_color": "Радио",
        "product_type": "Jung",
        "product_kind_material": "LS 990, LS plus, LS-design",
        "product_type_surface": "RANAL2914AN",
        "product_halogen_free": "антрацит",
        "product_mounting_orientation": "Радио",
        "product_field_of_inscription": "металл",
        "product_height": "матовый",
        "product_width": "да",
        "product_without_baffle": "в сборе с механизмом",
        "product_hinged_lid": "220-250В",
        "product_degree_of_protection": "нет",
        "product_number_of_posts": "механизм с накладкой",
        "product_img": "https://jung-pro.ru//assets/images/products/1045/de4444b45c980444915353bd9b499bba.jpg"
    }
}