{
    "AL1520-15CAAN-L": {
        "product_title": "Розетка с заземлением + USB тип A+C, Jung 16А/250В антрацит металл AL1520-15CAAN-L",
        "product_brand": "JUNG",
        "product_series": "LS 990, LS plus, LS-design",
        "product_article": "AL1520-15CAAN-L",
        "product_material": "антрацит",
        "product_color": "Розетки электрические",
        "product_type": "тройная",
        "product_kind_material": "JUNG",
        "product_type_surface": "LS 990, LS plus, LS-design",
        "product_halogen_free": "AL1520-15CAAN-L",
        "product_mounting_orientation": "антрацит",
        "product_field_of_inscription": "Розетки электрические",
        "product_height": "металл",
        "product_width": "матовый",
        "product_without_baffle": "да",
        "product_hinged_lid": "лапками и винтами",
        "product_degree_of_protection": "220-250В",
        "product_number_of_posts": "нет",
        "product_img": "https://jung-pro.ru//assets/images/products/3342/jung-al1520-15caan-l.png"
    }
}