{
    "RANAL2914AN": {
        "product_title": "Радиоприемник LS без рамки RANAL2914AN",
        "product_brand": "Jung",
        "product_series": "LS 990, LS plus, LS-design",
        "product_article": "RANAL2914AN",
        "product_material": "антрацит",
        "product_color": "Радио",
        "product_type": "Jung",
        "product_kind_material": "LS 990, LS plus, LS-design",
        "product_type_surface": "RANAL2914AN",
        "product_halogen_free": "антрацит",
        "product_mounting_orientation": "Радио",
        "product_field_of_inscription": "металл",
        "product_height": "матовый",
        "product_width": "да",
        "product_without_baffle": "в сборе с механизмом",
        "product_hinged_lid": "220-250В",
        "product_degree_of_protection": "нет",
        "product_number_of_posts": "механизм с накладкой",
        "product_img": "https://jung-pro.ru//assets/images/products/1045/de4444b45c980444915353bd9b499bba.jpg"
    }
}