{
    "EPUAE8-8UPO + al2969-2uaan": {
        "product_title": "Розетка телефонная двойная RJ11 EPUAE8-8UPO + al2969-2uaan",
        "product_brand": "Jung",
        "product_series": "LS 990, LS plus, LS-design",
        "product_article": "EPUAE8-8UPO + al2969-2uaan",
        "product_material": "антрацит",
        "product_color": "Розетки телеф/комп",
        "product_type": "двойная",
        "product_kind_material": "Jung",
        "product_type_surface": "LS 990, LS plus, LS-design",
        "product_halogen_free": "EPUAE8-8UPO + al2969-2uaan",
        "product_mounting_orientation": "антрацит",
        "product_field_of_inscription": "Розетки телеф/комп",
        "product_height": "металл",
        "product_width": "матовый",
        "product_without_baffle": "да",
        "product_hinged_lid": "в сборе с механизмом",
        "product_degree_of_protection": "220-250В",
        "product_number_of_posts": "нет",
        "product_other_1": "Jung телефонная UAE розетка, 8-ми полюсная; два терминала EPUAE8-8UPO        \n\n\nартикул: EPUAE8-8UPO",
        "product_other_2": "Jung LS 990 Антрацит накладка 2-ой наклонной ТЛФ/комп розетки AL2969-2UAAN        \n\n\nартикул: AL2969-2UAAN",
        "product_img": "https://jung-pro.ru//assets/images/products/1181/9c7c336c46292b1a778953664b626f99.jpg"
    }
}