{
    "AL1520KLAN": {
        "product_title": "Розетка с заземляющими контактами 16 А / 250 В~, с откидной крышкой AL1520KLAN",
        "product_brand": "JUNG",
        "product_series": "LS 990, LS plus, LS-design",
        "product_article": "AL1520KLAN",
        "product_material": "антрацит",
        "product_color": "Розетки электрические",
        "product_type": "одинарная",
        "product_kind_material": "JUNG",
        "product_type_surface": "LS 990, LS plus, LS-design",
        "product_halogen_free": "AL1520KLAN",
        "product_mounting_orientation": "антрацит",
        "product_field_of_inscription": "Розетки электрические",
        "product_height": "металл",
        "product_width": "матовый",
        "product_without_baffle": "да",
        "product_hinged_lid": "в сборе с механизмом",
        "product_degree_of_protection": "нет",
        "product_number_of_posts": "220-250В",
        "product_img": "https://jung-pro.ru//assets/images/products/155/al2520klan.jpg"
    }
}