{
    "S4100 + al2990satan": {
        "product_title": "Розетка телевизионная оконечная TV SAT FM, диапазон частот от 4 до 2400 MГц S4100 + al2990satan",
        "product_brand": "Jung",
        "product_series": "LS 990, LS plus, LS-design",
        "product_article": "S4100 + al2990satan",
        "product_material": "антрацит",
        "product_color": "Розетки TV",
        "product_type": "Jung",
        "product_kind_material": "LS 990, LS plus, LS-design",
        "product_type_surface": "S4100 + al2990satan",
        "product_halogen_free": "антрацит",
        "product_mounting_orientation": "Розетки TV",
        "product_field_of_inscription": "металл",
        "product_height": "матовый",
        "product_width": "да",
        "product_without_baffle": "в сборе с механизмом",
        "product_hinged_lid": "220-250В",
        "product_degree_of_protection": "нет",
        "product_number_of_posts": "механизм с накладкой",
        "product_other_1": "Розетка универсальная для систем приема спутникового, эфирного и кабельного вещания, оконечная S4100        \n\n\nартикул: S4100",
        "product_other_2": "Jung LS 990 Антрацит накладка TV-SAT-FM розетки AL2990SATAN        \n\n\nартикул: AL2990SATAN",
        "product_img": "https://jung-pro.ru//assets/images/products/1066/78a4856ff44eb86dea0aa6fbdc83c3ab.jpg"
    }
}