{
    "ALD2982AN": {
        "product_title": "Рамка двойная, для горизон./вертик. монтажа Jung LS-design, антрацит ALD2982AN",
        "product_brand": "Jung",
        "product_series": "LS-design",
        "product_article": "ALD2982AN",
        "product_material": "антрацит",
        "product_color": "Рамки",
        "product_type": "Jung",
        "product_kind_material": "LS-design",
        "product_type_surface": "ALD2982AN",
        "product_halogen_free": "антрацит",
        "product_mounting_orientation": "Рамки",
        "product_field_of_inscription": "металл",
        "product_height": "матовый",
        "product_width": "да",
        "product_without_baffle": "горизонтальная,вертикальная",
        "product_hinged_lid": "нет",
        "product_degree_of_protection": "96",
        "product_number_of_posts": "167",
        "product_img": "https://jung-pro.ru//assets/images/products/627/9a8f4f78c3eae12d4e41762288e9a533.jpg"
    }
}