{
    "al2994ban": {
        "product_title": "Заглушка с опорной пластиной al2994ban",
        "product_brand": "Jung",
        "product_series": "LS 990, LS plus, LS-design",
        "product_article": "al2994ban",
        "product_material": "антрацит",
        "product_color": "Заглушки",
        "product_type": "Jung",
        "product_kind_material": "LS 990, LS plus, LS-design",
        "product_type_surface": "al2994ban",
        "product_halogen_free": "антрацит",
        "product_mounting_orientation": "Заглушки",
        "product_field_of_inscription": "металл",
        "product_height": "матовый",
        "product_width": "да",
        "product_without_baffle": "в сборе с механизмом",
        "product_hinged_lid": "нет",
        "product_degree_of_protection": "механизм с накладкой",
        "product_number_of_posts": "встроенный монтаж",
        "product_img": "https://jung-pro.ru//assets/images/products/1009/20e83644c55b3c1bb06b887cd6997d3d.jpg"
    }
}