{
    "509u + al2995an": {
        "product_title": "Выключатель двухклавишный, проходной (вкл/выкл с 2-х мест) 10 А / 250 В~ 509u + al2995an",
        "product_brand": "Jung",
        "product_series": "LS 990, LS plus, LS-design",
        "product_article": "509u + al2995an",
        "product_material": "антрацит",
        "product_color": "Выключатели",
        "product_type": "Jung",
        "product_kind_material": "LS 990, LS plus, LS-design",
        "product_type_surface": "509u + al2995an",
        "product_halogen_free": "антрацит",
        "product_mounting_orientation": "Выключатели",
        "product_field_of_inscription": "металл",
        "product_height": "матовый",
        "product_width": "да",
        "product_without_baffle": "в сборе с механизмом",
        "product_hinged_lid": "нет",
        "product_degree_of_protection": "220-250В",
        "product_number_of_posts": "нет",
        "product_other_1": "Jung Выключатель 10AХ 250V универсальный сдвоенный 509U        \n\n\nартикул: 509U",
        "product_other_2": "Jung LS 990 Антрацит клавиша 2-я AL2995AN        \n\n\nартикул: AL2995AN",
        "product_img": "https://jung-pro.ru//assets/images/products/828/e943c25cbcceeb4386b1ea9bace5ac11.jpg"
    }
}