{
    "1731DD + AL1940AN": {
        "product_title": "Светорегулятор универсальный поворотно-нажимной LED 3-100Вт., 20-420Вт ламп накал. и галог., антрацит 1731DD + AL1940AN",
        "product_brand": "Jung",
        "product_series": "LS 990, LS plus, LS-design",
        "product_article": "1731DD + AL1940AN",
        "product_material": "антрацит",
        "product_color": "Светорегуляторы",
        "product_type": "Jung",
        "product_kind_material": "LS 990, LS plus, LS-design",
        "product_type_surface": "1731DD + AL1940AN",
        "product_halogen_free": "антрацит",
        "product_mounting_orientation": "Светорегуляторы",
        "product_field_of_inscription": "металл",
        "product_height": "матовый",
        "product_width": "да",
        "product_without_baffle": "в сборе с механизмом",
        "product_hinged_lid": "да",
        "product_degree_of_protection": "220-250В",
        "product_number_of_posts": "нет",
        "product_other_1": "Jung LS 990 Антрацит накладка светорегулятора поворотного AL1940AN        \n\n\nартикул: AL1940AN",
        "product_other_2": "JUNG Роторный диммер универсальный LED 3-210 вт, 20-420Вт ламп накал. и галог., 1731DD        \n\n\nартикул: 1731DD",
        "product_img": "https://jung-pro.ru//assets/images/products/3425/al1940an.jpg"
    }
}