{
    "505u5 + al2995ko5an": {
        "product_title": "Выключатель двухклавишный с подсветкой, 10 А / 250 В~ 505u5 + al2995ko5an",
        "product_brand": "Jung",
        "product_series": "LS 990, LS plus, LS-design",
        "product_article": "505u5 + al2995ko5an",
        "product_material": "антрацит",
        "product_color": "Выключатели",
        "product_type": "Jung",
        "product_kind_material": "LS 990, LS plus, LS-design",
        "product_type_surface": "505u5 + al2995ko5an",
        "product_halogen_free": "антрацит",
        "product_mounting_orientation": "Выключатели",
        "product_field_of_inscription": "металл",
        "product_height": "матовый",
        "product_width": "да",
        "product_without_baffle": "в сборе с механизмом",
        "product_hinged_lid": "нет",
        "product_degree_of_protection": "220-250В",
        "product_number_of_posts": "нет",
        "product_other_1": "Jung Выключатель 10AX 250V сдвоенный с двумя лампочками 505U5        \n\n\nартикул: 505U5",
        "product_other_2": "Jung LS 990 Антрацит клавиша 2-я с подсветкой AL2995KO5AN        \n\n\nартикул: AL2995KO5AN",
        "product_img": "https://jung-pro.ru//assets/images/products/827/4446ef278f6b743acd50b34cab2bf682.jpg"
    }
}