{
    "ALD2983AN": {
        "product_title": "Рамка тройная, для горизон./вертик. монтажа Jung LS-design, антрацит ALD2983AN",
        "product_brand": "Jung",
        "product_series": "LS-design",
        "product_article": "ALD2983AN",
        "product_material": "антрацит",
        "product_color": "Рамки",
        "product_type": "Jung",
        "product_kind_material": "LS-design",
        "product_type_surface": "ALD2983AN",
        "product_halogen_free": "антрацит",
        "product_mounting_orientation": "Рамки",
        "product_field_of_inscription": "металл",
        "product_height": "матовый",
        "product_width": "да",
        "product_without_baffle": "горизонтальная,вертикальная",
        "product_hinged_lid": "нет",
        "product_degree_of_protection": "96",
        "product_number_of_posts": "238",
        "product_img": "https://jung-pro.ru//assets/images/products/632/ddabfad97e2aaac233c58b6e5c36c276.jpg"
    }
}