{
    "1201URE + al1180an": {
        "product_title": "Автоматический выключатель 230 В~ , 40-400Вт, трехпроводное подключение, высота монтажа 1,1м 1201URE + al1180an",
        "product_brand": "Jung",
        "product_series": "LS 990, LS plus, LS-design",
        "product_article": "1201URE + al1180an",
        "product_material": "антрацит",
        "product_color": "Выключатели автоматические",
        "product_type": "Jung",
        "product_kind_material": "LS 990, LS plus, LS-design",
        "product_type_surface": "1201URE + al1180an",
        "product_halogen_free": "антрацит",
        "product_mounting_orientation": "Выключатели автоматические",
        "product_field_of_inscription": "металл",
        "product_height": "матовый",
        "product_width": "да",
        "product_without_baffle": "в сборе с механизмом",
        "product_hinged_lid": "220-250В",
        "product_degree_of_protection": "нет",
        "product_number_of_posts": "механизм с накладкой",
        "product_other_1": "Jung LS 990 Антрацит накладка датчика движения Стандарт 1,1м AL1180AN        \n\n\nартикул: AL1180AN",
        "product_other_2": "Jung механизм Электронный выключатель 1-канальный(необходима нейтраль) 1201URE        \n\n\nартикул: 1201URE",
        "product_img": "https://jung-pro.ru//assets/images/products/979/9688906689442cbc9ec949dfc0ea7ca0.jpg"
    }
}