{
    "SLA2WW + al2969tan": {
        "product_title": "Розетка для стерео-громкоговорителя SLA2WW + al2969tan",
        "product_brand": "Jung",
        "product_series": "LS 990, LS plus, LS-design",
        "product_article": "SLA2WW + al2969tan",
        "product_material": "антрацит",
        "product_color": "Розетки акустические",
        "product_type": "двойная",
        "product_kind_material": "Jung",
        "product_type_surface": "LS 990, LS plus, LS-design",
        "product_halogen_free": "SLA2WW + al2969tan",
        "product_mounting_orientation": "антрацит",
        "product_field_of_inscription": "Розетки акустические",
        "product_height": "металл",
        "product_width": "матовый",
        "product_without_baffle": "да",
        "product_hinged_lid": "в сборе с механизмом",
        "product_degree_of_protection": "220-250В",
        "product_number_of_posts": "нет",
        "product_other_1": "Jung LS 990 Антрацит накладка розетки ТАЕ, моно/стерео-аудиорозетки AL2969TAN        \n\n\nартикул: AL2969TAN",
        "product_other_2": "Jung Мех Аудиорозетка (стерео) белый SLA2WW        \n\n\nартикул: SLA2WW",
        "product_img": "https://jung-pro.ru//assets/images/products/1523/al2969tan.jpeg"
    }
}