{
    "EPUAE8UPO + al2969-1uaan": {
        "product_title": "Розетка телефонная одинарная RJ11 EPUAE8UPO + al2969-1uaan",
        "product_brand": "Jung",
        "product_series": "LS 990, LS plus, LS-design",
        "product_article": "EPUAE8UPO + al2969-1uaan",
        "product_material": "антрацит",
        "product_color": "Розетки телеф/комп",
        "product_type": "одинарная",
        "product_kind_material": "Jung",
        "product_type_surface": "LS 990, LS plus, LS-design",
        "product_halogen_free": "EPUAE8UPO + al2969-1uaan",
        "product_mounting_orientation": "антрацит",
        "product_field_of_inscription": "Розетки телеф/комп",
        "product_height": "металл",
        "product_width": "матовый",
        "product_without_baffle": "да",
        "product_hinged_lid": "в сборе с механизмом",
        "product_degree_of_protection": "220-250В",
        "product_number_of_posts": "нет",
        "product_other_1": "Jung Телефонная UAE розетка, 8-ми полюсная; один терминал EPUAE8UPO        \n\n\nартикул: EPUAE8UPO",
        "product_other_2": "Jung LS 990 Антрацит накладка 1-ой наклонной ТЛФ/комп розетки AL2969-1UAAN        \n\n\nартикул: AL2969-1UAAN",
        "product_img": "https://jung-pro.ru//assets/images/products/1183/060b7c45fd39ef19151715900f17d56c.jpg"
    }
}