{
    "EPUAE8UPOK6 + AL2969-1UAAN": {
        "product_title": "Розетка компьютерная одинарная RJ45 6-й кат. EPUAE8UPOK6 + AL2969-1UAAN",
        "product_brand": "Jung",
        "product_series": "LS 990, LS plus, LS-design",
        "product_article": "EPUAE8UPOK6 + AL2969-1UAAN",
        "product_material": "антрацит",
        "product_color": "Розетки телеф/комп",
        "product_type": "одинарная",
        "product_kind_material": "Jung",
        "product_type_surface": "LS 990, LS plus, LS-design",
        "product_halogen_free": "EPUAE8UPOK6 + AL2969-1UAAN",
        "product_mounting_orientation": "антрацит",
        "product_field_of_inscription": "Розетки телеф/комп",
        "product_height": "металл",
        "product_width": "матовый",
        "product_without_baffle": "да",
        "product_hinged_lid": "в сборе с механизмом",
        "product_degree_of_protection": "220-250В",
        "product_number_of_posts": "нет",
        "product_other_1": "Компьютерная UAE розетка 6-й категории, 8-ми полюсная, экранированная, один терминал EPUAE8UPOK6        \n\n\nартикул: EPUAE8UPOK6",
        "product_other_2": "Jung LS 990 Антрацит накладка 1-ой наклонной ТЛФ/комп розетки AL2969-1UAAN        \n\n\nартикул: AL2969-1UAAN",
        "product_img": "https://jung-pro.ru//assets/images/products/1182/c231f58fd954f96930b2112f00da3344.jpg"
    }
}