{
    "539VU + al2995pan": {
        "product_title": "Выключатель управления жалюзи кнопочный, 10 А / 250 В~ 539VU + al2995pan",
        "product_brand": "Jung",
        "product_series": "LS 990, LS plus, LS-design",
        "product_article": "539VU + al2995pan",
        "product_material": "антрацит",
        "product_color": "Управление жалюзи",
        "product_type": "Jung",
        "product_kind_material": "LS 990, LS plus, LS-design",
        "product_type_surface": "539VU + al2995pan",
        "product_halogen_free": "антрацит",
        "product_mounting_orientation": "Управление жалюзи",
        "product_field_of_inscription": "металл",
        "product_height": "матовый",
        "product_width": "да",
        "product_without_baffle": "в сборе с механизмом",
        "product_hinged_lid": "220-250В",
        "product_degree_of_protection": "нет",
        "product_number_of_posts": "кнопочный",
        "product_other_1": "Jung Мех Выключатель жалюзийный кнопочный с мех блокировкой одновременного нажатия 539VU        \n\n\nартикул: 539VU",
        "product_other_2": "Jung LS 990 Антрацит клавиша 2-я жалюзийная AL2995PAN        \n\n\nартикул: AL2995PAN",
        "product_img": "https://jung-pro.ru//assets/images/products/1474/62af865d5e9218c7440298f28aed0693.jpg"
    }
}