{
    "509VU + al2995pan": {
        "product_title": "Выключатель управления жалюзи клавишный, 10 А / 250 В~ 509VU + al2995pan",
        "product_brand": "Jung",
        "product_series": "LS 990, LS plus, LS-design",
        "product_article": "509VU + al2995pan",
        "product_material": "антрацит",
        "product_color": "Управление жалюзи",
        "product_type": "Jung",
        "product_kind_material": "LS 990, LS plus, LS-design",
        "product_type_surface": "509VU + al2995pan",
        "product_halogen_free": "антрацит",
        "product_mounting_orientation": "Управление жалюзи",
        "product_field_of_inscription": "металл",
        "product_height": "матовый",
        "product_width": "да",
        "product_without_baffle": "в сборе с механизмом",
        "product_hinged_lid": "220-250В",
        "product_degree_of_protection": "нет",
        "product_number_of_posts": "клавишный",
        "product_other_1": "Jung Выключатель для управления жалюзи с блокировкой одновременного нажатия 509VU        \n\n\nартикул: 509VU",
        "product_other_2": "Jung LS 990 Антрацит клавиша 2-я жалюзийная AL2995PAN        \n\n\nартикул: AL2995PAN",
        "product_img": "https://jung-pro.ru//assets/images/products/1473/6444725ffafb66a8ed52fe3aafc299fb.jpg"
    }
}