{
    "FTR231U + ALFTR231PLAN": {
        "product_title": "Регулятор теплого пола Jung 230В/10А с выносным датчиком FTR231U + ALFTR231PLAN",
        "product_brand": "Jung",
        "product_series": "LS 990, LS plus, LS-design",
        "product_article": "FTR231U + ALFTR231PLAN",
        "product_material": "антрацит",
        "product_color": "Терморегуляторы теплого пола",
        "product_type": "Jung",
        "product_kind_material": "LS 990, LS plus, LS-design",
        "product_type_surface": "FTR231U + ALFTR231PLAN",
        "product_halogen_free": "антрацит",
        "product_mounting_orientation": "Терморегуляторы теплого пола",
        "product_field_of_inscription": "нет",
        "product_height": "металл",
        "product_width": "матовый",
        "product_without_baffle": "да",
        "product_hinged_lid": "в сборе с механизмом",
        "product_degree_of_protection": "220-250В",
        "product_number_of_posts": "нет",
        "product_other_1": "Jung LS 990 Антрацит накладка регулятора теплого пола ALFTR231PLAN        \n\n\nартикул: ALFTR231PLAN",
        "product_other_2": "Механизм терморегулятора пола JUNG с датчиком пола 4 м        \n\n\nартикул: FTR231U",
        "product_img": "https://jung-pro.ru//assets/images/products/1437/5e4ba3cdf9b262831c2835d13c72051c.jpg"
    }
}