{
    "A1540AL + 211GDE": {
        "product_title": "Светорегулятор поворотный 100-1000 Вт. для ламп накаливания и галог.220В A1540AL + 211GDE",
        "product_brand": "Jung",
        "product_series": "A 500, A creation, A plus, A Flow, A 550",
        "product_article": "A1540AL + 211GDE",
        "product_material": "алюминий",
        "product_color": "Светорегуляторы",
        "product_type": "Jung",
        "product_kind_material": "A 500, A creation, A plus, A Flow, A 550",
        "product_type_surface": "A1540AL + 211GDE",
        "product_halogen_free": "алюминий",
        "product_mounting_orientation": "Светорегуляторы",
        "product_field_of_inscription": "дуропласт",
        "product_height": "глянцевый",
        "product_width": "да",
        "product_without_baffle": "в сборе с механизмом",
        "product_hinged_lid": "220-250В",
        "product_degree_of_protection": "нет",
        "product_number_of_posts": "механизм с накладкой",
        "product_other_1": "Jung A 500 Алюминий накладка светорегулятора поворотного A1540AL        \n\n\nартикул: A1540AL",
        "product_other_2": "Jung механизм светорегуляторп поворотно-нажимного 100-1000 Вт для л/н 211GDE        \n\n\nартикул: 211GDE",
        "product_img": "https://jung-pro.ru//assets/images/products/1363/fc40642c73eef8fb1af68cf26b1a4753.jpg"
    }
}