{
    "EPUAE8-8UPOK6 + A569-2BFPLUAAL": {
        "product_title": "Розетка компьютерная двойная RJ45 6-й кат. EPUAE8-8UPOK6 + A569-2BFPLUAAL",
        "product_brand": "Jung",
        "product_series": "A 500, A creation, A plus, A Flow, A 550",
        "product_article": "EPUAE8-8UPOK6 + A569-2BFPLUAAL",
        "product_material": "алюминий",
        "product_color": "Розетки телеф/комп",
        "product_type": "двойная",
        "product_kind_material": "Jung",
        "product_type_surface": "A 500, A creation, A plus, A Flow, A 550",
        "product_halogen_free": "EPUAE8-8UPOK6 + A569-2BFPLUAAL",
        "product_mounting_orientation": "алюминий",
        "product_field_of_inscription": "Розетки телеф/комп",
        "product_height": "дуропласт",
        "product_width": "глянцевый",
        "product_without_baffle": "да",
        "product_hinged_lid": "в сборе с механизмом",
        "product_degree_of_protection": "220-250В",
        "product_number_of_posts": "нет",
        "product_other_1": "Jung AS 500 Алюминий ударопрочный накладка 2-ой наклонной ТЛФ/комп розетки A569-2BFPLUAAL        \n\n\nартикул: A569-2BFPLUAAL",
        "product_other_2": "Jung Компьютерная UAE розетка 6-й категории, 8-ми полюсная, экранированная; два терминала EPUAE8-8UPOK6        \n\n\nартикул: EPUAE8-8UPOK6",
        "product_img": "https://jung-pro.ru//assets/images/products/1199/38596e6654e43804cbd3fe789d2dfcba.jpg"
    }
}