{
    "A581AL": {
        "product_title": "Рамка одинарная Jung A 500, алюминий A581AL",
        "product_brand": "Jung",
        "product_series": "A 500",
        "product_article": "A581AL",
        "product_material": "алюминий",
        "product_color": "Рамки",
        "product_type": "Jung",
        "product_kind_material": "A 500",
        "product_type_surface": "A581AL",
        "product_halogen_free": "алюминий",
        "product_mounting_orientation": "Рамки",
        "product_field_of_inscription": "дуропласт",
        "product_height": "глянцевый",
        "product_width": "да",
        "product_without_baffle": "горизонтальная,вертикальная",
        "product_hinged_lid": "нет",
        "product_degree_of_protection": "81",
        "product_number_of_posts": "81",
        "product_img": "https://jung-pro.ru//assets/images/products/454/5341d8bf83a8b74cb29d5f6085fd84a5.jpg"
    }
}