{
    "EPUAE8UPO + A569-1PLUAAL": {
        "product_title": "Розетка телефонная одинарная RJ11 EPUAE8UPO + A569-1PLUAAL",
        "product_brand": "Jung",
        "product_series": "A 500, A creation, A plus, A Flow, A 550",
        "product_article": "EPUAE8UPO + A569-1PLUAAL",
        "product_material": "алюминий",
        "product_color": "Розетки телеф/комп",
        "product_type": "одинарная",
        "product_kind_material": "Jung",
        "product_type_surface": "A 500, A creation, A plus, A Flow, A 550",
        "product_halogen_free": "EPUAE8UPO + A569-1PLUAAL",
        "product_mounting_orientation": "алюминий",
        "product_field_of_inscription": "Розетки телеф/комп",
        "product_height": "дуропласт",
        "product_width": "глянцевый",
        "product_without_baffle": "да",
        "product_hinged_lid": "в сборе с механизмом",
        "product_degree_of_protection": "220-250В",
        "product_number_of_posts": "нет",
        "product_other_1": "Jung A 500 Алюминий накладка 1-ой наклонной ТЛФ/комп розетки A569-1PLUAAL        \n\n\nартикул: A569-1PLUAAL",
        "product_other_2": "Jung Телефонная UAE розетка, 8-ми полюсная; один терминал EPUAE8UPO        \n\n\nартикул: EPUAE8UPO",
        "product_img": "https://jung-pro.ru//assets/images/products/1206/25ea9f4ad9e002a0267e09eb2e7958fc.jpg"
    }
}