{
    "A561PLTVAL + S2900-10": {
        "product_title": "Розетка TV FM проходная, диапазон частот от 4 до 2400 MГц A561PLTVAL + S2900-10",
        "product_brand": "Jung",
        "product_series": "A 500, A creation, A plus, A Flow, A 550",
        "product_article": "A561PLTVAL + S2900-10",
        "product_material": "алюминий",
        "product_color": "Розетки TV",
        "product_type": "Jung",
        "product_kind_material": "A 500, A creation, A plus, A Flow, A 550",
        "product_type_surface": "A561PLTVAL + S2900-10",
        "product_halogen_free": "алюминий",
        "product_mounting_orientation": "Розетки TV",
        "product_field_of_inscription": "дуропласт",
        "product_height": "глянцевый",
        "product_width": "да",
        "product_without_baffle": "в сборе с механизмом",
        "product_hinged_lid": "220-250В",
        "product_degree_of_protection": "нет",
        "product_number_of_posts": "механизм с накладкой",
        "product_other_1": "Jung A 500 Алюминий накладка TV-FM розетки A561PLTVAL        \n\n\nартикул: A561PLTVAL",
        "product_other_2": "TV-FM оконечная розетка, проходная S2900-10        \n\n\nартикул: S2900-10",
        "product_img": "https://jung-pro.ru//assets/images/products/1081/22fcfac924b63b3f77c0eb55154bb0bc.jpg"
    }
}