{
    "505u + A595AL": {
        "product_title": "Выключатель двухклавишный, 10 А / 250 В~ 505u + A595AL",
        "product_brand": "Jung",
        "product_series": "A 500, A creation, A plus, A Flow, A 550",
        "product_article": "505u + A595AL",
        "product_material": "алюминий",
        "product_color": "Выключатели",
        "product_type": "Jung",
        "product_kind_material": "A 500, A creation, A plus, A Flow, A 550",
        "product_type_surface": "505u + A595AL",
        "product_halogen_free": "алюминий",
        "product_mounting_orientation": "Выключатели",
        "product_field_of_inscription": "дуропласт",
        "product_height": "глянцевый",
        "product_width": "да",
        "product_without_baffle": "в сборе с механизмом",
        "product_hinged_lid": "нет",
        "product_degree_of_protection": "220-250В",
        "product_number_of_posts": "нет",
        "product_other_1": "Jung A 500 Алюминий клавиша 2-я A595AL        \n\n\nартикул: A595AL",
        "product_other_2": "Выключатель 10AX 250V сдвоенный 505U        \n\n\nартикул: 505U",
        "product_img": "https://jung-pro.ru//assets/images/products/777/189bb626972b426acbf1062e97a5bc7d.jpg"
    }
}