{
    "A581AL": {
        "product_title": "Рамка одинарная Jung A 500, алюминий A581AL",
        "product_brand": "Jung",
        "product_series": "A 500",
        "product_article": "A581AL",
        "product_material": "алюминий",
        "product_color": "Рамки",
        "product_type": "Jung",
        "product_kind_material": "A 500",
        "product_type_surface": "A581AL",
        "product_halogen_free": "алюминий",
        "product_mounting_orientation": "Рамки",
        "product_field_of_inscription": "дуропласт",
        "product_height": "глянцевый",
        "product_width": "да",
        "product_without_baffle": "горизонтальная,вертикальная",
        "product_hinged_lid": "нет",
        "product_degree_of_protection": "81",
        "product_number_of_posts": "81",
        "product_img": "https://jung-pro.ru//assets/images/products/454/5341d8bf83a8b74cb29d5f6085fd84a5.jpg"
    },
    "A582AL": {
        "product_title": "Рамка двойная, для горизон./вертик. монтажа Jung A 500, алюминий A582AL",
        "product_brand": "Jung",
        "product_series": "A 500",
        "product_article": "A582AL",
        "product_material": "алюминий",
        "product_color": "Рамки",
        "product_type": "Jung",
        "product_kind_material": "A 500",
        "product_type_surface": "A582AL",
        "product_halogen_free": "алюминий",
        "product_mounting_orientation": "Рамки",
        "product_field_of_inscription": "дуропласт",
        "product_height": "глянцевый",
        "product_width": "да",
        "product_without_baffle": "горизонтальная,вертикальная",
        "product_hinged_lid": "нет",
        "product_degree_of_protection": "81",
        "product_number_of_posts": "152",
        "product_img": "https://jung-pro.ru//assets/images/products/456/3a60ee30f8444f8f576d304477081862.jpg"
    },
    "A583AL": {
        "product_title": "Рамка тройная, для горизон./вертик. монтажа Jung A 500, алюминий A583AL",
        "product_brand": "Jung",
        "product_series": "A 500",
        "product_article": "A583AL",
        "product_material": "алюминий",
        "product_color": "Рамки",
        "product_type": "Jung",
        "product_kind_material": "A 500",
        "product_type_surface": "A583AL",
        "product_halogen_free": "алюминий",
        "product_mounting_orientation": "Рамки",
        "product_field_of_inscription": "дуропласт",
        "product_height": "глянцевый",
        "product_width": "да",
        "product_without_baffle": "горизонтальная,вертикальная",
        "product_hinged_lid": "нет",
        "product_degree_of_protection": "81",
        "product_number_of_posts": "223",
        "product_img": "https://jung-pro.ru//assets/images/products/457/58dbff3adc47cedc340d336c48c40582.jpg"
    },
    "A584AL": {
        "product_title": "Рамка четверная, для горизон./вертик. монтажа Jung A 500, алюминий A584AL",
        "product_brand": "Jung",
        "product_series": "A 500",
        "product_article": "A584AL",
        "product_material": "алюминий",
        "product_color": "Рамки",
        "product_type": "Jung",
        "product_kind_material": "A 500",
        "product_type_surface": "A584AL",
        "product_halogen_free": "алюминий",
        "product_mounting_orientation": "Рамки",
        "product_field_of_inscription": "дуропласт",
        "product_height": "глянцевый",
        "product_width": "да",
        "product_without_baffle": "горизонтальная,вертикальная",
        "product_hinged_lid": "нет",
        "product_degree_of_protection": "81",
        "product_number_of_posts": "294",
        "product_img": "https://jung-pro.ru//assets/images/products/459/fa185bcab27d8bdcc812097213e7862c.jpg"
    },
    "A585AL": {
        "product_title": "Рамка пятерная, для горизон./вертик. монтажа Jung A 500, алюминий A585AL",
        "product_brand": "Jung",
        "product_series": "A 500",
        "product_article": "A585AL",
        "product_material": "алюминий",
        "product_color": "Рамки",
        "product_type": "Jung",
        "product_kind_material": "A 500",
        "product_type_surface": "A585AL",
        "product_halogen_free": "алюминий",
        "product_mounting_orientation": "Рамки",
        "product_field_of_inscription": "дуропласт",
        "product_height": "глянцевый",
        "product_width": "да",
        "product_without_baffle": "горизонтальная,вертикальная",
        "product_hinged_lid": "нет",
        "product_degree_of_protection": "81",
        "product_number_of_posts": "365",
        "product_img": "https://jung-pro.ru//assets/images/products/461/bdadd2627d8149a0b34d3c3b27dc7c0e.jpg"
    },
    "501u + A590AL": {
        "product_title": "Выключатель одноклавишный, 10 А / 250 В~ 501u + A590AL",
        "product_brand": "Jung",
        "product_series": "A 500, A creation, A plus, A Flow, A 550",
        "product_article": "501u + A590AL",
        "product_material": "алюминий",
        "product_color": "Выключатели",
        "product_type": "Jung",
        "product_kind_material": "A 500, A creation, A plus, A Flow, A 550",
        "product_type_surface": "501u + A590AL",
        "product_halogen_free": "алюминий",
        "product_mounting_orientation": "Выключатели",
        "product_field_of_inscription": "дуропласт",
        "product_height": "глянцевый",
        "product_width": "да",
        "product_without_baffle": "в сборе с механизмом",
        "product_hinged_lid": "нет",
        "product_degree_of_protection": "220-250В",
        "product_number_of_posts": "нет",
        "product_other_1": "Jung A 500 Алюминий клавиша 1-я A590AL        \n\n\nартикул: A590AL",
        "product_other_2": "Jung Механизм Выключатель 1-клавишный 10AX 250V 501U        \n\n\nартикул: 501U",
        "product_img": "https://jung-pro.ru//assets/images/products/769/bc9c7af6b8edf7b09a6863fa6365330b.jpg"
    },
    "A590AL + 506u": {
        "product_title": "Выключатель одноклавишный, универс. (вкл/выкл с 2-х мест) 10 А / 250 В~ A590AL + 506u",
        "product_brand": "Jung",
        "product_series": "A 500, A creation, A plus, A Flow, A 550",
        "product_article": "A590AL + 506u",
        "product_material": "алюминий",
        "product_color": "Выключатели",
        "product_type": "Jung",
        "product_kind_material": "A 500, A creation, A plus, A Flow, A 550",
        "product_type_surface": "A590AL + 506u",
        "product_halogen_free": "алюминий",
        "product_mounting_orientation": "Выключатели",
        "product_field_of_inscription": "дуропласт",
        "product_height": "глянцевый",
        "product_width": "да",
        "product_without_baffle": "в сборе с механизмом",
        "product_hinged_lid": "нет",
        "product_degree_of_protection": "220-250В",
        "product_number_of_posts": "нет",
        "product_other_1": "Jung A 500 Алюминий клавиша 1-я A590AL        \n\n\nартикул: A590AL",
        "product_other_2": "Выключатель 10AX 250V универсальный 506U        \n\n\nартикул: 506U",
        "product_img": "https://jung-pro.ru//assets/images/products/771/a7c39897982cb7df989897ae8c0665fc.jpg"
    },
    "A590AL + 507u": {
        "product_title": "Выключатель одноклавишный перекрестный (вкл/выкл с 3-х мест) 10 А / 250 В~ A590AL + 507u",
        "product_brand": "Jung",
        "product_series": "A 500, A creation, A plus, A Flow, A 550",
        "product_article": "A590AL + 507u",
        "product_material": "алюминий",
        "product_color": "Выключатели",
        "product_type": "Jung",
        "product_kind_material": "A 500, A creation, A plus, A Flow, A 550",
        "product_type_surface": "A590AL + 507u",
        "product_halogen_free": "алюминий",
        "product_mounting_orientation": "Выключатели",
        "product_field_of_inscription": "дуропласт",
        "product_height": "глянцевый",
        "product_width": "да",
        "product_without_baffle": "в сборе с механизмом",
        "product_hinged_lid": "нет",
        "product_degree_of_protection": "220-250В",
        "product_number_of_posts": "нет",
        "product_other_1": "Jung A 500 Алюминий клавиша 1-я A590AL        \n\n\nартикул: A590AL",
        "product_other_2": "Jung Мех Переключатель 1-клавишный перекрестный 507U        \n\n\nартикул: 507U",
        "product_img": "https://jung-pro.ru//assets/images/products/778/7b8d6223ad1824de5a093547c69228db.jpg"
    },
    "506u + 90 + A590KO5AL": {
        "product_title": "Выключатель одноклавишный с подсветкой, универс. (вкл/выкл с 2-х мест) 10 А / 250 В~ 506u + 90 + A590KO5AL",
        "product_brand": "Jung",
        "product_series": "A 500, A creation, A plus, A Flow, A 550",
        "product_article": "506u + 90 + A590KO5AL",
        "product_material": "алюминий",
        "product_color": "Выключатели",
        "product_type": "Jung",
        "product_kind_material": "A 500, A creation, A plus, A Flow, A 550",
        "product_type_surface": "506u + 90 + A590KO5AL",
        "product_halogen_free": "алюминий",
        "product_mounting_orientation": "Выключатели",
        "product_field_of_inscription": "дуропласт",
        "product_height": "глянцевый",
        "product_width": "да",
        "product_without_baffle": "в сборе с механизмом",
        "product_hinged_lid": "нет",
        "product_degree_of_protection": "220-250В",
        "product_number_of_posts": "нет",
        "product_other_1": "Jung Мех Лампа неоновая для 1-клавишных механизмов 230V, 1,1mA 90        \n\n\nартикул: 90",
        "product_other_2": "Выключатель 10AX 250V универсальный 506U        \n\n\nартикул: 506U",
        "product_other_3": "Jung A 500 Алюминий клавиша 1-я с подсветкой A590KO5AL        \n\n\nартикул: A590KO5AL",
        "product_img": "https://jung-pro.ru//assets/images/products/779/e27dcabc767b5bbade7e5f049d2c46f7.jpg"
    },
    "509u + A595AL": {
        "product_title": "Выключатель двухклавишный, проходной (вкл/выкл с 2-х мест) 10 А / 250 В~ 509u + A595AL",
        "product_brand": "Jung",
        "product_series": "A 500, A creation, A plus, A Flow, A 550",
        "product_article": "509u + A595AL",
        "product_material": "алюминий",
        "product_color": "Выключатели",
        "product_type": "Jung",
        "product_kind_material": "A 500, A creation, A plus, A Flow, A 550",
        "product_type_surface": "509u + A595AL",
        "product_halogen_free": "алюминий",
        "product_mounting_orientation": "Выключатели",
        "product_field_of_inscription": "дуропласт",
        "product_height": "глянцевый",
        "product_width": "да",
        "product_without_baffle": "в сборе с механизмом",
        "product_hinged_lid": "нет",
        "product_degree_of_protection": "220-250В",
        "product_number_of_posts": "нет",
        "product_other_1": "Jung A 500 Алюминий клавиша 2-я A595AL        \n\n\nартикул: A595AL",
        "product_other_2": "Jung Выключатель 10AХ 250V универсальный сдвоенный 509U        \n\n\nартикул: 509U",
        "product_img": "https://jung-pro.ru//assets/images/products/782/24303ee5c8874c25485d21dc84e5b5e3.jpg"
    },
    "505u5 + A595KO5AL": {
        "product_title": "Выключатель двухклавишный с подсветкой, 10 А / 250 В~ 505u5 + A595KO5AL",
        "product_brand": "Jung",
        "product_series": "A 500, A creation, A plus, A Flow, A 550",
        "product_article": "505u5 + A595KO5AL",
        "product_material": "алюминий",
        "product_color": "Выключатели",
        "product_type": "Jung",
        "product_kind_material": "A 500, A creation, A plus, A Flow, A 550",
        "product_type_surface": "505u5 + A595KO5AL",
        "product_halogen_free": "алюминий",
        "product_mounting_orientation": "Выключатели",
        "product_field_of_inscription": "дуропласт",
        "product_height": "глянцевый",
        "product_width": "да",
        "product_without_baffle": "в сборе с механизмом",
        "product_hinged_lid": "нет",
        "product_degree_of_protection": "220-250В",
        "product_number_of_posts": "нет",
        "product_other_1": "Jung A 500 Алюминий клавиша 2-я с подсветкой A595KO5AL        \n\n\nартикул: A595KO5AL",
        "product_other_2": "Jung Выключатель 10AX 250V сдвоенный с двумя лампочками 505U5        \n\n\nартикул: 505U5",
        "product_img": "https://jung-pro.ru//assets/images/products/784/e85e4c0e2b749c901211a69172399758.jpg"
    },
    "A1520AL": {
        "product_title": "Розетка с заземляющими контактами 16 А / 250 В~ A1520AL",
        "product_brand": "Jung",
        "product_series": "A 500, A creation, A plus, A Flow, A 550",
        "product_article": "A1520AL",
        "product_material": "алюминий",
        "product_color": "Розетки электрические",
        "product_type": "одинарная",
        "product_kind_material": "Jung",
        "product_type_surface": "A 500, A creation, A plus, A Flow, A 550",
        "product_halogen_free": "A1520AL",
        "product_mounting_orientation": "алюминий",
        "product_field_of_inscription": "Розетки электрические",
        "product_height": "дуропласт",
        "product_width": "глянцевый",
        "product_without_baffle": "да",
        "product_hinged_lid": "в сборе с механизмом",
        "product_degree_of_protection": "нет",
        "product_number_of_posts": "220-250В",
        "product_img": "https://jung-pro.ru//assets/images/products/1269/3b39f2e8b712b00ed82889b42c85198d.jpg"
    },
    "A1520KIAL": {
        "product_title": "Розетка с заземляющими контактами 16 А / 250 В~ с защитой от детей A1520KIAL",
        "product_brand": "Jung",
        "product_series": "A 500, A creation, A plus, A Flow, A 550",
        "product_article": "A1520KIAL",
        "product_material": "алюминий",
        "product_color": "Розетки электрические",
        "product_type": "одинарная",
        "product_kind_material": "Jung",
        "product_type_surface": "A 500, A creation, A plus, A Flow, A 550",
        "product_halogen_free": "A1520KIAL",
        "product_mounting_orientation": "алюминий",
        "product_field_of_inscription": "Розетки электрические",
        "product_height": "дуропласт",
        "product_width": "глянцевый",
        "product_without_baffle": "да",
        "product_hinged_lid": "в сборе с механизмом",
        "product_degree_of_protection": "нет",
        "product_number_of_posts": "220-250В",
        "product_img": "https://jung-pro.ru//assets/images/products/1272/b5506ecc335f76ac9cec7b7f177817f0.jpg"
    },
    "A1520BFKLAL": {
        "product_title": "Розетка с заземляющими контактами 16 А / 250 В~, с откидной крышкой A1520BFKLAL",
        "product_brand": "JUNG",
        "product_series": "A 500, A creation, A plus, A Flow, A 550",
        "product_article": "A1520BFKLAL",
        "product_material": "алюминий",
        "product_color": "Розетки электрические",
        "product_type": "одинарная",
        "product_kind_material": "JUNG",
        "product_type_surface": "A 500, A creation, A plus, A Flow, A 550",
        "product_halogen_free": "A1520BFKLAL",
        "product_mounting_orientation": "алюминий",
        "product_field_of_inscription": "Розетки электрические",
        "product_height": "дуропласт",
        "product_width": "глянцевый",
        "product_without_baffle": "да",
        "product_hinged_lid": "в сборе с механизмом",
        "product_degree_of_protection": "нет",
        "product_number_of_posts": "220-250В",
        "product_img": "https://jung-pro.ru//assets/images/products/70/a520klal.jpg"
    },
    "551WU + A1520BFKLAL": {
        "product_title": "Розетка с заземляющими контактами 16 А / 250 В~, с откидной крышкой и уплотнительной мембраной IP44 551WU + A1520BFKLAL",
        "product_brand": "Jung",
        "product_series": "A 500, A creation, A plus, A Flow, A 550",
        "product_article": "551WU + A1520BFKLAL",
        "product_material": "алюминий",
        "product_color": "Розетки электрические",
        "product_type": "одинарная",
        "product_kind_material": "Jung",
        "product_type_surface": "A 500, A creation, A plus, A Flow, A 550",
        "product_halogen_free": "551WU + A1520BFKLAL",
        "product_mounting_orientation": "алюминий",
        "product_field_of_inscription": "Розетки электрические",
        "product_height": "дуропласт",
        "product_width": "глянцевый",
        "product_without_baffle": "да",
        "product_hinged_lid": "в сборе с механизмом",
        "product_degree_of_protection": "нет",
        "product_number_of_posts": "220-250В",
        "product_other_1": "Уплотнительная мембрана для влагозащиты 551WU        \n\n\nартикул: 551WU",
        "product_other_2": "Розетка с заземляющими контактами 16 А / 250 В~, с откидной крышкой A1520BFKLAL        \n\n\nартикул: A1520BFKLAL                            материал: пластик                            цвет: алюминий",
        "product_img": "https://jung-pro.ru//assets/images/products/1273/5ea366378e38cf7d7b2a120916a7ad0c.jpg"
    },
    "A1520-18AAL": {
        "product_title": "Розетка с заземлением + USB тип A, Jung 16А/250В алюминий A1520-18AAL",
        "product_brand": "JUNG",
        "product_series": "A 500, A creation, A plus, ECO Profi, Eco Profi Deco, A Flow, A 550, ECO Profi Standart",
        "product_article": "A1520-18AAL",
        "product_material": "алюминий",
        "product_color": "Розетки электрические",
        "product_type": "двойная",
        "product_kind_material": "JUNG",
        "product_type_surface": "A 500, A creation, A plus, ECO Profi, Eco Profi Deco, A Flow, A 550, ECO Profi Standart",
        "product_halogen_free": "A1520-18AAL",
        "product_mounting_orientation": "алюминий",
        "product_field_of_inscription": "Розетки электрические",
        "product_height": "дуропласт",
        "product_width": "матовый",
        "product_without_baffle": "да",
        "product_hinged_lid": "лапками и винтами",
        "product_degree_of_protection": "220-250В",
        "product_number_of_posts": "нет",
        "product_img": "https://jung-pro.ru//assets/images/products/3349/jung-a1520-18aal.png"
    },
    "A1520-18CAL": {
        "product_title": "Розетка с заземлением + USB тип C, Jung 16А/250В алюминий A1520-18CAL",
        "product_brand": "JUNG",
        "product_series": "A 500, A creation, A plus, ECO Profi, Eco Profi Deco, A Flow, A 550, ECO Profi Standart",
        "product_article": "A1520-18CAL",
        "product_material": "алюминий",
        "product_color": "Розетки электрические",
        "product_type": "двойная",
        "product_kind_material": "JUNG",
        "product_type_surface": "A 500, A creation, A plus, ECO Profi, Eco Profi Deco, A Flow, A 550, ECO Profi Standart",
        "product_halogen_free": "A1520-18CAL",
        "product_mounting_orientation": "алюминий",
        "product_field_of_inscription": "Розетки электрические",
        "product_height": "дуропласт",
        "product_width": "матовый",
        "product_without_baffle": "да",
        "product_hinged_lid": "лапками и винтами",
        "product_degree_of_protection": "220-250В",
        "product_number_of_posts": "нет",
        "product_img": "https://jung-pro.ru//assets/images/products/3356/jung-a1520-18cal.png"
    },
    "A1520-15CAAL": {
        "product_title": "Розетка с заземлением + USB тип A+C, Jung 16А/250В алюминий A1520-15CAAL",
        "product_brand": "JUNG",
        "product_series": "A 500, A creation, A plus, ECO Profi, Eco Profi Deco, A Flow, A 550, ECO Profi Standart",
        "product_article": "A1520-15CAAL",
        "product_material": "алюминий",
        "product_color": "Розетки электрические",
        "product_type": "тройная",
        "product_kind_material": "JUNG",
        "product_type_surface": "A 500, A creation, A plus, ECO Profi, Eco Profi Deco, A Flow, A 550, ECO Profi Standart",
        "product_halogen_free": "A1520-15CAAL",
        "product_mounting_orientation": "алюминий",
        "product_field_of_inscription": "Розетки электрические",
        "product_height": "дуропласт",
        "product_width": "матовый",
        "product_without_baffle": "да",
        "product_hinged_lid": "лапками и винтами",
        "product_degree_of_protection": "220-250В",
        "product_number_of_posts": "нет",
        "product_img": "https://jung-pro.ru//assets/images/products/3363/jung-a1520-15caal.png"
    },
    "A569PLTAL + USB15CAWW": {
        "product_title": "Розетка USB двойная для зарядки тип А+С, 2x700мA, винтовой зажим, алюминий A569PLTAL + USB15CAWW",
        "product_brand": "JUNG",
        "product_series": "A 500, A creation, A plus, ECO Profi, Eco Profi Deco, A Flow, A 550, ECO Profi Standart",
        "product_article": "A569PLTAL + USB15CAWW",
        "product_material": "алюминий",
        "product_color": "Розетки USB",
        "product_type": "двойная",
        "product_kind_material": "JUNG",
        "product_type_surface": "A 500, A creation, A plus, ECO Profi, Eco Profi Deco, A Flow, A 550, ECO Profi Standart",
        "product_halogen_free": "A569PLTAL + USB15CAWW",
        "product_mounting_orientation": "алюминий",
        "product_field_of_inscription": "Розетки USB",
        "product_height": "дуропласт",
        "product_width": "глянцевый",
        "product_without_baffle": "да",
        "product_hinged_lid": "в сборе с механизмом",
        "product_degree_of_protection": "220-250В",
        "product_number_of_posts": "нет",
        "product_other_1": "Jung A 500 Алюминий накладка розетки TAE, моно-/стерео аудио розетки A569PLTAL        \n\n\nартикул: A569PLTAL",
        "product_other_2": "Jung механизм USB-розетки тип А+С, 2 гнезда, до 1,4 А/ч USB15CAWW        \n\n\nартикул: USB15CAWW",
        "product_img": "https://jung-pro.ru//assets/images/products/3022/a569pltal.jpg"
    },
    "S2900 + A561PLTVAL": {
        "product_title": "Розетка TV FM оконечная, диапазон частот от 4 до 2400 MГц S2900 + A561PLTVAL",
        "product_brand": "Jung",
        "product_series": "A 500, A creation, A plus, A Flow, A 550",
        "product_article": "S2900 + A561PLTVAL",
        "product_material": "алюминий",
        "product_color": "Розетки TV",
        "product_type": "Jung",
        "product_kind_material": "A 500, A creation, A plus, A Flow, A 550",
        "product_type_surface": "S2900 + A561PLTVAL",
        "product_halogen_free": "алюминий",
        "product_mounting_orientation": "Розетки TV",
        "product_field_of_inscription": "дуропласт",
        "product_height": "глянцевый",
        "product_width": "да",
        "product_without_baffle": "в сборе с механизмом",
        "product_hinged_lid": "220-250В",
        "product_degree_of_protection": "нет",
        "product_number_of_posts": "механизм с накладкой",
        "product_other_1": "Jung A 500 Алюминий накладка TV-FM розетки A561PLTVAL        \n\n\nартикул: A561PLTVAL",
        "product_other_2": "TV-FM оконечная розетка S2900        \n\n\nартикул: S2900",
        "product_img": "https://jung-pro.ru//assets/images/products/1082/67dba32d935d5908bf9ed5c3d09d7154.jpg"
    },
    "A561PLTVAL + S2900-10": {
        "product_title": "Розетка TV FM проходная, диапазон частот от 4 до 2400 MГц A561PLTVAL + S2900-10",
        "product_brand": "Jung",
        "product_series": "A 500, A creation, A plus, A Flow, A 550",
        "product_article": "A561PLTVAL + S2900-10",
        "product_material": "алюминий",
        "product_color": "Розетки TV",
        "product_type": "Jung",
        "product_kind_material": "A 500, A creation, A plus, A Flow, A 550",
        "product_type_surface": "A561PLTVAL + S2900-10",
        "product_halogen_free": "алюминий",
        "product_mounting_orientation": "Розетки TV",
        "product_field_of_inscription": "дуропласт",
        "product_height": "глянцевый",
        "product_width": "да",
        "product_without_baffle": "в сборе с механизмом",
        "product_hinged_lid": "220-250В",
        "product_degree_of_protection": "нет",
        "product_number_of_posts": "механизм с накладкой",
        "product_other_1": "Jung A 500 Алюминий накладка TV-FM розетки A561PLTVAL        \n\n\nартикул: A561PLTVAL",
        "product_other_2": "TV-FM оконечная розетка, проходная S2900-10        \n\n\nартикул: S2900-10",
        "product_img": "https://jung-pro.ru//assets/images/products/1081/22fcfac924b63b3f77c0eb55154bb0bc.jpg"
    },
    "S4100 + A561PLSATAL": {
        "product_title": "Розетка TV SAT FM оконечная, диапазон частот от 4 до 2400 MГц S4100 + A561PLSATAL",
        "product_brand": "Jung",
        "product_series": "A 500, A creation, A plus, A Flow, A 550",
        "product_article": "S4100 + A561PLSATAL",
        "product_material": "алюминий",
        "product_color": "Розетки TV",
        "product_type": "Jung",
        "product_kind_material": "A 500, A creation, A plus, A Flow, A 550",
        "product_type_surface": "S4100 + A561PLSATAL",
        "product_halogen_free": "алюминий",
        "product_mounting_orientation": "Розетки TV",
        "product_field_of_inscription": "дуропласт",
        "product_height": "глянцевый",
        "product_width": "да",
        "product_without_baffle": "в сборе с механизмом",
        "product_hinged_lid": "220-250В",
        "product_degree_of_protection": "нет",
        "product_number_of_posts": "механизм с накладкой",
        "product_other_1": "Jung A 500 Алюминий накладка TV-SAT-FM розетки A561PLSATAL        \n\n\nартикул: A561PLSATAL",
        "product_other_2": "Розетка универсальная для систем приема спутникового, эфирного и кабельного вещания, оконечная S4100        \n\n\nартикул: S4100",
        "product_img": "https://jung-pro.ru//assets/images/products/1083/22c1282d17bcf873f497bf1871389b3b.jpg"
    },
    "S4110 + A561PLSATAL": {
        "product_title": "Розетка TV SAT FM проходная, диапазон частот от 4 до 2400 MГц S4110 + A561PLSATAL",
        "product_brand": "JUNG",
        "product_series": "A 500, A creation, A plus, A Flow, A 550",
        "product_article": "S4110 + A561PLSATAL",
        "product_material": "алюминий",
        "product_color": "Розетки TV",
        "product_type": "JUNG",
        "product_kind_material": "A 500, A creation, A plus, A Flow, A 550",
        "product_type_surface": "S4110 + A561PLSATAL",
        "product_halogen_free": "алюминий",
        "product_mounting_orientation": "Розетки TV",
        "product_field_of_inscription": "дуропласт",
        "product_height": "глянцевый",
        "product_width": "да",
        "product_without_baffle": "в сборе с механизмом",
        "product_hinged_lid": "220-250В",
        "product_degree_of_protection": "нет",
        "product_number_of_posts": "механизм с накладкой",
        "product_other_1": "Jung A 500 Алюминий накладка TV-SAT-FM розетки A561PLSATAL        \n\n\nартикул: A561PLSATAL",
        "product_other_2": "Jung Мех Розетка TV-FM-SAT проходная S4110        \n\n\nартикул: S4110",
        "product_img": "https://jung-pro.ru//assets/images/products/1988/a561plsatal.jpg"
    },
    "EPUAE8UPO + A569-1PLUAAL": {
        "product_title": "Розетка телефонная одинарная RJ11 EPUAE8UPO + A569-1PLUAAL",
        "product_brand": "Jung",
        "product_series": "A 500, A creation, A plus, A Flow, A 550",
        "product_article": "EPUAE8UPO + A569-1PLUAAL",
        "product_material": "алюминий",
        "product_color": "Розетки телеф/комп",
        "product_type": "одинарная",
        "product_kind_material": "Jung",
        "product_type_surface": "A 500, A creation, A plus, A Flow, A 550",
        "product_halogen_free": "EPUAE8UPO + A569-1PLUAAL",
        "product_mounting_orientation": "алюминий",
        "product_field_of_inscription": "Розетки телеф/комп",
        "product_height": "дуропласт",
        "product_width": "глянцевый",
        "product_without_baffle": "да",
        "product_hinged_lid": "в сборе с механизмом",
        "product_degree_of_protection": "220-250В",
        "product_number_of_posts": "нет",
        "product_other_1": "Jung A 500 Алюминий накладка 1-ой наклонной ТЛФ/комп розетки A569-1PLUAAL        \n\n\nартикул: A569-1PLUAAL",
        "product_other_2": "Jung Телефонная UAE розетка, 8-ми полюсная; один терминал EPUAE8UPO        \n\n\nартикул: EPUAE8UPO",
        "product_img": "https://jung-pro.ru//assets/images/products/1206/25ea9f4ad9e002a0267e09eb2e7958fc.jpg"
    },
    "EPUAE8-8UPO + A569-2BFPLUAAL": {
        "product_title": "Розетка телефонная двойная RJ11 EPUAE8-8UPO + A569-2BFPLUAAL",
        "product_brand": "Jung",
        "product_series": "A 500, A creation, A plus, A Flow, A 550",
        "product_article": "EPUAE8-8UPO + A569-2BFPLUAAL",
        "product_material": "алюминий",
        "product_color": "Розетки телеф/комп",
        "product_type": "двойная",
        "product_kind_material": "Jung",
        "product_type_surface": "A 500, A creation, A plus, A Flow, A 550",
        "product_halogen_free": "EPUAE8-8UPO + A569-2BFPLUAAL",
        "product_mounting_orientation": "алюминий",
        "product_field_of_inscription": "Розетки телеф/комп",
        "product_height": "дуропласт",
        "product_width": "глянцевый",
        "product_without_baffle": "да",
        "product_hinged_lid": "в сборе с механизмом",
        "product_degree_of_protection": "220-250В",
        "product_number_of_posts": "нет",
        "product_other_1": "Jung AS 500 Алюминий ударопрочный накладка 2-ой наклонной ТЛФ/комп розетки A569-2BFPLUAAL        \n\n\nартикул: A569-2BFPLUAAL",
        "product_other_2": "Jung телефонная UAE розетка, 8-ми полюсная; два терминала EPUAE8-8UPO        \n\n\nартикул: EPUAE8-8UPO",
        "product_img": "https://jung-pro.ru//assets/images/products/1202/81ac41aa8c9096a919b8529539a31967.jpg"
    },
    "EPUAE8UPOK6 + A569-1PLUAAL": {
        "product_title": "Розетка компьютерная одинарная RJ45 6-й кат. EPUAE8UPOK6 + A569-1PLUAAL",
        "product_brand": "Jung",
        "product_series": "A 500, A creation, A plus, A Flow, A 550",
        "product_article": "EPUAE8UPOK6 + A569-1PLUAAL",
        "product_material": "алюминий",
        "product_color": "Розетки телеф/комп",
        "product_type": "одинарная",
        "product_kind_material": "Jung",
        "product_type_surface": "A 500, A creation, A plus, A Flow, A 550",
        "product_halogen_free": "EPUAE8UPOK6 + A569-1PLUAAL",
        "product_mounting_orientation": "алюминий",
        "product_field_of_inscription": "Розетки телеф/комп",
        "product_height": "дуропласт",
        "product_width": "глянцевый",
        "product_without_baffle": "да",
        "product_hinged_lid": "в сборе с механизмом",
        "product_degree_of_protection": "220-250В",
        "product_number_of_posts": "нет",
        "product_other_1": "Jung A 500 Алюминий накладка 1-ой наклонной ТЛФ/комп розетки A569-1PLUAAL        \n\n\nартикул: A569-1PLUAAL",
        "product_other_2": "Компьютерная UAE розетка 6-й категории, 8-ми полюсная, экранированная, один терминал EPUAE8UPOK6        \n\n\nартикул: EPUAE8UPOK6",
        "product_img": "https://jung-pro.ru//assets/images/products/1203/74bb8ea79f9143bae52360f0e03e9a51.jpg"
    },
    "EPUAE8-8UPOK6 + A569-2BFPLUAAL": {
        "product_title": "Розетка компьютерная двойная RJ45 6-й кат. EPUAE8-8UPOK6 + A569-2BFPLUAAL",
        "product_brand": "Jung",
        "product_series": "A 500, A creation, A plus, A Flow, A 550",
        "product_article": "EPUAE8-8UPOK6 + A569-2BFPLUAAL",
        "product_material": "алюминий",
        "product_color": "Розетки телеф/комп",
        "product_type": "двойная",
        "product_kind_material": "Jung",
        "product_type_surface": "A 500, A creation, A plus, A Flow, A 550",
        "product_halogen_free": "EPUAE8-8UPOK6 + A569-2BFPLUAAL",
        "product_mounting_orientation": "алюминий",
        "product_field_of_inscription": "Розетки телеф/комп",
        "product_height": "дуропласт",
        "product_width": "глянцевый",
        "product_without_baffle": "да",
        "product_hinged_lid": "в сборе с механизмом",
        "product_degree_of_protection": "220-250В",
        "product_number_of_posts": "нет",
        "product_other_1": "Jung AS 500 Алюминий ударопрочный накладка 2-ой наклонной ТЛФ/комп розетки A569-2BFPLUAAL        \n\n\nартикул: A569-2BFPLUAAL",
        "product_other_2": "Jung Компьютерная UAE розетка 6-й категории, 8-ми полюсная, экранированная; два терминала EPUAE8-8UPOK6        \n\n\nартикул: EPUAE8-8UPOK6",
        "product_img": "https://jung-pro.ru//assets/images/products/1199/38596e6654e43804cbd3fe789d2dfcba.jpg"
    },
    "SLA2WW + A569PLTAL": {
        "product_title": "Розетка для стерео-громкоговорителя SLA2WW + A569PLTAL",
        "product_brand": "Jung",
        "product_series": "A 500, A creation, A plus, ECO Profi, Eco Profi Deco, A Flow, A 550, ECO Profi Standart",
        "product_article": "SLA2WW + A569PLTAL",
        "product_material": "алюминий",
        "product_color": "Розетки акустические",
        "product_type": "двойная",
        "product_kind_material": "Jung",
        "product_type_surface": "A 500, A creation, A plus, ECO Profi, Eco Profi Deco, A Flow, A 550, ECO Profi Standart",
        "product_halogen_free": "SLA2WW + A569PLTAL",
        "product_mounting_orientation": "алюминий",
        "product_field_of_inscription": "Розетки акустические",
        "product_height": "дуропласт",
        "product_width": "глянцевый",
        "product_without_baffle": "да",
        "product_hinged_lid": "в сборе с механизмом",
        "product_degree_of_protection": "220-250В",
        "product_number_of_posts": "нет",
        "product_other_1": "Jung A 500 Алюминий накладка розетки TAE, моно-/стерео аудио розетки A569PLTAL        \n\n\nартикул: A569PLTAL",
        "product_other_2": "Jung Мех Аудиорозетка (стерео) белый SLA2WW        \n\n\nартикул: SLA2WW",
        "product_img": "https://jung-pro.ru//assets/images/products/1518/a569pltal.jpeg"
    },
    "539VU + A595PAL": {
        "product_title": "Выключатель управления жалюзи кнопочный, 10 А / 250 В~ 539VU + A595PAL",
        "product_brand": "Jung",
        "product_series": "A 500, A creation, A plus, ECO Profi, Eco Profi Deco, A Flow, A 550, ECO Profi Standart",
        "product_article": "539VU + A595PAL",
        "product_material": "алюминий",
        "product_color": "Управление жалюзи",
        "product_type": "Jung",
        "product_kind_material": "A 500, A creation, A plus, ECO Profi, Eco Profi Deco, A Flow, A 550, ECO Profi Standart",
        "product_type_surface": "539VU + A595PAL",
        "product_halogen_free": "алюминий",
        "product_mounting_orientation": "Управление жалюзи",
        "product_field_of_inscription": "дуропласт",
        "product_height": "глянцевый",
        "product_width": "да",
        "product_without_baffle": "в сборе с механизмом",
        "product_hinged_lid": "220-250В",
        "product_degree_of_protection": "нет",
        "product_number_of_posts": "кнопочный",
        "product_other_1": "Jung A 500 Алюминий клавиша 2-я жалюзийная A595PAL        \n\n\nартикул: A595PAL",
        "product_other_2": "Jung Мех Выключатель жалюзийный кнопочный с мех блокировкой одновременного нажатия 539VU        \n\n\nартикул: 539VU",
        "product_img": "https://jung-pro.ru//assets/images/products/1459/3663b1a94cc77e39d03f4dd163fc51f2.jpg"
    },
    "509VU + a595pal": {
        "product_title": "Выключатель управления жалюзи клавишный, 10 А / 250 В~ 509VU + a595pal",
        "product_brand": "Jung",
        "product_series": "A 500, A creation, A plus, ECO Profi, Eco Profi Deco, A Flow, A 550, ECO Profi Standart",
        "product_article": "509VU + a595pal",
        "product_material": "алюминий",
        "product_color": "Управление жалюзи",
        "product_type": "Jung",
        "product_kind_material": "A 500, A creation, A plus, ECO Profi, Eco Profi Deco, A Flow, A 550, ECO Profi Standart",
        "product_type_surface": "509VU + a595pal",
        "product_halogen_free": "алюминий",
        "product_mounting_orientation": "Управление жалюзи",
        "product_field_of_inscription": "дуропласт",
        "product_height": "глянцевый",
        "product_width": "да",
        "product_without_baffle": "в сборе с механизмом",
        "product_hinged_lid": "220-250В",
        "product_degree_of_protection": "нет",
        "product_number_of_posts": "клавишный",
        "product_other_1": "Jung A 500 Алюминий клавиша 2-я жалюзийная A595PAL        \n\n\nартикул: A595PAL",
        "product_other_2": "Jung Выключатель для управления жалюзи с блокировкой одновременного нажатия 509VU        \n\n\nартикул: 509VU",
        "product_img": "https://jung-pro.ru//assets/images/products/1460/1e008494662940b73ce33c7cf6de0865.jpg"
    },
    "1730DD + A1540AL": {
        "product_title": "Светорегулятор поворотно-нажимной LED 3-60Вт., 20-210Вт ламп накал. и галог., алюминий 1730DD + A1540AL",
        "product_brand": "Jung",
        "product_series": "A 500, A creation, A plus, A Flow, A 550",
        "product_article": "1730DD + A1540AL",
        "product_material": "алюминий",
        "product_color": "Светорегуляторы",
        "product_type": "Jung",
        "product_kind_material": "A 500, A creation, A plus, A Flow, A 550",
        "product_type_surface": "1730DD + A1540AL",
        "product_halogen_free": "алюминий",
        "product_mounting_orientation": "Светорегуляторы",
        "product_field_of_inscription": "дуропласт",
        "product_height": "глянцевый",
        "product_width": "да",
        "product_without_baffle": "в сборе с механизмом",
        "product_hinged_lid": "да",
        "product_degree_of_protection": "220-250В",
        "product_number_of_posts": "нет",
        "product_other_1": "Jung A 500 Алюминий накладка светорегулятора поворотного A1540AL        \n\n\nартикул: A1540AL",
        "product_other_2": "Механизм светорегулятора Jung поворотно-нажимного для LED 3-60Вт., 20-210Вт ламп накал. и галог. 1730DD        \n\n\nартикул: 1730DD",
        "product_img": "https://jung-pro.ru//assets/images/products/3177/a1540al.jpg"
    },
    "1731DD + A1540AL": {
        "product_title": "Светорегулятор универсальный поворотно-нажимной LED 3-100Вт., 20-420Вт ламп накал. и галог., алюминий 1731DD + A1540AL",
        "product_brand": "Jung",
        "product_series": "A 500, A creation, A plus, A Flow, A 550",
        "product_article": "1731DD + A1540AL",
        "product_material": "алюминий",
        "product_color": "Светорегуляторы",
        "product_type": "Jung",
        "product_kind_material": "A 500, A creation, A plus, A Flow, A 550",
        "product_type_surface": "1731DD + A1540AL",
        "product_halogen_free": "алюминий",
        "product_mounting_orientation": "Светорегуляторы",
        "product_field_of_inscription": "дуропласт",
        "product_height": "глянцевый",
        "product_width": "да",
        "product_without_baffle": "в сборе с механизмом",
        "product_hinged_lid": "да",
        "product_degree_of_protection": "220-250В",
        "product_number_of_posts": "нет",
        "product_other_1": "Jung A 500 Алюминий накладка светорегулятора поворотного A1540AL        \n\n\nартикул: A1540AL",
        "product_other_2": "JUNG Роторный диммер универсальный LED 3-210 вт, 20-420Вт ламп накал. и галог., 1731DD        \n\n\nартикул: 1731DD",
        "product_img": "https://jung-pro.ru//assets/images/products/3404/a1540al.png"
    },
    "A1540AL + 211GDE": {
        "product_title": "Светорегулятор поворотный 100-1000 Вт. для ламп накаливания и галог.220В A1540AL + 211GDE",
        "product_brand": "Jung",
        "product_series": "A 500, A creation, A plus, A Flow, A 550",
        "product_article": "A1540AL + 211GDE",
        "product_material": "алюминий",
        "product_color": "Светорегуляторы",
        "product_type": "Jung",
        "product_kind_material": "A 500, A creation, A plus, A Flow, A 550",
        "product_type_surface": "A1540AL + 211GDE",
        "product_halogen_free": "алюминий",
        "product_mounting_orientation": "Светорегуляторы",
        "product_field_of_inscription": "дуропласт",
        "product_height": "глянцевый",
        "product_width": "да",
        "product_without_baffle": "в сборе с механизмом",
        "product_hinged_lid": "220-250В",
        "product_degree_of_protection": "нет",
        "product_number_of_posts": "механизм с накладкой",
        "product_other_1": "Jung A 500 Алюминий накладка светорегулятора поворотного A1540AL        \n\n\nартикул: A1540AL",
        "product_other_2": "Jung механизм светорегуляторп поворотно-нажимного 100-1000 Вт для л/н 211GDE        \n\n\nартикул: 211GDE",
        "product_img": "https://jung-pro.ru//assets/images/products/1363/fc40642c73eef8fb1af68cf26b1a4753.jpg"
    },
    "FTR231U + AFTR231PLAL": {
        "product_title": "Регулятор теплого пола Jung 230В/10А с выносным датчиком FTR231U + AFTR231PLAL",
        "product_brand": "Jung",
        "product_series": "A 500, A creation, A plus, ECO Profi, Eco Profi Deco, A Flow, A 550, ECO Profi Standart",
        "product_article": "FTR231U + AFTR231PLAL",
        "product_material": "алюминий",
        "product_color": "Терморегуляторы теплого пола",
        "product_type": "Jung",
        "product_kind_material": "A 500, A creation, A plus, ECO Profi, Eco Profi Deco, A Flow, A 550, ECO Profi Standart",
        "product_type_surface": "FTR231U + AFTR231PLAL",
        "product_halogen_free": "алюминий",
        "product_mounting_orientation": "Терморегуляторы теплого пола",
        "product_field_of_inscription": "нет",
        "product_height": "дуропласт",
        "product_width": "глянцевый",
        "product_without_baffle": "да",
        "product_hinged_lid": "в сборе с механизмом",
        "product_degree_of_protection": "220-250В",
        "product_number_of_posts": "нет",
        "product_other_1": "Jung A 500 Алюминий накладка регулятора теплого пола AFTR231PLAL        \n\n\nартикул: AFTR231PLAL",
        "product_other_2": "Механизм терморегулятора пола JUNG с датчиком пола 4 м        \n\n\nартикул: FTR231U",
        "product_img": "https://jung-pro.ru//assets/images/products/1431/937d3b9239dfaf8091833d4de166c30e.jpg"
    },
    "1201URE + A1180AL": {
        "product_title": "Автоматический выключатель 230 В~ , 40-400Вт, трехпроводное подключение, высота монтажа 1,1м 1201URE + A1180AL",
        "product_brand": "Jung",
        "product_series": "A 500, A creation, A plus, ECO Profi, Eco Profi Deco, A Flow, A 550, ECO Profi Standart",
        "product_article": "1201URE + A1180AL",
        "product_material": "алюминий",
        "product_color": "Выключатели автоматические",
        "product_type": "Jung",
        "product_kind_material": "A 500, A creation, A plus, ECO Profi, Eco Profi Deco, A Flow, A 550, ECO Profi Standart",
        "product_type_surface": "1201URE + A1180AL",
        "product_halogen_free": "алюминий",
        "product_mounting_orientation": "Выключатели автоматические",
        "product_field_of_inscription": "дуропласт",
        "product_height": "глянцевый",
        "product_width": "да",
        "product_without_baffle": "в сборе с механизмом",
        "product_hinged_lid": "220-250В",
        "product_degree_of_protection": "нет",
        "product_number_of_posts": "механизм с накладкой",
        "product_other_1": "Jung A 500 Алюминий накладка датчика движения Стандарт 1,1м A1180AL        \n\n\nартикул: A1180AL",
        "product_other_2": "Jung механизм Электронный выключатель 1-канальный(необходима нейтраль) 1201URE        \n\n\nартикул: 1201URE",
        "product_img": "https://jung-pro.ru//assets/images/products/969/78aeb9bb5c42d1657ab4a0c9cd5f2093.jpg"
    },
    "A590AAL": {
        "product_title": "Вывод кабеля с суппортом A590AAL",
        "product_brand": "JUNG",
        "product_series": "A 500, A creation, A plus, ECO Profi, Eco Profi Deco, A Flow, A 550, ECO Profi Standart",
        "product_article": "A590AAL",
        "product_material": "алюминий",
        "product_color": "Вывод кабеля",
        "product_type": "JUNG",
        "product_kind_material": "A 500, A creation, A plus, ECO Profi, Eco Profi Deco, A Flow, A 550, ECO Profi Standart",
        "product_type_surface": "A590AAL",
        "product_halogen_free": "алюминий",
        "product_mounting_orientation": "Вывод кабеля",
        "product_field_of_inscription": "дуропласт",
        "product_height": "глянцевый",
        "product_width": "да",
        "product_without_baffle": "в сборе с механизмом",
        "product_hinged_lid": "нет",
        "product_degree_of_protection": "механизм с накладкой",
        "product_number_of_posts": "встроенный монтаж",
        "product_img": "https://jung-pro.ru//assets/images/products/1981/jung-a590aal.png"
    },
    "A594-0AL": {
        "product_title": "Заглушка с опорной пластиной A594-0AL",
        "product_brand": "Jung",
        "product_series": "A 500, A creation, A plus, ECO Profi, Eco Profi Deco, A Flow, A 550, ECO Profi Standart",
        "product_article": "A594-0AL",
        "product_material": "алюминий",
        "product_color": "Заглушки",
        "product_type": "Jung",
        "product_kind_material": "A 500, A creation, A plus, ECO Profi, Eco Profi Deco, A Flow, A 550, ECO Profi Standart",
        "product_type_surface": "A594-0AL",
        "product_halogen_free": "алюминий",
        "product_mounting_orientation": "Заглушки",
        "product_field_of_inscription": "дуропласт",
        "product_height": "глянцевый",
        "product_width": "да",
        "product_without_baffle": "в сборе с механизмом",
        "product_hinged_lid": "нет",
        "product_degree_of_protection": "механизм с накладкой",
        "product_number_of_posts": "встроенный монтаж",
        "product_img": "https://jung-pro.ru//assets/images/products/1003/ca32934151a34e6933722a04b1765fb8.jpg"
    }
}