{
    "539VU + A595PAL": {
        "product_title": "Выключатель управления жалюзи кнопочный, 10 А / 250 В~ 539VU + A595PAL",
        "product_brand": "Jung",
        "product_series": "A 500, A creation, A plus, ECO Profi, Eco Profi Deco, A Flow, A 550, ECO Profi Standart",
        "product_article": "539VU + A595PAL",
        "product_material": "алюминий",
        "product_color": "Управление жалюзи",
        "product_type": "Jung",
        "product_kind_material": "A 500, A creation, A plus, ECO Profi, Eco Profi Deco, A Flow, A 550, ECO Profi Standart",
        "product_type_surface": "539VU + A595PAL",
        "product_halogen_free": "алюминий",
        "product_mounting_orientation": "Управление жалюзи",
        "product_field_of_inscription": "дуропласт",
        "product_height": "глянцевый",
        "product_width": "да",
        "product_without_baffle": "в сборе с механизмом",
        "product_hinged_lid": "220-250В",
        "product_degree_of_protection": "нет",
        "product_number_of_posts": "кнопочный",
        "product_other_1": "Jung A 500 Алюминий клавиша 2-я жалюзийная A595PAL        \n\n\nартикул: A595PAL",
        "product_other_2": "Jung Мех Выключатель жалюзийный кнопочный с мех блокировкой одновременного нажатия 539VU        \n\n\nартикул: 539VU",
        "product_img": "https://jung-pro.ru//assets/images/products/1459/3663b1a94cc77e39d03f4dd163fc51f2.jpg"
    }
}