{
    "S4100 + A561PLSATAL": {
        "product_title": "Розетка TV SAT FM оконечная, диапазон частот от 4 до 2400 MГц S4100 + A561PLSATAL",
        "product_brand": "Jung",
        "product_series": "A 500, A creation, A plus, A Flow, A 550",
        "product_article": "S4100 + A561PLSATAL",
        "product_material": "алюминий",
        "product_color": "Розетки TV",
        "product_type": "Jung",
        "product_kind_material": "A 500, A creation, A plus, A Flow, A 550",
        "product_type_surface": "S4100 + A561PLSATAL",
        "product_halogen_free": "алюминий",
        "product_mounting_orientation": "Розетки TV",
        "product_field_of_inscription": "дуропласт",
        "product_height": "глянцевый",
        "product_width": "да",
        "product_without_baffle": "в сборе с механизмом",
        "product_hinged_lid": "220-250В",
        "product_degree_of_protection": "нет",
        "product_number_of_posts": "механизм с накладкой",
        "product_other_1": "Jung A 500 Алюминий накладка TV-SAT-FM розетки A561PLSATAL        \n\n\nартикул: A561PLSATAL",
        "product_other_2": "Розетка универсальная для систем приема спутникового, эфирного и кабельного вещания, оконечная S4100        \n\n\nартикул: S4100",
        "product_img": "https://jung-pro.ru//assets/images/products/1083/22c1282d17bcf873f497bf1871389b3b.jpg"
    }
}