{
    "A590AAL": {
        "product_title": "Вывод кабеля с суппортом A590AAL",
        "product_brand": "JUNG",
        "product_series": "A 500, A creation, A plus, ECO Profi, Eco Profi Deco, A Flow, A 550, ECO Profi Standart",
        "product_article": "A590AAL",
        "product_material": "алюминий",
        "product_color": "Вывод кабеля",
        "product_type": "JUNG",
        "product_kind_material": "A 500, A creation, A plus, ECO Profi, Eco Profi Deco, A Flow, A 550, ECO Profi Standart",
        "product_type_surface": "A590AAL",
        "product_halogen_free": "алюминий",
        "product_mounting_orientation": "Вывод кабеля",
        "product_field_of_inscription": "дуропласт",
        "product_height": "глянцевый",
        "product_width": "да",
        "product_without_baffle": "в сборе с механизмом",
        "product_hinged_lid": "нет",
        "product_degree_of_protection": "механизм с накладкой",
        "product_number_of_posts": "встроенный монтаж",
        "product_img": "https://jung-pro.ru//assets/images/products/1981/jung-a590aal.png"
    }
}