{
    "A582AL": {
        "product_title": "Рамка двойная, для горизон./вертик. монтажа Jung A 500, алюминий A582AL",
        "product_brand": "Jung",
        "product_series": "A 500",
        "product_article": "A582AL",
        "product_material": "алюминий",
        "product_color": "Рамки",
        "product_type": "Jung",
        "product_kind_material": "A 500",
        "product_type_surface": "A582AL",
        "product_halogen_free": "алюминий",
        "product_mounting_orientation": "Рамки",
        "product_field_of_inscription": "дуропласт",
        "product_height": "глянцевый",
        "product_width": "да",
        "product_without_baffle": "горизонтальная,вертикальная",
        "product_hinged_lid": "нет",
        "product_degree_of_protection": "81",
        "product_number_of_posts": "152",
        "product_img": "https://jung-pro.ru//assets/images/products/456/3a60ee30f8444f8f576d304477081862.jpg"
    }
}