{
    "FTR231U + AFTR231PLAL": {
        "product_title": "Регулятор теплого пола Jung 230В/10А с выносным датчиком FTR231U + AFTR231PLAL",
        "product_brand": "Jung",
        "product_series": "A 500, A creation, A plus, ECO Profi, Eco Profi Deco, A Flow, A 550, ECO Profi Standart",
        "product_article": "FTR231U + AFTR231PLAL",
        "product_material": "алюминий",
        "product_color": "Терморегуляторы теплого пола",
        "product_type": "Jung",
        "product_kind_material": "A 500, A creation, A plus, ECO Profi, Eco Profi Deco, A Flow, A 550, ECO Profi Standart",
        "product_type_surface": "FTR231U + AFTR231PLAL",
        "product_halogen_free": "алюминий",
        "product_mounting_orientation": "Терморегуляторы теплого пола",
        "product_field_of_inscription": "нет",
        "product_height": "дуропласт",
        "product_width": "глянцевый",
        "product_without_baffle": "да",
        "product_hinged_lid": "в сборе с механизмом",
        "product_degree_of_protection": "220-250В",
        "product_number_of_posts": "нет",
        "product_other_1": "Jung A 500 Алюминий накладка регулятора теплого пола AFTR231PLAL        \n\n\nартикул: AFTR231PLAL",
        "product_other_2": "Механизм терморегулятора пола JUNG с датчиком пола 4 м        \n\n\nартикул: FTR231U",
        "product_img": "https://jung-pro.ru//assets/images/products/1431/937d3b9239dfaf8091833d4de166c30e.jpg"
    }
}