{
    "505u5 + A595KO5AL": {
        "product_title": "Выключатель двухклавишный с подсветкой, 10 А / 250 В~ 505u5 + A595KO5AL",
        "product_brand": "Jung",
        "product_series": "A 500, A creation, A plus, A Flow, A 550",
        "product_article": "505u5 + A595KO5AL",
        "product_material": "алюминий",
        "product_color": "Выключатели",
        "product_type": "Jung",
        "product_kind_material": "A 500, A creation, A plus, A Flow, A 550",
        "product_type_surface": "505u5 + A595KO5AL",
        "product_halogen_free": "алюминий",
        "product_mounting_orientation": "Выключатели",
        "product_field_of_inscription": "дуропласт",
        "product_height": "глянцевый",
        "product_width": "да",
        "product_without_baffle": "в сборе с механизмом",
        "product_hinged_lid": "нет",
        "product_degree_of_protection": "220-250В",
        "product_number_of_posts": "нет",
        "product_other_1": "Jung A 500 Алюминий клавиша 2-я с подсветкой A595KO5AL        \n\n\nартикул: A595KO5AL",
        "product_other_2": "Jung Выключатель 10AX 250V сдвоенный с двумя лампочками 505U5        \n\n\nартикул: 505U5",
        "product_img": "https://jung-pro.ru//assets/images/products/784/e85e4c0e2b749c901211a69172399758.jpg"
    }
}