{
    "A1520BFKLAL": {
        "product_title": "Розетка с заземляющими контактами 16 А / 250 В~, с откидной крышкой A1520BFKLAL",
        "product_brand": "JUNG",
        "product_series": "A 500, A creation, A plus, A Flow, A 550",
        "product_article": "A1520BFKLAL",
        "product_material": "алюминий",
        "product_color": "Розетки электрические",
        "product_type": "одинарная",
        "product_kind_material": "JUNG",
        "product_type_surface": "A 500, A creation, A plus, A Flow, A 550",
        "product_halogen_free": "A1520BFKLAL",
        "product_mounting_orientation": "алюминий",
        "product_field_of_inscription": "Розетки электрические",
        "product_height": "дуропласт",
        "product_width": "глянцевый",
        "product_without_baffle": "да",
        "product_hinged_lid": "в сборе с механизмом",
        "product_degree_of_protection": "нет",
        "product_number_of_posts": "220-250В",
        "product_img": "https://jung-pro.ru//assets/images/products/70/a520klal.jpg"
    }
}