{
    "509VU + a595pal": {
        "product_title": "Выключатель управления жалюзи клавишный, 10 А / 250 В~ 509VU + a595pal",
        "product_brand": "Jung",
        "product_series": "A 500, A creation, A plus, ECO Profi, Eco Profi Deco, A Flow, A 550, ECO Profi Standart",
        "product_article": "509VU + a595pal",
        "product_material": "алюминий",
        "product_color": "Управление жалюзи",
        "product_type": "Jung",
        "product_kind_material": "A 500, A creation, A plus, ECO Profi, Eco Profi Deco, A Flow, A 550, ECO Profi Standart",
        "product_type_surface": "509VU + a595pal",
        "product_halogen_free": "алюминий",
        "product_mounting_orientation": "Управление жалюзи",
        "product_field_of_inscription": "дуропласт",
        "product_height": "глянцевый",
        "product_width": "да",
        "product_without_baffle": "в сборе с механизмом",
        "product_hinged_lid": "220-250В",
        "product_degree_of_protection": "нет",
        "product_number_of_posts": "клавишный",
        "product_other_1": "Jung A 500 Алюминий клавиша 2-я жалюзийная A595PAL        \n\n\nартикул: A595PAL",
        "product_other_2": "Jung Выключатель для управления жалюзи с блокировкой одновременного нажатия 509VU        \n\n\nартикул: 509VU",
        "product_img": "https://jung-pro.ru//assets/images/products/1460/1e008494662940b73ce33c7cf6de0865.jpg"
    }
}