{
    "A594-0AL": {
        "product_title": "Заглушка с опорной пластиной A594-0AL",
        "product_brand": "Jung",
        "product_series": "A 500, A creation, A plus, ECO Profi, Eco Profi Deco, A Flow, A 550, ECO Profi Standart",
        "product_article": "A594-0AL",
        "product_material": "алюминий",
        "product_color": "Заглушки",
        "product_type": "Jung",
        "product_kind_material": "A 500, A creation, A plus, ECO Profi, Eco Profi Deco, A Flow, A 550, ECO Profi Standart",
        "product_type_surface": "A594-0AL",
        "product_halogen_free": "алюминий",
        "product_mounting_orientation": "Заглушки",
        "product_field_of_inscription": "дуропласт",
        "product_height": "глянцевый",
        "product_width": "да",
        "product_without_baffle": "в сборе с механизмом",
        "product_hinged_lid": "нет",
        "product_degree_of_protection": "механизм с накладкой",
        "product_number_of_posts": "встроенный монтаж",
        "product_img": "https://jung-pro.ru//assets/images/products/1003/ca32934151a34e6933722a04b1765fb8.jpg"
    }
}