{
    "S2900 + A561PLTVAL": {
        "product_title": "Розетка TV FM оконечная, диапазон частот от 4 до 2400 MГц S2900 + A561PLTVAL",
        "product_brand": "Jung",
        "product_series": "A 500, A creation, A plus, A Flow, A 550",
        "product_article": "S2900 + A561PLTVAL",
        "product_material": "алюминий",
        "product_color": "Розетки TV",
        "product_type": "Jung",
        "product_kind_material": "A 500, A creation, A plus, A Flow, A 550",
        "product_type_surface": "S2900 + A561PLTVAL",
        "product_halogen_free": "алюминий",
        "product_mounting_orientation": "Розетки TV",
        "product_field_of_inscription": "дуропласт",
        "product_height": "глянцевый",
        "product_width": "да",
        "product_without_baffle": "в сборе с механизмом",
        "product_hinged_lid": "220-250В",
        "product_degree_of_protection": "нет",
        "product_number_of_posts": "механизм с накладкой",
        "product_other_1": "Jung A 500 Алюминий накладка TV-FM розетки A561PLTVAL        \n\n\nартикул: A561PLTVAL",
        "product_other_2": "TV-FM оконечная розетка S2900        \n\n\nартикул: S2900",
        "product_img": "https://jung-pro.ru//assets/images/products/1082/67dba32d935d5908bf9ed5c3d09d7154.jpg"
    }
}