{
    "A585AL": {
        "product_title": "Рамка пятерная, для горизон./вертик. монтажа Jung A 500, алюминий A585AL",
        "product_brand": "Jung",
        "product_series": "A 500",
        "product_article": "A585AL",
        "product_material": "алюминий",
        "product_color": "Рамки",
        "product_type": "Jung",
        "product_kind_material": "A 500",
        "product_type_surface": "A585AL",
        "product_halogen_free": "алюминий",
        "product_mounting_orientation": "Рамки",
        "product_field_of_inscription": "дуропласт",
        "product_height": "глянцевый",
        "product_width": "да",
        "product_without_baffle": "горизонтальная,вертикальная",
        "product_hinged_lid": "нет",
        "product_degree_of_protection": "81",
        "product_number_of_posts": "365",
        "product_img": "https://jung-pro.ru//assets/images/products/461/bdadd2627d8149a0b34d3c3b27dc7c0e.jpg"
    }
}